ISO-10303-21;
HEADER;
/* Generated by software containing ST-Developer
 * from STEP Tools, Inc. (www.steptools.com) 
 */

FILE_DESCRIPTION(
/* description */ (''),
/* implementation_level */ '2;1');

FILE_NAME(
/* name */ 'bottom.step',
/* time_stamp */ '2026-06-27T14:53:22-04:00',
/* author */ (''),
/* organization */ (''),
/* preprocessor_version */ 'ST-DEVELOPER v20.1',
/* originating_system */ 'Autodesk Translation Framework v14.24.0.0',
/* authorisation */ '');

FILE_SCHEMA (('AUTOMOTIVE_DESIGN { 1 0 10303 214 3 1 1 }'));
ENDSEC;

DATA;
#10=MECHANICAL_DESIGN_GEOMETRIC_PRESENTATION_REPRESENTATION('',(#13),#3513);
#11=SHAPE_REPRESENTATION_RELATIONSHIP('SRR','None',#3520,#12);
#12=ADVANCED_BREP_SHAPE_REPRESENTATION('',(#14),#3512);
#13=STYLED_ITEM('',(#3529),#14);
#14=MANIFOLD_SOLID_BREP('bottom',#2120);
#15=FACE_BOUND('',#310,.T.);
#16=FACE_BOUND('',#312,.T.);
#17=FACE_BOUND('',#316,.T.);
#18=FACE_BOUND('',#319,.T.);
#19=FACE_BOUND('',#322,.T.);
#20=FACE_BOUND('',#323,.T.);
#21=FACE_BOUND('',#324,.T.);
#22=FACE_BOUND('',#326,.T.);
#23=FACE_BOUND('',#383,.T.);
#24=CIRCLE('',#2153,1.06443010104777);
#25=CIRCLE('',#2154,1.06443010104777);
#26=CIRCLE('',#2158,1.06443010104777);
#27=CIRCLE('',#2159,1.06443010104777);
#28=CIRCLE('',#2160,1.06443010104777);
#29=CIRCLE('',#2161,1.06443010104777);
#30=CIRCLE('',#2162,1.06443010104777);
#31=CIRCLE('',#2163,1.06443010104777);
#32=CIRCLE('',#2164,1.06443010104777);
#33=CIRCLE('',#2165,1.06443010104777);
#34=CIRCLE('',#2166,1.06443010104777);
#35=CIRCLE('',#2167,1.06443010104777);
#36=CIRCLE('',#2168,1.06443010104777);
#37=CIRCLE('',#2169,1.06443010104777);
#38=CIRCLE('',#2171,1.06443010104777);
#39=CIRCLE('',#2175,1.06443010104777);
#40=CIRCLE('',#2176,1.06443010104777);
#41=CIRCLE('',#2177,1.06443010104777);
#42=CIRCLE('',#2178,1.06443010104777);
#43=CIRCLE('',#2179,1.06443010104777);
#44=CIRCLE('',#2180,1.06443010104777);
#45=CIRCLE('',#2181,1.06443010104777);
#46=CIRCLE('',#2182,1.06443010104777);
#47=CIRCLE('',#2183,1.06443010104777);
#48=CIRCLE('',#2184,1.06443010104777);
#49=CIRCLE('',#2185,1.06443010104777);
#50=CIRCLE('',#2208,5.);
#51=CIRCLE('',#2214,5.);
#52=CIRCLE('',#2219,3.);
#53=CIRCLE('',#2220,20.);
#54=CIRCLE('',#2221,3.);
#55=CIRCLE('',#2222,15.0000000000001);
#56=CIRCLE('',#2225,15.0000000000001);
#57=CIRCLE('',#2228,4.);
#58=CIRCLE('',#2229,1.6);
#59=CIRCLE('',#2231,4.);
#60=CIRCLE('',#2233,4.);
#61=CIRCLE('',#2234,1.6);
#62=CIRCLE('',#2236,4.);
#63=CIRCLE('',#2238,18.);
#64=CIRCLE('',#2239,13.0000000000001);
#65=CIRCLE('',#2240,4.);
#66=CIRCLE('',#2242,4.);
#67=CIRCLE('',#2243,1.6);
#68=CIRCLE('',#2246,1.6);
#69=CIRCLE('',#2249,1.6);
#70=CIRCLE('',#2252,1.6);
#71=CIRCLE('',#2256,13.0000000000001);
#72=CIRCLE('',#2270,3.);
#73=CIRCLE('',#2272,3.);
#74=CIRCLE('',#2281,20.);
#75=CIRCLE('',#2304,18.);
#76=PLANE('',#2137);
#77=PLANE('',#2138);
#78=PLANE('',#2139);
#79=PLANE('',#2147);
#80=PLANE('',#2155);
#81=PLANE('',#2156);
#82=PLANE('',#2157);
#83=PLANE('',#2172);
#84=PLANE('',#2173);
#85=PLANE('',#2174);
#86=PLANE('',#2187);
#87=PLANE('',#2188);
#88=PLANE('',#2190);
#89=PLANE('',#2192);
#90=PLANE('',#2193);
#91=PLANE('',#2197);
#92=PLANE('',#2199);
#93=PLANE('',#2201);
#94=PLANE('',#2205);
#95=PLANE('',#2207);
#96=PLANE('',#2211);
#97=PLANE('',#2212);
#98=PLANE('',#2215);
#99=PLANE('',#2216);
#100=PLANE('',#2217);
#101=PLANE('',#2218);
#102=PLANE('',#2223);
#103=PLANE('',#2226);
#104=PLANE('',#2227);
#105=PLANE('',#2232);
#106=PLANE('',#2237);
#107=PLANE('',#2241);
#108=PLANE('',#2245);
#109=PLANE('',#2248);
#110=PLANE('',#2251);
#111=PLANE('',#2254);
#112=PLANE('',#2257);
#113=PLANE('',#2258);
#114=PLANE('',#2259);
#115=PLANE('',#2260);
#116=PLANE('',#2261);
#117=PLANE('',#2262);
#118=PLANE('',#2263);
#119=PLANE('',#2264);
#120=PLANE('',#2265);
#121=PLANE('',#2266);
#122=PLANE('',#2267);
#123=PLANE('',#2268);
#124=PLANE('',#2273);
#125=PLANE('',#2274);
#126=PLANE('',#2275);
#127=PLANE('',#2276);
#128=PLANE('',#2277);
#129=PLANE('',#2278);
#130=PLANE('',#2279);
#131=PLANE('',#2282);
#132=PLANE('',#2283);
#133=PLANE('',#2284);
#134=PLANE('',#2285);
#135=PLANE('',#2286);
#136=PLANE('',#2287);
#137=PLANE('',#2288);
#138=PLANE('',#2289);
#139=PLANE('',#2290);
#140=PLANE('',#2291);
#141=PLANE('',#2292);
#142=PLANE('',#2293);
#143=PLANE('',#2294);
#144=PLANE('',#2295);
#145=PLANE('',#2296);
#146=PLANE('',#2297);
#147=PLANE('',#2298);
#148=PLANE('',#2299);
#149=PLANE('',#2300);
#150=PLANE('',#2301);
#151=PLANE('',#2302);
#152=PLANE('',#2305);
#153=PLANE('',#2306);
#154=PLANE('',#2307);
#155=FACE_OUTER_BOUND('',#265,.T.);
#156=FACE_OUTER_BOUND('',#266,.T.);
#157=FACE_OUTER_BOUND('',#267,.T.);
#158=FACE_OUTER_BOUND('',#268,.T.);
#159=FACE_OUTER_BOUND('',#269,.T.);
#160=FACE_OUTER_BOUND('',#270,.T.);
#161=FACE_OUTER_BOUND('',#271,.T.);
#162=FACE_OUTER_BOUND('',#272,.T.);
#163=FACE_OUTER_BOUND('',#273,.T.);
#164=FACE_OUTER_BOUND('',#274,.T.);
#165=FACE_OUTER_BOUND('',#275,.T.);
#166=FACE_OUTER_BOUND('',#276,.T.);
#167=FACE_OUTER_BOUND('',#277,.T.);
#168=FACE_OUTER_BOUND('',#278,.T.);
#169=FACE_OUTER_BOUND('',#279,.T.);
#170=FACE_OUTER_BOUND('',#280,.T.);
#171=FACE_OUTER_BOUND('',#281,.T.);
#172=FACE_OUTER_BOUND('',#282,.T.);
#173=FACE_OUTER_BOUND('',#283,.T.);
#174=FACE_OUTER_BOUND('',#284,.T.);
#175=FACE_OUTER_BOUND('',#285,.T.);
#176=FACE_OUTER_BOUND('',#286,.T.);
#177=FACE_OUTER_BOUND('',#287,.T.);
#178=FACE_OUTER_BOUND('',#288,.T.);
#179=FACE_OUTER_BOUND('',#289,.T.);
#180=FACE_OUTER_BOUND('',#290,.T.);
#181=FACE_OUTER_BOUND('',#291,.T.);
#182=FACE_OUTER_BOUND('',#292,.T.);
#183=FACE_OUTER_BOUND('',#293,.T.);
#184=FACE_OUTER_BOUND('',#294,.T.);
#185=FACE_OUTER_BOUND('',#295,.T.);
#186=FACE_OUTER_BOUND('',#296,.T.);
#187=FACE_OUTER_BOUND('',#297,.T.);
#188=FACE_OUTER_BOUND('',#298,.T.);
#189=FACE_OUTER_BOUND('',#299,.T.);
#190=FACE_OUTER_BOUND('',#300,.T.);
#191=FACE_OUTER_BOUND('',#301,.T.);
#192=FACE_OUTER_BOUND('',#302,.T.);
#193=FACE_OUTER_BOUND('',#303,.T.);
#194=FACE_OUTER_BOUND('',#304,.T.);
#195=FACE_OUTER_BOUND('',#305,.T.);
#196=FACE_OUTER_BOUND('',#306,.T.);
#197=FACE_OUTER_BOUND('',#307,.T.);
#198=FACE_OUTER_BOUND('',#308,.T.);
#199=FACE_OUTER_BOUND('',#309,.T.);
#200=FACE_OUTER_BOUND('',#311,.T.);
#201=FACE_OUTER_BOUND('',#313,.T.);
#202=FACE_OUTER_BOUND('',#314,.T.);
#203=FACE_OUTER_BOUND('',#315,.T.);
#204=FACE_OUTER_BOUND('',#317,.T.);
#205=FACE_OUTER_BOUND('',#318,.T.);
#206=FACE_OUTER_BOUND('',#320,.T.);
#207=FACE_OUTER_BOUND('',#321,.T.);
#208=FACE_OUTER_BOUND('',#325,.T.);
#209=FACE_OUTER_BOUND('',#327,.T.);
#210=FACE_OUTER_BOUND('',#328,.T.);
#211=FACE_OUTER_BOUND('',#329,.T.);
#212=FACE_OUTER_BOUND('',#330,.T.);
#213=FACE_OUTER_BOUND('',#331,.T.);
#214=FACE_OUTER_BOUND('',#332,.T.);
#215=FACE_OUTER_BOUND('',#333,.T.);
#216=FACE_OUTER_BOUND('',#334,.T.);
#217=FACE_OUTER_BOUND('',#335,.T.);
#218=FACE_OUTER_BOUND('',#336,.T.);
#219=FACE_OUTER_BOUND('',#337,.T.);
#220=FACE_OUTER_BOUND('',#338,.T.);
#221=FACE_OUTER_BOUND('',#339,.T.);
#222=FACE_OUTER_BOUND('',#340,.T.);
#223=FACE_OUTER_BOUND('',#341,.T.);
#224=FACE_OUTER_BOUND('',#342,.T.);
#225=FACE_OUTER_BOUND('',#343,.T.);
#226=FACE_OUTER_BOUND('',#344,.T.);
#227=FACE_OUTER_BOUND('',#345,.T.);
#228=FACE_OUTER_BOUND('',#346,.T.);
#229=FACE_OUTER_BOUND('',#347,.T.);
#230=FACE_OUTER_BOUND('',#348,.T.);
#231=FACE_OUTER_BOUND('',#349,.T.);
#232=FACE_OUTER_BOUND('',#350,.T.);
#233=FACE_OUTER_BOUND('',#351,.T.);
#234=FACE_OUTER_BOUND('',#352,.T.);
#235=FACE_OUTER_BOUND('',#353,.T.);
#236=FACE_OUTER_BOUND('',#354,.T.);
#237=FACE_OUTER_BOUND('',#355,.T.);
#238=FACE_OUTER_BOUND('',#356,.T.);
#239=FACE_OUTER_BOUND('',#357,.T.);
#240=FACE_OUTER_BOUND('',#358,.T.);
#241=FACE_OUTER_BOUND('',#359,.T.);
#242=FACE_OUTER_BOUND('',#360,.T.);
#243=FACE_OUTER_BOUND('',#361,.T.);
#244=FACE_OUTER_BOUND('',#362,.T.);
#245=FACE_OUTER_BOUND('',#363,.T.);
#246=FACE_OUTER_BOUND('',#364,.T.);
#247=FACE_OUTER_BOUND('',#365,.T.);
#248=FACE_OUTER_BOUND('',#366,.T.);
#249=FACE_OUTER_BOUND('',#367,.T.);
#250=FACE_OUTER_BOUND('',#368,.T.);
#251=FACE_OUTER_BOUND('',#369,.T.);
#252=FACE_OUTER_BOUND('',#370,.T.);
#253=FACE_OUTER_BOUND('',#371,.T.);
#254=FACE_OUTER_BOUND('',#372,.T.);
#255=FACE_OUTER_BOUND('',#373,.T.);
#256=FACE_OUTER_BOUND('',#374,.T.);
#257=FACE_OUTER_BOUND('',#375,.T.);
#258=FACE_OUTER_BOUND('',#376,.T.);
#259=FACE_OUTER_BOUND('',#377,.T.);
#260=FACE_OUTER_BOUND('',#378,.T.);
#261=FACE_OUTER_BOUND('',#379,.T.);
#262=FACE_OUTER_BOUND('',#380,.T.);
#263=FACE_OUTER_BOUND('',#381,.T.);
#264=FACE_OUTER_BOUND('',#382,.T.);
#265=EDGE_LOOP('',(#1375,#1376,#1377,#1378));
#266=EDGE_LOOP('',(#1379,#1380,#1381,#1382));
#267=EDGE_LOOP('',(#1383,#1384,#1385,#1386));
#268=EDGE_LOOP('',(#1387,#1388,#1389,#1390,#1391,#1392,#1393,#1394,#1395,
#1396,#1397,#1398,#1399,#1400));
#269=EDGE_LOOP('',(#1401,#1402,#1403,#1404));
#270=EDGE_LOOP('',(#1405,#1406,#1407,#1408,#1409,#1410,#1411,#1412,#1413,
#1414,#1415,#1416,#1417,#1418));
#271=EDGE_LOOP('',(#1419,#1420,#1421,#1422));
#272=EDGE_LOOP('',(#1423,#1424,#1425,#1426));
#273=EDGE_LOOP('',(#1427,#1428,#1429,#1430));
#274=EDGE_LOOP('',(#1431,#1432,#1433,#1434,#1435,#1436,#1437,#1438,#1439,
#1440,#1441,#1442,#1443,#1444,#1445,#1446,#1447,#1448,#1449,#1450,#1451,
#1452,#1453,#1454,#1455,#1456,#1457,#1458,#1459));
#275=EDGE_LOOP('',(#1460,#1461,#1462,#1463));
#276=EDGE_LOOP('',(#1464,#1465,#1466,#1467));
#277=EDGE_LOOP('',(#1468,#1469,#1470,#1471));
#278=EDGE_LOOP('',(#1472,#1473,#1474,#1475,#1476,#1477,#1478,#1479,#1480,
#1481,#1482,#1483,#1484,#1485,#1486,#1487,#1488,#1489,#1490,#1491,#1492,
#1493,#1494,#1495,#1496,#1497,#1498,#1499,#1500));
#279=EDGE_LOOP('',(#1501,#1502,#1503,#1504));
#280=EDGE_LOOP('',(#1505,#1506,#1507,#1508));
#281=EDGE_LOOP('',(#1509,#1510,#1511,#1512));
#282=EDGE_LOOP('',(#1513,#1514,#1515,#1516));
#283=EDGE_LOOP('',(#1517,#1518,#1519,#1520));
#284=EDGE_LOOP('',(#1521,#1522,#1523,#1524));
#285=EDGE_LOOP('',(#1525,#1526,#1527,#1528));
#286=EDGE_LOOP('',(#1529,#1530,#1531,#1532));
#287=EDGE_LOOP('',(#1533,#1534,#1535,#1536));
#288=EDGE_LOOP('',(#1537,#1538,#1539,#1540));
#289=EDGE_LOOP('',(#1541,#1542,#1543,#1544));
#290=EDGE_LOOP('',(#1545,#1546,#1547,#1548));
#291=EDGE_LOOP('',(#1549,#1550,#1551,#1552));
#292=EDGE_LOOP('',(#1553,#1554,#1555,#1556));
#293=EDGE_LOOP('',(#1557,#1558,#1559,#1560));
#294=EDGE_LOOP('',(#1561,#1562,#1563,#1564));
#295=EDGE_LOOP('',(#1565,#1566,#1567,#1568));
#296=EDGE_LOOP('',(#1569,#1570,#1571,#1572));
#297=EDGE_LOOP('',(#1573,#1574,#1575,#1576));
#298=EDGE_LOOP('',(#1577,#1578,#1579,#1580));
#299=EDGE_LOOP('',(#1581,#1582,#1583,#1584));
#300=EDGE_LOOP('',(#1585,#1586,#1587,#1588,#1589,#1590));
#301=EDGE_LOOP('',(#1591,#1592,#1593,#1594));
#302=EDGE_LOOP('',(#1595,#1596,#1597,#1598,#1599,#1600));
#303=EDGE_LOOP('',(#1601,#1602,#1603,#1604));
#304=EDGE_LOOP('',(#1605,#1606,#1607,#1608));
#305=EDGE_LOOP('',(#1609,#1610,#1611,#1612));
#306=EDGE_LOOP('',(#1613,#1614,#1615,#1616));
#307=EDGE_LOOP('',(#1617,#1618,#1619,#1620));
#308=EDGE_LOOP('',(#1621,#1622,#1623,#1624));
#309=EDGE_LOOP('',(#1625,#1626,#1627,#1628,#1629,#1630,#1631,#1632,#1633,
#1634,#1635,#1636,#1637,#1638,#1639,#1640,#1641,#1642,#1643,#1644,#1645,
#1646,#1647,#1648,#1649,#1650,#1651,#1652,#1653,#1654,#1655,#1656,#1657,
#1658,#1659));
#310=EDGE_LOOP('',(#1660,#1661,#1662,#1663,#1664,#1665,#1666,#1667));
#311=EDGE_LOOP('',(#1668,#1669,#1670,#1671));
#312=EDGE_LOOP('',(#1672,#1673,#1674,#1675));
#313=EDGE_LOOP('',(#1676,#1677,#1678,#1679));
#314=EDGE_LOOP('',(#1680,#1681,#1682,#1683));
#315=EDGE_LOOP('',(#1684));
#316=EDGE_LOOP('',(#1685));
#317=EDGE_LOOP('',(#1686,#1687,#1688,#1689));
#318=EDGE_LOOP('',(#1690));
#319=EDGE_LOOP('',(#1691));
#320=EDGE_LOOP('',(#1692,#1693,#1694,#1695));
#321=EDGE_LOOP('',(#1696,#1697,#1698,#1699,#1700,#1701,#1702,#1703,#1704,
#1705));
#322=EDGE_LOOP('',(#1706));
#323=EDGE_LOOP('',(#1707));
#324=EDGE_LOOP('',(#1708));
#325=EDGE_LOOP('',(#1709));
#326=EDGE_LOOP('',(#1710));
#327=EDGE_LOOP('',(#1711,#1712,#1713,#1714));
#328=EDGE_LOOP('',(#1715));
#329=EDGE_LOOP('',(#1716,#1717,#1718,#1719));
#330=EDGE_LOOP('',(#1720));
#331=EDGE_LOOP('',(#1721,#1722,#1723,#1724));
#332=EDGE_LOOP('',(#1725));
#333=EDGE_LOOP('',(#1726,#1727,#1728,#1729));
#334=EDGE_LOOP('',(#1730,#1731,#1732,#1733));
#335=EDGE_LOOP('',(#1734,#1735,#1736,#1737));
#336=EDGE_LOOP('',(#1738,#1739,#1740,#1741));
#337=EDGE_LOOP('',(#1742,#1743,#1744,#1745));
#338=EDGE_LOOP('',(#1746,#1747,#1748,#1749));
#339=EDGE_LOOP('',(#1750,#1751,#1752,#1753));
#340=EDGE_LOOP('',(#1754,#1755,#1756,#1757));
#341=EDGE_LOOP('',(#1758,#1759,#1760,#1761,#1762));
#342=EDGE_LOOP('',(#1763,#1764,#1765,#1766));
#343=EDGE_LOOP('',(#1767,#1768,#1769,#1770));
#344=EDGE_LOOP('',(#1771,#1772,#1773,#1774));
#345=EDGE_LOOP('',(#1775,#1776,#1777,#1778));
#346=EDGE_LOOP('',(#1779,#1780,#1781,#1782));
#347=EDGE_LOOP('',(#1783,#1784,#1785,#1786));
#348=EDGE_LOOP('',(#1787,#1788,#1789,#1790));
#349=EDGE_LOOP('',(#1791,#1792,#1793,#1794));
#350=EDGE_LOOP('',(#1795,#1796,#1797,#1798));
#351=EDGE_LOOP('',(#1799,#1800,#1801,#1802));
#352=EDGE_LOOP('',(#1803,#1804,#1805,#1806));
#353=EDGE_LOOP('',(#1807,#1808,#1809,#1810));
#354=EDGE_LOOP('',(#1811,#1812,#1813,#1814));
#355=EDGE_LOOP('',(#1815,#1816,#1817,#1818));
#356=EDGE_LOOP('',(#1819,#1820,#1821,#1822));
#357=EDGE_LOOP('',(#1823,#1824,#1825,#1826));
#358=EDGE_LOOP('',(#1827,#1828,#1829,#1830,#1831,#1832));
#359=EDGE_LOOP('',(#1833,#1834,#1835,#1836,#1837,#1838,#1839,#1840,#1841,
#1842));
#360=EDGE_LOOP('',(#1843,#1844,#1845,#1846));
#361=EDGE_LOOP('',(#1847,#1848,#1849,#1850));
#362=EDGE_LOOP('',(#1851,#1852,#1853,#1854));
#363=EDGE_LOOP('',(#1855,#1856,#1857,#1858));
#364=EDGE_LOOP('',(#1859,#1860,#1861,#1862));
#365=EDGE_LOOP('',(#1863,#1864,#1865,#1866));
#366=EDGE_LOOP('',(#1867,#1868,#1869,#1870));
#367=EDGE_LOOP('',(#1871,#1872,#1873,#1874));
#368=EDGE_LOOP('',(#1875,#1876,#1877,#1878));
#369=EDGE_LOOP('',(#1879,#1880,#1881,#1882));
#370=EDGE_LOOP('',(#1883,#1884,#1885,#1886));
#371=EDGE_LOOP('',(#1887,#1888,#1889,#1890));
#372=EDGE_LOOP('',(#1891,#1892,#1893,#1894));
#373=EDGE_LOOP('',(#1895,#1896,#1897,#1898));
#374=EDGE_LOOP('',(#1899,#1900,#1901,#1902));
#375=EDGE_LOOP('',(#1903,#1904,#1905,#1906));
#376=EDGE_LOOP('',(#1907,#1908,#1909,#1910));
#377=EDGE_LOOP('',(#1911,#1912,#1913,#1914));
#378=EDGE_LOOP('',(#1915,#1916,#1917,#1918));
#379=EDGE_LOOP('',(#1919,#1920,#1921,#1922));
#380=EDGE_LOOP('',(#1923,#1924,#1925,#1926));
#381=EDGE_LOOP('',(#1927,#1928,#1929,#1930,#1931,#1932,#1933,#1934));
#382=EDGE_LOOP('',(#1935,#1936,#1937,#1938,#1939,#1940,#1941,#1942,#1943,
#1944,#1945,#1946,#1947,#1948,#1949,#1950,#1951,#1952,#1953,#1954,#1955,
#1956,#1957,#1958,#1959,#1960,#1961,#1962,#1963,#1964,#1965,#1966,#1967,
#1968,#1969,#1970,#1971,#1972));
#383=EDGE_LOOP('',(#1973,#1974,#1975,#1976,#1977,#1978));
#384=LINE('',#2902,#622);
#385=LINE('',#2905,#623);
#386=LINE('',#2908,#624);
#387=LINE('',#2910,#625);
#388=LINE('',#2911,#626);
#389=LINE('',#2914,#627);
#390=LINE('',#2916,#628);
#391=LINE('',#2917,#629);
#392=LINE('',#2922,#630);
#393=LINE('',#2926,#631);
#394=LINE('',#2930,#632);
#395=LINE('',#2934,#633);
#396=LINE('',#2936,#634);
#397=LINE('',#2938,#635);
#398=LINE('',#2943,#636);
#399=LINE('',#2946,#637);
#400=LINE('',#2948,#638);
#401=LINE('',#2950,#639);
#402=LINE('',#2954,#640);
#403=LINE('',#2958,#641);
#404=LINE('',#2962,#642);
#405=LINE('',#2969,#643);
#406=LINE('',#2972,#644);
#407=LINE('',#2975,#645);
#408=LINE('',#2977,#646);
#409=LINE('',#2978,#647);
#410=LINE('',#2981,#648);
#411=LINE('',#2983,#649);
#412=LINE('',#2984,#650);
#413=LINE('',#2989,#651);
#414=LINE('',#2993,#652);
#415=LINE('',#2997,#653);
#416=LINE('',#3001,#654);
#417=LINE('',#3005,#655);
#418=LINE('',#3009,#656);
#419=LINE('',#3013,#657);
#420=LINE('',#3017,#658);
#421=LINE('',#3021,#659);
#422=LINE('',#3023,#660);
#423=LINE('',#3024,#661);
#424=LINE('',#3028,#662);
#425=LINE('',#3032,#663);
#426=LINE('',#3036,#664);
#427=LINE('',#3039,#665);
#428=LINE('',#3042,#666);
#429=LINE('',#3043,#667);
#430=LINE('',#3046,#668);
#431=LINE('',#3047,#669);
#432=LINE('',#3052,#670);
#433=LINE('',#3056,#671);
#434=LINE('',#3059,#672);
#435=LINE('',#3061,#673);
#436=LINE('',#3063,#674);
#437=LINE('',#3067,#675);
#438=LINE('',#3071,#676);
#439=LINE('',#3075,#677);
#440=LINE('',#3079,#678);
#441=LINE('',#3083,#679);
#442=LINE('',#3087,#680);
#443=LINE('',#3091,#681);
#444=LINE('',#3092,#682);
#445=LINE('',#3094,#683);
#446=LINE('',#3096,#684);
#447=LINE('',#3098,#685);
#448=LINE('',#3099,#686);
#449=LINE('',#3101,#687);
#450=LINE('',#3103,#688);
#451=LINE('',#3105,#689);
#452=LINE('',#3107,#690);
#453=LINE('',#3109,#691);
#454=LINE('',#3111,#692);
#455=LINE('',#3113,#693);
#456=LINE('',#3114,#694);
#457=LINE('',#3117,#695);
#458=LINE('',#3118,#696);
#459=LINE('',#3122,#697);
#460=LINE('',#3125,#698);
#461=LINE('',#3127,#699);
#462=LINE('',#3128,#700);
#463=LINE('',#3133,#701);
#464=LINE('',#3135,#702);
#465=LINE('',#3138,#703);
#466=LINE('',#3140,#704);
#467=LINE('',#3141,#705);
#468=LINE('',#3146,#706);
#469=LINE('',#3149,#707);
#470=LINE('',#3152,#708);
#471=LINE('',#3153,#709);
#472=LINE('',#3155,#710);
#473=LINE('',#3161,#711);
#474=LINE('',#3165,#712);
#475=LINE('',#3167,#713);
#476=LINE('',#3169,#714);
#477=LINE('',#3171,#715);
#478=LINE('',#3173,#716);
#479=LINE('',#3175,#717);
#480=LINE('',#3177,#718);
#481=LINE('',#3179,#719);
#482=LINE('',#3181,#720);
#483=LINE('',#3183,#721);
#484=LINE('',#3185,#722);
#485=LINE('',#3187,#723);
#486=LINE('',#3189,#724);
#487=LINE('',#3191,#725);
#488=LINE('',#3193,#726);
#489=LINE('',#3195,#727);
#490=LINE('',#3197,#728);
#491=LINE('',#3199,#729);
#492=LINE('',#3201,#730);
#493=LINE('',#3203,#731);
#494=LINE('',#3205,#732);
#495=LINE('',#3207,#733);
#496=LINE('',#3209,#734);
#497=LINE('',#3211,#735);
#498=LINE('',#3213,#736);
#499=LINE('',#3215,#737);
#500=LINE('',#3217,#738);
#501=LINE('',#3219,#739);
#502=LINE('',#3223,#740);
#503=LINE('',#3226,#741);
#504=LINE('',#3230,#742);
#505=LINE('',#3231,#743);
#506=LINE('',#3232,#744);
#507=LINE('',#3235,#745);
#508=LINE('',#3237,#746);
#509=LINE('',#3239,#747);
#510=LINE('',#3240,#748);
#511=LINE('',#3244,#749);
#512=LINE('',#3247,#750);
#513=LINE('',#3248,#751);
#514=LINE('',#3256,#752);
#515=LINE('',#3265,#753);
#516=LINE('',#3269,#754);
#517=LINE('',#3271,#755);
#518=LINE('',#3273,#756);
#519=LINE('',#3275,#757);
#520=LINE('',#3279,#758);
#521=LINE('',#3281,#759);
#522=LINE('',#3284,#760);
#523=LINE('',#3293,#761);
#524=LINE('',#3298,#762);
#525=LINE('',#3303,#763);
#526=LINE('',#3308,#764);
#527=LINE('',#3311,#765);
#528=LINE('',#3312,#766);
#529=LINE('',#3317,#767);
#530=LINE('',#3318,#768);
#531=LINE('',#3321,#769);
#532=LINE('',#3322,#770);
#533=LINE('',#3325,#771);
#534=LINE('',#3326,#772);
#535=LINE('',#3329,#773);
#536=LINE('',#3330,#774);
#537=LINE('',#3332,#775);
#538=LINE('',#3336,#776);
#539=LINE('',#3337,#777);
#540=LINE('',#3338,#778);
#541=LINE('',#3341,#779);
#542=LINE('',#3343,#780);
#543=LINE('',#3344,#781);
#544=LINE('',#3348,#782);
#545=LINE('',#3349,#783);
#546=LINE('',#3350,#784);
#547=LINE('',#3353,#785);
#548=LINE('',#3354,#786);
#549=LINE('',#3357,#787);
#550=LINE('',#3358,#788);
#551=LINE('',#3361,#789);
#552=LINE('',#3362,#790);
#553=LINE('',#3366,#791);
#554=LINE('',#3367,#792);
#555=LINE('',#3368,#793);
#556=LINE('',#3371,#794);
#557=LINE('',#3372,#795);
#558=LINE('',#3378,#796);
#559=LINE('',#3380,#797);
#560=LINE('',#3384,#798);
#561=LINE('',#3386,#799);
#562=LINE('',#3388,#800);
#563=LINE('',#3389,#801);
#564=LINE('',#3392,#802);
#565=LINE('',#3394,#803);
#566=LINE('',#3395,#804);
#567=LINE('',#3398,#805);
#568=LINE('',#3400,#806);
#569=LINE('',#3401,#807);
#570=LINE('',#3404,#808);
#571=LINE('',#3406,#809);
#572=LINE('',#3407,#810);
#573=LINE('',#3410,#811);
#574=LINE('',#3412,#812);
#575=LINE('',#3413,#813);
#576=LINE('',#3415,#814);
#577=LINE('',#3416,#815);
#578=LINE('',#3420,#816);
#579=LINE('',#3422,#817);
#580=LINE('',#3423,#818);
#581=LINE('',#3427,#819);
#582=LINE('',#3428,#820);
#583=LINE('',#3431,#821);
#584=LINE('',#3432,#822);
#585=LINE('',#3435,#823);
#586=LINE('',#3436,#824);
#587=LINE('',#3439,#825);
#588=LINE('',#3440,#826);
#589=LINE('',#3443,#827);
#590=LINE('',#3444,#828);
#591=LINE('',#3447,#829);
#592=LINE('',#3448,#830);
#593=LINE('',#3451,#831);
#594=LINE('',#3452,#832);
#595=LINE('',#3455,#833);
#596=LINE('',#3456,#834);
#597=LINE('',#3459,#835);
#598=LINE('',#3460,#836);
#599=LINE('',#3463,#837);
#600=LINE('',#3464,#838);
#601=LINE('',#3467,#839);
#602=LINE('',#3468,#840);
#603=LINE('',#3471,#841);
#604=LINE('',#3472,#842);
#605=LINE('',#3475,#843);
#606=LINE('',#3476,#844);
#607=LINE('',#3479,#845);
#608=LINE('',#3480,#846);
#609=LINE('',#3483,#847);
#610=LINE('',#3484,#848);
#611=LINE('',#3487,#849);
#612=LINE('',#3488,#850);
#613=LINE('',#3491,#851);
#614=LINE('',#3492,#852);
#615=LINE('',#3495,#853);
#616=LINE('',#3496,#854);
#617=LINE('',#3498,#855);
#618=LINE('',#3502,#856);
#619=LINE('',#3505,#857);
#620=LINE('',#3506,#858);
#621=LINE('',#3508,#859);
#622=VECTOR('',#2314,10.);
#623=VECTOR('',#2317,10.);
#624=VECTOR('',#2320,10.);
#625=VECTOR('',#2321,10.);
#626=VECTOR('',#2322,10.);
#627=VECTOR('',#2325,10.);
#628=VECTOR('',#2326,10.);
#629=VECTOR('',#2327,10.);
#630=VECTOR('',#2332,10.);
#631=VECTOR('',#2335,10.);
#632=VECTOR('',#2338,10.);
#633=VECTOR('',#2341,10.);
#634=VECTOR('',#2342,10.);
#635=VECTOR('',#2343,10.);
#636=VECTOR('',#2350,10.);
#637=VECTOR('',#2353,10.);
#638=VECTOR('',#2354,10.);
#639=VECTOR('',#2355,10.);
#640=VECTOR('',#2358,10.);
#641=VECTOR('',#2361,10.);
#642=VECTOR('',#2364,10.);
#643=VECTOR('',#2371,10.);
#644=VECTOR('',#2374,10.);
#645=VECTOR('',#2377,10.);
#646=VECTOR('',#2378,10.);
#647=VECTOR('',#2379,10.);
#648=VECTOR('',#2382,10.);
#649=VECTOR('',#2383,10.);
#650=VECTOR('',#2384,10.);
#651=VECTOR('',#2389,10.);
#652=VECTOR('',#2392,10.);
#653=VECTOR('',#2395,10.);
#654=VECTOR('',#2398,10.);
#655=VECTOR('',#2401,10.);
#656=VECTOR('',#2404,10.);
#657=VECTOR('',#2407,10.);
#658=VECTOR('',#2410,10.);
#659=VECTOR('',#2413,10.);
#660=VECTOR('',#2414,10.);
#661=VECTOR('',#2415,10.);
#662=VECTOR('',#2418,10.);
#663=VECTOR('',#2421,10.);
#664=VECTOR('',#2426,10.);
#665=VECTOR('',#2429,10.);
#666=VECTOR('',#2432,10.);
#667=VECTOR('',#2433,10.);
#668=VECTOR('',#2436,10.);
#669=VECTOR('',#2437,10.);
#670=VECTOR('',#2442,10.);
#671=VECTOR('',#2445,10.);
#672=VECTOR('',#2448,10.);
#673=VECTOR('',#2449,10.);
#674=VECTOR('',#2450,10.);
#675=VECTOR('',#2453,10.);
#676=VECTOR('',#2456,10.);
#677=VECTOR('',#2459,10.);
#678=VECTOR('',#2462,10.);
#679=VECTOR('',#2465,10.);
#680=VECTOR('',#2468,10.);
#681=VECTOR('',#2475,10.);
#682=VECTOR('',#2476,10.);
#683=VECTOR('',#2479,10.);
#684=VECTOR('',#2482,10.);
#685=VECTOR('',#2485,10.);
#686=VECTOR('',#2486,10.);
#687=VECTOR('',#2489,10.);
#688=VECTOR('',#2492,10.);
#689=VECTOR('',#2495,10.);
#690=VECTOR('',#2498,10.);
#691=VECTOR('',#2501,10.);
#692=VECTOR('',#2504,10.);
#693=VECTOR('',#2507,10.);
#694=VECTOR('',#2508,10.);
#695=VECTOR('',#2513,10.);
#696=VECTOR('',#2514,10.);
#697=VECTOR('',#2521,10.);
#698=VECTOR('',#2526,10.);
#699=VECTOR('',#2529,10.);
#700=VECTOR('',#2530,10.);
#701=VECTOR('',#2537,10.);
#702=VECTOR('',#2538,10.);
#703=VECTOR('',#2543,10.);
#704=VECTOR('',#2546,10.);
#705=VECTOR('',#2547,10.);
#706=VECTOR('',#2554,10.);
#707=VECTOR('',#2559,10.);
#708=VECTOR('',#2562,10.);
#709=VECTOR('',#2563,10.);
#710=VECTOR('',#2566,10.);
#711=VECTOR('',#2571,10.);
#712=VECTOR('',#2574,10.);
#713=VECTOR('',#2575,10.);
#714=VECTOR('',#2576,10.);
#715=VECTOR('',#2577,10.);
#716=VECTOR('',#2578,10.);
#717=VECTOR('',#2579,10.);
#718=VECTOR('',#2580,10.);
#719=VECTOR('',#2581,10.);
#720=VECTOR('',#2582,10.);
#721=VECTOR('',#2583,10.);
#722=VECTOR('',#2584,10.);
#723=VECTOR('',#2585,10.);
#724=VECTOR('',#2586,10.);
#725=VECTOR('',#2587,10.);
#726=VECTOR('',#2588,10.);
#727=VECTOR('',#2589,10.);
#728=VECTOR('',#2590,10.);
#729=VECTOR('',#2591,10.);
#730=VECTOR('',#2592,10.);
#731=VECTOR('',#2593,10.);
#732=VECTOR('',#2594,10.);
#733=VECTOR('',#2595,10.);
#734=VECTOR('',#2596,10.);
#735=VECTOR('',#2597,10.);
#736=VECTOR('',#2598,10.);
#737=VECTOR('',#2599,10.);
#738=VECTOR('',#2600,10.);
#739=VECTOR('',#2601,10.);
#740=VECTOR('',#2604,10.);
#741=VECTOR('',#2607,10.);
#742=VECTOR('',#2610,10.);
#743=VECTOR('',#2611,10.);
#744=VECTOR('',#2612,10.);
#745=VECTOR('',#2613,10.);
#746=VECTOR('',#2614,10.);
#747=VECTOR('',#2615,10.);
#748=VECTOR('',#2616,10.);
#749=VECTOR('',#2621,10.);
#750=VECTOR('',#2624,10.);
#751=VECTOR('',#2625,10.);
#752=VECTOR('',#2634,4.);
#753=VECTOR('',#2645,4.);
#754=VECTOR('',#2650,10.);
#755=VECTOR('',#2651,10.);
#756=VECTOR('',#2652,10.);
#757=VECTOR('',#2653,10.);
#758=VECTOR('',#2656,10.);
#759=VECTOR('',#2657,10.);
#760=VECTOR('',#2660,10.);
#761=VECTOR('',#2671,4.);
#762=VECTOR('',#2678,1.6);
#763=VECTOR('',#2685,1.6);
#764=VECTOR('',#2692,1.6);
#765=VECTOR('',#2695,10.);
#766=VECTOR('',#2696,10.);
#767=VECTOR('',#2701,10.);
#768=VECTOR('',#2702,10.);
#769=VECTOR('',#2705,10.);
#770=VECTOR('',#2706,10.);
#771=VECTOR('',#2709,10.);
#772=VECTOR('',#2710,10.);
#773=VECTOR('',#2713,10.);
#774=VECTOR('',#2714,10.);
#775=VECTOR('',#2717,10.);
#776=VECTOR('',#2720,10.);
#777=VECTOR('',#2721,10.);
#778=VECTOR('',#2722,10.);
#779=VECTOR('',#2725,10.);
#780=VECTOR('',#2726,10.);
#781=VECTOR('',#2727,10.);
#782=VECTOR('',#2730,10.);
#783=VECTOR('',#2731,10.);
#784=VECTOR('',#2732,10.);
#785=VECTOR('',#2735,10.);
#786=VECTOR('',#2736,10.);
#787=VECTOR('',#2739,10.);
#788=VECTOR('',#2740,10.);
#789=VECTOR('',#2743,10.);
#790=VECTOR('',#2744,10.);
#791=VECTOR('',#2747,10.);
#792=VECTOR('',#2748,10.);
#793=VECTOR('',#2749,10.);
#794=VECTOR('',#2752,10.);
#795=VECTOR('',#2753,10.);
#796=VECTOR('',#2762,10.);
#797=VECTOR('',#2765,10.);
#798=VECTOR('',#2768,10.);
#799=VECTOR('',#2769,10.);
#800=VECTOR('',#2770,10.);
#801=VECTOR('',#2771,10.);
#802=VECTOR('',#2774,10.);
#803=VECTOR('',#2775,10.);
#804=VECTOR('',#2776,10.);
#805=VECTOR('',#2779,10.);
#806=VECTOR('',#2780,10.);
#807=VECTOR('',#2781,10.);
#808=VECTOR('',#2784,10.);
#809=VECTOR('',#2785,10.);
#810=VECTOR('',#2786,10.);
#811=VECTOR('',#2789,10.);
#812=VECTOR('',#2790,10.);
#813=VECTOR('',#2791,10.);
#814=VECTOR('',#2794,10.);
#815=VECTOR('',#2795,10.);
#816=VECTOR('',#2800,10.);
#817=VECTOR('',#2803,10.);
#818=VECTOR('',#2804,10.);
#819=VECTOR('',#2809,10.);
#820=VECTOR('',#2810,10.);
#821=VECTOR('',#2813,10.);
#822=VECTOR('',#2814,10.);
#823=VECTOR('',#2817,10.);
#824=VECTOR('',#2818,10.);
#825=VECTOR('',#2821,10.);
#826=VECTOR('',#2822,10.);
#827=VECTOR('',#2825,10.);
#828=VECTOR('',#2826,10.);
#829=VECTOR('',#2829,10.);
#830=VECTOR('',#2830,10.);
#831=VECTOR('',#2833,10.);
#832=VECTOR('',#2834,10.);
#833=VECTOR('',#2837,10.);
#834=VECTOR('',#2838,10.);
#835=VECTOR('',#2841,10.);
#836=VECTOR('',#2842,10.);
#837=VECTOR('',#2845,10.);
#838=VECTOR('',#2846,10.);
#839=VECTOR('',#2849,10.);
#840=VECTOR('',#2850,10.);
#841=VECTOR('',#2853,10.);
#842=VECTOR('',#2854,10.);
#843=VECTOR('',#2857,10.);
#844=VECTOR('',#2858,10.);
#845=VECTOR('',#2861,10.);
#846=VECTOR('',#2862,10.);
#847=VECTOR('',#2865,10.);
#848=VECTOR('',#2866,10.);
#849=VECTOR('',#2869,10.);
#850=VECTOR('',#2870,10.);
#851=VECTOR('',#2873,10.);
#852=VECTOR('',#2874,10.);
#853=VECTOR('',#2877,10.);
#854=VECTOR('',#2878,10.);
#855=VECTOR('',#2881,10.);
#856=VECTOR('',#2886,10.);
#857=VECTOR('',#2889,10.);
#858=VECTOR('',#2890,10.);
#859=VECTOR('',#2893,10.);
#860=ELLIPSE('',#2135,1.29339834698776,1.06443010104777);
#861=ELLIPSE('',#2136,1.27180429478197,1.06443010104777);
#862=ELLIPSE('',#2140,1.27180429478197,1.06443010104777);
#863=ELLIPSE('',#2141,1.27180429478197,1.06443010104777);
#864=ELLIPSE('',#2142,1.27180429478197,1.06443010104777);
#865=ELLIPSE('',#2143,1.27180429478197,1.06443010104777);
#866=ELLIPSE('',#2144,1.27180429478197,1.06443010104777);
#867=ELLIPSE('',#2146,1.29339834698776,1.06443010104777);
#868=ELLIPSE('',#2148,1.29339834698776,1.06443010104777);
#869=ELLIPSE('',#2149,1.29339834698776,1.06443010104777);
#870=ELLIPSE('',#2150,1.29339834698776,1.06443010104777);
#871=ELLIPSE('',#2151,1.29339834698776,1.06443010104777);
#872=VERTEX_POINT('',#2898);
#873=VERTEX_POINT('',#2899);
#874=VERTEX_POINT('',#2901);
#875=VERTEX_POINT('',#2903);
#876=VERTEX_POINT('',#2907);
#877=VERTEX_POINT('',#2909);
#878=VERTEX_POINT('',#2913);
#879=VERTEX_POINT('',#2915);
#880=VERTEX_POINT('',#2919);
#881=VERTEX_POINT('',#2921);
#882=VERTEX_POINT('',#2923);
#883=VERTEX_POINT('',#2925);
#884=VERTEX_POINT('',#2927);
#885=VERTEX_POINT('',#2929);
#886=VERTEX_POINT('',#2931);
#887=VERTEX_POINT('',#2933);
#888=VERTEX_POINT('',#2935);
#889=VERTEX_POINT('',#2937);
#890=VERTEX_POINT('',#2941);
#891=VERTEX_POINT('',#2945);
#892=VERTEX_POINT('',#2947);
#893=VERTEX_POINT('',#2949);
#894=VERTEX_POINT('',#2951);
#895=VERTEX_POINT('',#2953);
#896=VERTEX_POINT('',#2955);
#897=VERTEX_POINT('',#2957);
#898=VERTEX_POINT('',#2959);
#899=VERTEX_POINT('',#2961);
#900=VERTEX_POINT('',#2965);
#901=VERTEX_POINT('',#2966);
#902=VERTEX_POINT('',#2968);
#903=VERTEX_POINT('',#2970);
#904=VERTEX_POINT('',#2974);
#905=VERTEX_POINT('',#2976);
#906=VERTEX_POINT('',#2980);
#907=VERTEX_POINT('',#2982);
#908=VERTEX_POINT('',#2986);
#909=VERTEX_POINT('',#2988);
#910=VERTEX_POINT('',#2990);
#911=VERTEX_POINT('',#2992);
#912=VERTEX_POINT('',#2994);
#913=VERTEX_POINT('',#2996);
#914=VERTEX_POINT('',#2998);
#915=VERTEX_POINT('',#3000);
#916=VERTEX_POINT('',#3002);
#917=VERTEX_POINT('',#3004);
#918=VERTEX_POINT('',#3006);
#919=VERTEX_POINT('',#3008);
#920=VERTEX_POINT('',#3010);
#921=VERTEX_POINT('',#3012);
#922=VERTEX_POINT('',#3014);
#923=VERTEX_POINT('',#3016);
#924=VERTEX_POINT('',#3018);
#925=VERTEX_POINT('',#3020);
#926=VERTEX_POINT('',#3022);
#927=VERTEX_POINT('',#3025);
#928=VERTEX_POINT('',#3027);
#929=VERTEX_POINT('',#3029);
#930=VERTEX_POINT('',#3031);
#931=VERTEX_POINT('',#3035);
#932=VERTEX_POINT('',#3037);
#933=VERTEX_POINT('',#3041);
#934=VERTEX_POINT('',#3045);
#935=VERTEX_POINT('',#3049);
#936=VERTEX_POINT('',#3051);
#937=VERTEX_POINT('',#3053);
#938=VERTEX_POINT('',#3055);
#939=VERTEX_POINT('',#3058);
#940=VERTEX_POINT('',#3060);
#941=VERTEX_POINT('',#3062);
#942=VERTEX_POINT('',#3064);
#943=VERTEX_POINT('',#3066);
#944=VERTEX_POINT('',#3068);
#945=VERTEX_POINT('',#3070);
#946=VERTEX_POINT('',#3072);
#947=VERTEX_POINT('',#3074);
#948=VERTEX_POINT('',#3076);
#949=VERTEX_POINT('',#3078);
#950=VERTEX_POINT('',#3080);
#951=VERTEX_POINT('',#3082);
#952=VERTEX_POINT('',#3084);
#953=VERTEX_POINT('',#3086);
#954=VERTEX_POINT('',#3132);
#955=VERTEX_POINT('',#3134);
#956=VERTEX_POINT('',#3145);
#957=VERTEX_POINT('',#3151);
#958=VERTEX_POINT('',#3157);
#959=VERTEX_POINT('',#3158);
#960=VERTEX_POINT('',#3160);
#961=VERTEX_POINT('',#3162);
#962=VERTEX_POINT('',#3164);
#963=VERTEX_POINT('',#3166);
#964=VERTEX_POINT('',#3168);
#965=VERTEX_POINT('',#3170);
#966=VERTEX_POINT('',#3172);
#967=VERTEX_POINT('',#3174);
#968=VERTEX_POINT('',#3176);
#969=VERTEX_POINT('',#3178);
#970=VERTEX_POINT('',#3180);
#971=VERTEX_POINT('',#3182);
#972=VERTEX_POINT('',#3184);
#973=VERTEX_POINT('',#3186);
#974=VERTEX_POINT('',#3188);
#975=VERTEX_POINT('',#3190);
#976=VERTEX_POINT('',#3192);
#977=VERTEX_POINT('',#3194);
#978=VERTEX_POINT('',#3196);
#979=VERTEX_POINT('',#3198);
#980=VERTEX_POINT('',#3200);
#981=VERTEX_POINT('',#3202);
#982=VERTEX_POINT('',#3204);
#983=VERTEX_POINT('',#3206);
#984=VERTEX_POINT('',#3208);
#985=VERTEX_POINT('',#3210);
#986=VERTEX_POINT('',#3212);
#987=VERTEX_POINT('',#3214);
#988=VERTEX_POINT('',#3216);
#989=VERTEX_POINT('',#3218);
#990=VERTEX_POINT('',#3220);
#991=VERTEX_POINT('',#3222);
#992=VERTEX_POINT('',#3224);
#993=VERTEX_POINT('',#3228);
#994=VERTEX_POINT('',#3229);
#995=VERTEX_POINT('',#3233);
#996=VERTEX_POINT('',#3234);
#997=VERTEX_POINT('',#3236);
#998=VERTEX_POINT('',#3238);
#999=VERTEX_POINT('',#3242);
#1000=VERTEX_POINT('',#3246);
#1001=VERTEX_POINT('',#3250);
#1002=VERTEX_POINT('',#3252);
#1003=VERTEX_POINT('',#3255);
#1004=VERTEX_POINT('',#3259);
#1005=VERTEX_POINT('',#3261);
#1006=VERTEX_POINT('',#3264);
#1007=VERTEX_POINT('',#3268);
#1008=VERTEX_POINT('',#3270);
#1009=VERTEX_POINT('',#3272);
#1010=VERTEX_POINT('',#3274);
#1011=VERTEX_POINT('',#3276);
#1012=VERTEX_POINT('',#3278);
#1013=VERTEX_POINT('',#3280);
#1014=VERTEX_POINT('',#3282);
#1015=VERTEX_POINT('',#3285);
#1016=VERTEX_POINT('',#3288);
#1017=VERTEX_POINT('',#3290);
#1018=VERTEX_POINT('',#3295);
#1019=VERTEX_POINT('',#3300);
#1020=VERTEX_POINT('',#3305);
#1021=VERTEX_POINT('',#3310);
#1022=VERTEX_POINT('',#3314);
#1023=VERTEX_POINT('',#3315);
#1024=VERTEX_POINT('',#3320);
#1025=VERTEX_POINT('',#3324);
#1026=VERTEX_POINT('',#3328);
#1027=VERTEX_POINT('',#3334);
#1028=VERTEX_POINT('',#3335);
#1029=VERTEX_POINT('',#3340);
#1030=VERTEX_POINT('',#3342);
#1031=VERTEX_POINT('',#3346);
#1032=VERTEX_POINT('',#3347);
#1033=VERTEX_POINT('',#3352);
#1034=VERTEX_POINT('',#3356);
#1035=VERTEX_POINT('',#3360);
#1036=VERTEX_POINT('',#3364);
#1037=VERTEX_POINT('',#3365);
#1038=VERTEX_POINT('',#3370);
#1039=VERTEX_POINT('',#3376);
#1040=VERTEX_POINT('',#3382);
#1041=VERTEX_POINT('',#3383);
#1042=VERTEX_POINT('',#3385);
#1043=VERTEX_POINT('',#3387);
#1044=VERTEX_POINT('',#3391);
#1045=VERTEX_POINT('',#3393);
#1046=VERTEX_POINT('',#3397);
#1047=VERTEX_POINT('',#3399);
#1048=VERTEX_POINT('',#3403);
#1049=VERTEX_POINT('',#3405);
#1050=VERTEX_POINT('',#3409);
#1051=VERTEX_POINT('',#3411);
#1052=VERTEX_POINT('',#3418);
#1053=VERTEX_POINT('',#3426);
#1054=VERTEX_POINT('',#3430);
#1055=VERTEX_POINT('',#3434);
#1056=VERTEX_POINT('',#3438);
#1057=VERTEX_POINT('',#3442);
#1058=VERTEX_POINT('',#3446);
#1059=VERTEX_POINT('',#3450);
#1060=VERTEX_POINT('',#3454);
#1061=VERTEX_POINT('',#3458);
#1062=VERTEX_POINT('',#3462);
#1063=VERTEX_POINT('',#3466);
#1064=VERTEX_POINT('',#3470);
#1065=VERTEX_POINT('',#3474);
#1066=VERTEX_POINT('',#3478);
#1067=VERTEX_POINT('',#3482);
#1068=VERTEX_POINT('',#3486);
#1069=VERTEX_POINT('',#3490);
#1070=VERTEX_POINT('',#3494);
#1071=VERTEX_POINT('',#3500);
#1072=VERTEX_POINT('',#3504);
#1073=EDGE_CURVE('',#872,#873,#860,.T.);
#1074=EDGE_CURVE('',#874,#872,#384,.T.);
#1075=EDGE_CURVE('',#875,#874,#861,.T.);
#1076=EDGE_CURVE('',#873,#875,#385,.T.);
#1077=EDGE_CURVE('',#876,#872,#386,.T.);
#1078=EDGE_CURVE('',#876,#877,#387,.T.);
#1079=EDGE_CURVE('',#874,#877,#388,.T.);
#1080=EDGE_CURVE('',#878,#875,#389,.T.);
#1081=EDGE_CURVE('',#878,#879,#390,.T.);
#1082=EDGE_CURVE('',#873,#879,#391,.T.);
#1083=EDGE_CURVE('',#877,#880,#862,.T.);
#1084=EDGE_CURVE('',#880,#881,#392,.T.);
#1085=EDGE_CURVE('',#881,#882,#863,.T.);
#1086=EDGE_CURVE('',#882,#883,#393,.T.);
#1087=EDGE_CURVE('',#883,#884,#864,.T.);
#1088=EDGE_CURVE('',#884,#885,#394,.T.);
#1089=EDGE_CURVE('',#885,#886,#865,.T.);
#1090=EDGE_CURVE('',#887,#886,#395,.T.);
#1091=EDGE_CURVE('',#888,#887,#396,.T.);
#1092=EDGE_CURVE('',#888,#889,#397,.T.);
#1093=EDGE_CURVE('',#889,#878,#866,.T.);
#1094=EDGE_CURVE('',#879,#890,#867,.T.);
#1095=EDGE_CURVE('',#890,#889,#398,.T.);
#1096=EDGE_CURVE('',#891,#890,#399,.T.);
#1097=EDGE_CURVE('',#892,#891,#400,.T.);
#1098=EDGE_CURVE('',#892,#893,#401,.T.);
#1099=EDGE_CURVE('',#893,#894,#868,.T.);
#1100=EDGE_CURVE('',#894,#895,#402,.T.);
#1101=EDGE_CURVE('',#895,#896,#869,.T.);
#1102=EDGE_CURVE('',#896,#897,#403,.T.);
#1103=EDGE_CURVE('',#897,#898,#870,.T.);
#1104=EDGE_CURVE('',#898,#899,#404,.T.);
#1105=EDGE_CURVE('',#899,#876,#871,.T.);
#1106=EDGE_CURVE('',#900,#901,#24,.T.);
#1107=EDGE_CURVE('',#902,#900,#405,.T.);
#1108=EDGE_CURVE('',#903,#902,#25,.T.);
#1109=EDGE_CURVE('',#901,#903,#406,.T.);
#1110=EDGE_CURVE('',#904,#903,#407,.T.);
#1111=EDGE_CURVE('',#904,#905,#408,.T.);
#1112=EDGE_CURVE('',#901,#905,#409,.T.);
#1113=EDGE_CURVE('',#906,#900,#410,.T.);
#1114=EDGE_CURVE('',#906,#907,#411,.T.);
#1115=EDGE_CURVE('',#902,#907,#412,.T.);
#1116=EDGE_CURVE('',#905,#908,#26,.T.);
#1117=EDGE_CURVE('',#908,#909,#413,.T.);
#1118=EDGE_CURVE('',#909,#910,#27,.T.);
#1119=EDGE_CURVE('',#910,#911,#414,.T.);
#1120=EDGE_CURVE('',#911,#912,#28,.T.);
#1121=EDGE_CURVE('',#912,#913,#415,.T.);
#1122=EDGE_CURVE('',#913,#914,#29,.T.);
#1123=EDGE_CURVE('',#914,#915,#416,.T.);
#1124=EDGE_CURVE('',#915,#916,#30,.T.);
#1125=EDGE_CURVE('',#916,#917,#417,.T.);
#1126=EDGE_CURVE('',#917,#918,#31,.T.);
#1127=EDGE_CURVE('',#918,#919,#418,.T.);
#1128=EDGE_CURVE('',#919,#920,#32,.T.);
#1129=EDGE_CURVE('',#920,#921,#419,.T.);
#1130=EDGE_CURVE('',#921,#922,#33,.T.);
#1131=EDGE_CURVE('',#922,#923,#420,.T.);
#1132=EDGE_CURVE('',#923,#924,#34,.T.);
#1133=EDGE_CURVE('',#924,#925,#421,.T.);
#1134=EDGE_CURVE('',#926,#925,#422,.T.);
#1135=EDGE_CURVE('',#887,#926,#423,.T.);
#1136=EDGE_CURVE('',#886,#927,#35,.T.);
#1137=EDGE_CURVE('',#927,#928,#424,.T.);
#1138=EDGE_CURVE('',#928,#929,#36,.T.);
#1139=EDGE_CURVE('',#929,#930,#425,.T.);
#1140=EDGE_CURVE('',#930,#906,#37,.T.);
#1141=EDGE_CURVE('',#931,#909,#426,.T.);
#1142=EDGE_CURVE('',#932,#931,#38,.T.);
#1143=EDGE_CURVE('',#910,#932,#427,.T.);
#1144=EDGE_CURVE('',#908,#933,#428,.T.);
#1145=EDGE_CURVE('',#931,#933,#429,.T.);
#1146=EDGE_CURVE('',#934,#932,#430,.T.);
#1147=EDGE_CURVE('',#934,#911,#431,.T.);
#1148=EDGE_CURVE('',#907,#935,#39,.T.);
#1149=EDGE_CURVE('',#935,#936,#432,.T.);
#1150=EDGE_CURVE('',#936,#937,#40,.T.);
#1151=EDGE_CURVE('',#937,#938,#433,.T.);
#1152=EDGE_CURVE('',#938,#893,#41,.T.);
#1153=EDGE_CURVE('',#939,#892,#434,.T.);
#1154=EDGE_CURVE('',#939,#940,#435,.T.);
#1155=EDGE_CURVE('',#940,#941,#436,.T.);
#1156=EDGE_CURVE('',#941,#942,#42,.T.);
#1157=EDGE_CURVE('',#942,#943,#437,.T.);
#1158=EDGE_CURVE('',#943,#944,#43,.T.);
#1159=EDGE_CURVE('',#944,#945,#438,.T.);
#1160=EDGE_CURVE('',#945,#946,#44,.T.);
#1161=EDGE_CURVE('',#946,#947,#439,.T.);
#1162=EDGE_CURVE('',#947,#948,#45,.T.);
#1163=EDGE_CURVE('',#948,#949,#440,.T.);
#1164=EDGE_CURVE('',#949,#950,#46,.T.);
#1165=EDGE_CURVE('',#950,#951,#441,.T.);
#1166=EDGE_CURVE('',#951,#952,#47,.T.);
#1167=EDGE_CURVE('',#952,#953,#442,.T.);
#1168=EDGE_CURVE('',#953,#934,#48,.T.);
#1169=EDGE_CURVE('',#933,#904,#49,.T.);
#1170=EDGE_CURVE('',#946,#919,#443,.T.);
#1171=EDGE_CURVE('',#920,#945,#444,.T.);
#1172=EDGE_CURVE('',#944,#921,#445,.T.);
#1173=EDGE_CURVE('',#918,#947,#446,.T.);
#1174=EDGE_CURVE('',#950,#915,#447,.T.);
#1175=EDGE_CURVE('',#916,#949,#448,.T.);
#1176=EDGE_CURVE('',#914,#951,#449,.T.);
#1177=EDGE_CURVE('',#952,#913,#450,.T.);
#1178=EDGE_CURVE('',#912,#953,#451,.T.);
#1179=EDGE_CURVE('',#948,#917,#452,.T.);
#1180=EDGE_CURVE('',#935,#930,#453,.T.);
#1181=EDGE_CURVE('',#880,#899,#454,.T.);
#1182=EDGE_CURVE('',#882,#897,#455,.T.);
#1183=EDGE_CURVE('',#898,#881,#456,.T.);
#1184=EDGE_CURVE('',#884,#895,#457,.T.);
#1185=EDGE_CURVE('',#896,#883,#458,.T.);
#1186=EDGE_CURVE('',#929,#936,#459,.T.);
#1187=EDGE_CURVE('',#922,#943,#460,.T.);
#1188=EDGE_CURVE('',#942,#923,#461,.T.);
#1189=EDGE_CURVE('',#924,#941,#462,.T.);
#1190=EDGE_CURVE('',#954,#940,#463,.T.);
#1191=EDGE_CURVE('',#955,#954,#464,.T.);
#1192=EDGE_CURVE('',#955,#925,#50,.T.);
#1193=EDGE_CURVE('',#937,#928,#465,.T.);
#1194=EDGE_CURVE('',#894,#885,#466,.T.);
#1195=EDGE_CURVE('',#927,#938,#467,.T.);
#1196=EDGE_CURVE('',#955,#956,#468,.T.);
#1197=EDGE_CURVE('',#956,#926,#51,.T.);
#1198=EDGE_CURVE('',#891,#888,#469,.T.);
#1199=EDGE_CURVE('',#957,#939,#470,.T.);
#1200=EDGE_CURVE('',#957,#954,#471,.T.);
#1201=EDGE_CURVE('',#956,#957,#472,.T.);
#1202=EDGE_CURVE('',#958,#959,#52,.T.);
#1203=EDGE_CURVE('',#958,#960,#473,.T.);
#1204=EDGE_CURVE('',#960,#961,#53,.T.);
#1205=EDGE_CURVE('',#961,#962,#474,.T.);
#1206=EDGE_CURVE('',#962,#963,#475,.T.);
#1207=EDGE_CURVE('',#963,#964,#476,.T.);
#1208=EDGE_CURVE('',#964,#965,#477,.T.);
#1209=EDGE_CURVE('',#965,#966,#478,.T.);
#1210=EDGE_CURVE('',#966,#967,#479,.T.);
#1211=EDGE_CURVE('',#967,#968,#480,.T.);
#1212=EDGE_CURVE('',#968,#969,#481,.T.);
#1213=EDGE_CURVE('',#969,#970,#482,.T.);
#1214=EDGE_CURVE('',#970,#971,#483,.T.);
#1215=EDGE_CURVE('',#971,#972,#484,.T.);
#1216=EDGE_CURVE('',#972,#973,#485,.T.);
#1217=EDGE_CURVE('',#973,#974,#486,.T.);
#1218=EDGE_CURVE('',#974,#975,#487,.T.);
#1219=EDGE_CURVE('',#975,#976,#488,.T.);
#1220=EDGE_CURVE('',#976,#977,#489,.T.);
#1221=EDGE_CURVE('',#977,#978,#490,.T.);
#1222=EDGE_CURVE('',#978,#979,#491,.T.);
#1223=EDGE_CURVE('',#979,#980,#492,.T.);
#1224=EDGE_CURVE('',#980,#981,#493,.T.);
#1225=EDGE_CURVE('',#981,#982,#494,.T.);
#1226=EDGE_CURVE('',#982,#983,#495,.T.);
#1227=EDGE_CURVE('',#983,#984,#496,.T.);
#1228=EDGE_CURVE('',#984,#985,#497,.T.);
#1229=EDGE_CURVE('',#985,#986,#498,.T.);
#1230=EDGE_CURVE('',#986,#987,#499,.T.);
#1231=EDGE_CURVE('',#987,#988,#500,.T.);
#1232=EDGE_CURVE('',#988,#989,#501,.T.);
#1233=EDGE_CURVE('',#990,#989,#54,.T.);
#1234=EDGE_CURVE('',#990,#991,#502,.T.);
#1235=EDGE_CURVE('',#991,#992,#55,.T.);
#1236=EDGE_CURVE('',#992,#959,#503,.T.);
#1237=EDGE_CURVE('',#993,#994,#504,.T.);
#1238=EDGE_CURVE('',#991,#993,#505,.T.);
#1239=EDGE_CURVE('',#994,#990,#506,.T.);
#1240=EDGE_CURVE('',#995,#996,#507,.T.);
#1241=EDGE_CURVE('',#995,#997,#508,.T.);
#1242=EDGE_CURVE('',#997,#998,#509,.T.);
#1243=EDGE_CURVE('',#998,#996,#510,.T.);
#1244=EDGE_CURVE('',#999,#993,#56,.T.);
#1245=EDGE_CURVE('',#992,#999,#511,.T.);
#1246=EDGE_CURVE('',#1000,#999,#512,.T.);
#1247=EDGE_CURVE('',#959,#1000,#513,.T.);
#1248=EDGE_CURVE('',#1001,#1001,#57,.T.);
#1249=EDGE_CURVE('',#1002,#1002,#58,.T.);
#1250=EDGE_CURVE('',#1001,#1003,#514,.T.);
#1251=EDGE_CURVE('',#1003,#1003,#59,.T.);
#1252=EDGE_CURVE('',#1004,#1004,#60,.T.);
#1253=EDGE_CURVE('',#1005,#1005,#61,.T.);
#1254=EDGE_CURVE('',#1004,#1006,#515,.T.);
#1255=EDGE_CURVE('',#1006,#1006,#62,.T.);
#1256=EDGE_CURVE('',#1007,#997,#516,.T.);
#1257=EDGE_CURVE('',#995,#1008,#517,.T.);
#1258=EDGE_CURVE('',#1008,#1009,#518,.T.);
#1259=EDGE_CURVE('',#1009,#1010,#519,.T.);
#1260=EDGE_CURVE('',#1010,#1011,#63,.T.);
#1261=EDGE_CURVE('',#1011,#1012,#520,.T.);
#1262=EDGE_CURVE('',#1012,#1013,#521,.T.);
#1263=EDGE_CURVE('',#1013,#1014,#64,.T.);
#1264=EDGE_CURVE('',#1014,#1007,#522,.T.);
#1265=EDGE_CURVE('',#1015,#1015,#65,.T.);
#1266=EDGE_CURVE('',#1016,#1016,#66,.T.);
#1267=EDGE_CURVE('',#1017,#1017,#67,.T.);
#1268=EDGE_CURVE('',#1016,#1015,#523,.T.);
#1269=EDGE_CURVE('',#1018,#1018,#68,.T.);
#1270=EDGE_CURVE('',#1018,#1002,#524,.T.);
#1271=EDGE_CURVE('',#1019,#1019,#69,.T.);
#1272=EDGE_CURVE('',#1019,#1005,#525,.T.);
#1273=EDGE_CURVE('',#1020,#1020,#70,.T.);
#1274=EDGE_CURVE('',#1020,#1017,#526,.T.);
#1275=EDGE_CURVE('',#1021,#998,#527,.T.);
#1276=EDGE_CURVE('',#1007,#1021,#528,.T.);
#1277=EDGE_CURVE('',#1022,#1023,#71,.T.);
#1278=EDGE_CURVE('',#1014,#1022,#529,.T.);
#1279=EDGE_CURVE('',#1013,#1023,#530,.T.);
#1280=EDGE_CURVE('',#1023,#1024,#531,.T.);
#1281=EDGE_CURVE('',#1012,#1024,#532,.T.);
#1282=EDGE_CURVE('',#1024,#1025,#533,.T.);
#1283=EDGE_CURVE('',#1011,#1025,#534,.T.);
#1284=EDGE_CURVE('',#996,#1026,#535,.T.);
#1285=EDGE_CURVE('',#1008,#1026,#536,.T.);
#1286=EDGE_CURVE('',#1021,#1026,#537,.T.);
#1287=EDGE_CURVE('',#1027,#1028,#538,.T.);
#1288=EDGE_CURVE('',#965,#1027,#539,.T.);
#1289=EDGE_CURVE('',#964,#1028,#540,.T.);
#1290=EDGE_CURVE('',#1028,#1029,#541,.T.);
#1291=EDGE_CURVE('',#963,#1030,#542,.T.);
#1292=EDGE_CURVE('',#1030,#1029,#543,.T.);
#1293=EDGE_CURVE('',#1031,#1032,#544,.T.);
#1294=EDGE_CURVE('',#988,#1031,#545,.T.);
#1295=EDGE_CURVE('',#987,#1032,#546,.T.);
#1296=EDGE_CURVE('',#1032,#1033,#547,.T.);
#1297=EDGE_CURVE('',#986,#1033,#548,.T.);
#1298=EDGE_CURVE('',#1033,#1034,#549,.T.);
#1299=EDGE_CURVE('',#985,#1034,#550,.T.);
#1300=EDGE_CURVE('',#1034,#1035,#551,.T.);
#1301=EDGE_CURVE('',#984,#1035,#552,.T.);
#1302=EDGE_CURVE('',#1036,#1037,#553,.T.);
#1303=EDGE_CURVE('',#1037,#962,#554,.T.);
#1304=EDGE_CURVE('',#961,#1036,#555,.T.);
#1305=EDGE_CURVE('',#1038,#1031,#556,.T.);
#1306=EDGE_CURVE('',#989,#1038,#557,.T.);
#1307=EDGE_CURVE('',#994,#1038,#72,.T.);
#1308=EDGE_CURVE('',#1039,#1000,#73,.T.);
#1309=EDGE_CURVE('',#1039,#958,#558,.T.);
#1310=EDGE_CURVE('',#1037,#1030,#559,.T.);
#1311=EDGE_CURVE('',#1040,#1041,#560,.T.);
#1312=EDGE_CURVE('',#1042,#1040,#561,.T.);
#1313=EDGE_CURVE('',#1043,#1042,#562,.T.);
#1314=EDGE_CURVE('',#1043,#1041,#563,.T.);
#1315=EDGE_CURVE('',#1041,#1044,#564,.T.);
#1316=EDGE_CURVE('',#1045,#1043,#565,.T.);
#1317=EDGE_CURVE('',#1045,#1044,#566,.T.);
#1318=EDGE_CURVE('',#1044,#1046,#567,.T.);
#1319=EDGE_CURVE('',#1047,#1045,#568,.T.);
#1320=EDGE_CURVE('',#1047,#1046,#569,.T.);
#1321=EDGE_CURVE('',#1046,#1048,#570,.T.);
#1322=EDGE_CURVE('',#1049,#1047,#571,.T.);
#1323=EDGE_CURVE('',#1049,#1048,#572,.T.);
#1324=EDGE_CURVE('',#1048,#1050,#573,.T.);
#1325=EDGE_CURVE('',#1051,#1049,#574,.T.);
#1326=EDGE_CURVE('',#1050,#1051,#575,.T.);
#1327=EDGE_CURVE('',#1029,#1040,#576,.T.);
#1328=EDGE_CURVE('',#1042,#1030,#577,.T.);
#1329=EDGE_CURVE('',#1052,#1036,#74,.T.);
#1330=EDGE_CURVE('',#960,#1052,#578,.T.);
#1331=EDGE_CURVE('',#1050,#1039,#579,.T.);
#1332=EDGE_CURVE('',#1051,#1052,#580,.T.);
#1333=EDGE_CURVE('',#1035,#1053,#581,.T.);
#1334=EDGE_CURVE('',#983,#1053,#582,.T.);
#1335=EDGE_CURVE('',#1053,#1054,#583,.T.);
#1336=EDGE_CURVE('',#982,#1054,#584,.T.);
#1337=EDGE_CURVE('',#1054,#1055,#585,.T.);
#1338=EDGE_CURVE('',#981,#1055,#586,.T.);
#1339=EDGE_CURVE('',#1055,#1056,#587,.T.);
#1340=EDGE_CURVE('',#980,#1056,#588,.T.);
#1341=EDGE_CURVE('',#1056,#1057,#589,.T.);
#1342=EDGE_CURVE('',#979,#1057,#590,.T.);
#1343=EDGE_CURVE('',#1057,#1058,#591,.T.);
#1344=EDGE_CURVE('',#978,#1058,#592,.T.);
#1345=EDGE_CURVE('',#1058,#1059,#593,.T.);
#1346=EDGE_CURVE('',#977,#1059,#594,.T.);
#1347=EDGE_CURVE('',#1059,#1060,#595,.T.);
#1348=EDGE_CURVE('',#976,#1060,#596,.T.);
#1349=EDGE_CURVE('',#1060,#1061,#597,.T.);
#1350=EDGE_CURVE('',#975,#1061,#598,.T.);
#1351=EDGE_CURVE('',#1061,#1062,#599,.T.);
#1352=EDGE_CURVE('',#974,#1062,#600,.T.);
#1353=EDGE_CURVE('',#1062,#1063,#601,.T.);
#1354=EDGE_CURVE('',#973,#1063,#602,.T.);
#1355=EDGE_CURVE('',#1063,#1064,#603,.T.);
#1356=EDGE_CURVE('',#972,#1064,#604,.T.);
#1357=EDGE_CURVE('',#1064,#1065,#605,.T.);
#1358=EDGE_CURVE('',#971,#1065,#606,.T.);
#1359=EDGE_CURVE('',#1065,#1066,#607,.T.);
#1360=EDGE_CURVE('',#970,#1066,#608,.T.);
#1361=EDGE_CURVE('',#1066,#1067,#609,.T.);
#1362=EDGE_CURVE('',#969,#1067,#610,.T.);
#1363=EDGE_CURVE('',#1067,#1068,#611,.T.);
#1364=EDGE_CURVE('',#968,#1068,#612,.T.);
#1365=EDGE_CURVE('',#1068,#1069,#613,.T.);
#1366=EDGE_CURVE('',#967,#1069,#614,.T.);
#1367=EDGE_CURVE('',#1069,#1070,#615,.T.);
#1368=EDGE_CURVE('',#966,#1070,#616,.T.);
#1369=EDGE_CURVE('',#1070,#1027,#617,.T.);
#1370=EDGE_CURVE('',#1025,#1071,#75,.T.);
#1371=EDGE_CURVE('',#1010,#1071,#618,.T.);
#1372=EDGE_CURVE('',#1071,#1072,#619,.T.);
#1373=EDGE_CURVE('',#1009,#1072,#620,.T.);
#1374=EDGE_CURVE('',#1072,#1022,#621,.T.);
#1375=ORIENTED_EDGE('',*,*,#1073,.F.);
#1376=ORIENTED_EDGE('',*,*,#1074,.F.);
#1377=ORIENTED_EDGE('',*,*,#1075,.F.);
#1378=ORIENTED_EDGE('',*,*,#1076,.F.);
#1379=ORIENTED_EDGE('',*,*,#1074,.T.);
#1380=ORIENTED_EDGE('',*,*,#1077,.F.);
#1381=ORIENTED_EDGE('',*,*,#1078,.T.);
#1382=ORIENTED_EDGE('',*,*,#1079,.F.);
#1383=ORIENTED_EDGE('',*,*,#1076,.T.);
#1384=ORIENTED_EDGE('',*,*,#1080,.F.);
#1385=ORIENTED_EDGE('',*,*,#1081,.T.);
#1386=ORIENTED_EDGE('',*,*,#1082,.F.);
#1387=ORIENTED_EDGE('',*,*,#1075,.T.);
#1388=ORIENTED_EDGE('',*,*,#1079,.T.);
#1389=ORIENTED_EDGE('',*,*,#1083,.T.);
#1390=ORIENTED_EDGE('',*,*,#1084,.T.);
#1391=ORIENTED_EDGE('',*,*,#1085,.T.);
#1392=ORIENTED_EDGE('',*,*,#1086,.T.);
#1393=ORIENTED_EDGE('',*,*,#1087,.T.);
#1394=ORIENTED_EDGE('',*,*,#1088,.T.);
#1395=ORIENTED_EDGE('',*,*,#1089,.T.);
#1396=ORIENTED_EDGE('',*,*,#1090,.F.);
#1397=ORIENTED_EDGE('',*,*,#1091,.F.);
#1398=ORIENTED_EDGE('',*,*,#1092,.T.);
#1399=ORIENTED_EDGE('',*,*,#1093,.T.);
#1400=ORIENTED_EDGE('',*,*,#1080,.T.);
#1401=ORIENTED_EDGE('',*,*,#1094,.F.);
#1402=ORIENTED_EDGE('',*,*,#1081,.F.);
#1403=ORIENTED_EDGE('',*,*,#1093,.F.);
#1404=ORIENTED_EDGE('',*,*,#1095,.F.);
#1405=ORIENTED_EDGE('',*,*,#1073,.T.);
#1406=ORIENTED_EDGE('',*,*,#1082,.T.);
#1407=ORIENTED_EDGE('',*,*,#1094,.T.);
#1408=ORIENTED_EDGE('',*,*,#1096,.F.);
#1409=ORIENTED_EDGE('',*,*,#1097,.F.);
#1410=ORIENTED_EDGE('',*,*,#1098,.T.);
#1411=ORIENTED_EDGE('',*,*,#1099,.T.);
#1412=ORIENTED_EDGE('',*,*,#1100,.T.);
#1413=ORIENTED_EDGE('',*,*,#1101,.T.);
#1414=ORIENTED_EDGE('',*,*,#1102,.T.);
#1415=ORIENTED_EDGE('',*,*,#1103,.T.);
#1416=ORIENTED_EDGE('',*,*,#1104,.T.);
#1417=ORIENTED_EDGE('',*,*,#1105,.T.);
#1418=ORIENTED_EDGE('',*,*,#1077,.T.);
#1419=ORIENTED_EDGE('',*,*,#1106,.F.);
#1420=ORIENTED_EDGE('',*,*,#1107,.F.);
#1421=ORIENTED_EDGE('',*,*,#1108,.F.);
#1422=ORIENTED_EDGE('',*,*,#1109,.F.);
#1423=ORIENTED_EDGE('',*,*,#1109,.T.);
#1424=ORIENTED_EDGE('',*,*,#1110,.F.);
#1425=ORIENTED_EDGE('',*,*,#1111,.T.);
#1426=ORIENTED_EDGE('',*,*,#1112,.F.);
#1427=ORIENTED_EDGE('',*,*,#1107,.T.);
#1428=ORIENTED_EDGE('',*,*,#1113,.F.);
#1429=ORIENTED_EDGE('',*,*,#1114,.T.);
#1430=ORIENTED_EDGE('',*,*,#1115,.F.);
#1431=ORIENTED_EDGE('',*,*,#1106,.T.);
#1432=ORIENTED_EDGE('',*,*,#1112,.T.);
#1433=ORIENTED_EDGE('',*,*,#1116,.T.);
#1434=ORIENTED_EDGE('',*,*,#1117,.T.);
#1435=ORIENTED_EDGE('',*,*,#1118,.T.);
#1436=ORIENTED_EDGE('',*,*,#1119,.T.);
#1437=ORIENTED_EDGE('',*,*,#1120,.T.);
#1438=ORIENTED_EDGE('',*,*,#1121,.T.);
#1439=ORIENTED_EDGE('',*,*,#1122,.T.);
#1440=ORIENTED_EDGE('',*,*,#1123,.T.);
#1441=ORIENTED_EDGE('',*,*,#1124,.T.);
#1442=ORIENTED_EDGE('',*,*,#1125,.T.);
#1443=ORIENTED_EDGE('',*,*,#1126,.T.);
#1444=ORIENTED_EDGE('',*,*,#1127,.T.);
#1445=ORIENTED_EDGE('',*,*,#1128,.T.);
#1446=ORIENTED_EDGE('',*,*,#1129,.T.);
#1447=ORIENTED_EDGE('',*,*,#1130,.T.);
#1448=ORIENTED_EDGE('',*,*,#1131,.T.);
#1449=ORIENTED_EDGE('',*,*,#1132,.T.);
#1450=ORIENTED_EDGE('',*,*,#1133,.T.);
#1451=ORIENTED_EDGE('',*,*,#1134,.F.);
#1452=ORIENTED_EDGE('',*,*,#1135,.F.);
#1453=ORIENTED_EDGE('',*,*,#1090,.T.);
#1454=ORIENTED_EDGE('',*,*,#1136,.T.);
#1455=ORIENTED_EDGE('',*,*,#1137,.T.);
#1456=ORIENTED_EDGE('',*,*,#1138,.T.);
#1457=ORIENTED_EDGE('',*,*,#1139,.T.);
#1458=ORIENTED_EDGE('',*,*,#1140,.T.);
#1459=ORIENTED_EDGE('',*,*,#1113,.T.);
#1460=ORIENTED_EDGE('',*,*,#1118,.F.);
#1461=ORIENTED_EDGE('',*,*,#1141,.F.);
#1462=ORIENTED_EDGE('',*,*,#1142,.F.);
#1463=ORIENTED_EDGE('',*,*,#1143,.F.);
#1464=ORIENTED_EDGE('',*,*,#1141,.T.);
#1465=ORIENTED_EDGE('',*,*,#1117,.F.);
#1466=ORIENTED_EDGE('',*,*,#1144,.T.);
#1467=ORIENTED_EDGE('',*,*,#1145,.F.);
#1468=ORIENTED_EDGE('',*,*,#1143,.T.);
#1469=ORIENTED_EDGE('',*,*,#1146,.F.);
#1470=ORIENTED_EDGE('',*,*,#1147,.T.);
#1471=ORIENTED_EDGE('',*,*,#1119,.F.);
#1472=ORIENTED_EDGE('',*,*,#1108,.T.);
#1473=ORIENTED_EDGE('',*,*,#1115,.T.);
#1474=ORIENTED_EDGE('',*,*,#1148,.T.);
#1475=ORIENTED_EDGE('',*,*,#1149,.T.);
#1476=ORIENTED_EDGE('',*,*,#1150,.T.);
#1477=ORIENTED_EDGE('',*,*,#1151,.T.);
#1478=ORIENTED_EDGE('',*,*,#1152,.T.);
#1479=ORIENTED_EDGE('',*,*,#1098,.F.);
#1480=ORIENTED_EDGE('',*,*,#1153,.F.);
#1481=ORIENTED_EDGE('',*,*,#1154,.T.);
#1482=ORIENTED_EDGE('',*,*,#1155,.T.);
#1483=ORIENTED_EDGE('',*,*,#1156,.T.);
#1484=ORIENTED_EDGE('',*,*,#1157,.T.);
#1485=ORIENTED_EDGE('',*,*,#1158,.T.);
#1486=ORIENTED_EDGE('',*,*,#1159,.T.);
#1487=ORIENTED_EDGE('',*,*,#1160,.T.);
#1488=ORIENTED_EDGE('',*,*,#1161,.T.);
#1489=ORIENTED_EDGE('',*,*,#1162,.T.);
#1490=ORIENTED_EDGE('',*,*,#1163,.T.);
#1491=ORIENTED_EDGE('',*,*,#1164,.T.);
#1492=ORIENTED_EDGE('',*,*,#1165,.T.);
#1493=ORIENTED_EDGE('',*,*,#1166,.T.);
#1494=ORIENTED_EDGE('',*,*,#1167,.T.);
#1495=ORIENTED_EDGE('',*,*,#1168,.T.);
#1496=ORIENTED_EDGE('',*,*,#1146,.T.);
#1497=ORIENTED_EDGE('',*,*,#1142,.T.);
#1498=ORIENTED_EDGE('',*,*,#1145,.T.);
#1499=ORIENTED_EDGE('',*,*,#1169,.T.);
#1500=ORIENTED_EDGE('',*,*,#1110,.T.);
#1501=ORIENTED_EDGE('',*,*,#1128,.F.);
#1502=ORIENTED_EDGE('',*,*,#1170,.F.);
#1503=ORIENTED_EDGE('',*,*,#1160,.F.);
#1504=ORIENTED_EDGE('',*,*,#1171,.F.);
#1505=ORIENTED_EDGE('',*,*,#1171,.T.);
#1506=ORIENTED_EDGE('',*,*,#1159,.F.);
#1507=ORIENTED_EDGE('',*,*,#1172,.T.);
#1508=ORIENTED_EDGE('',*,*,#1129,.F.);
#1509=ORIENTED_EDGE('',*,*,#1170,.T.);
#1510=ORIENTED_EDGE('',*,*,#1127,.F.);
#1511=ORIENTED_EDGE('',*,*,#1173,.T.);
#1512=ORIENTED_EDGE('',*,*,#1161,.F.);
#1513=ORIENTED_EDGE('',*,*,#1124,.F.);
#1514=ORIENTED_EDGE('',*,*,#1174,.F.);
#1515=ORIENTED_EDGE('',*,*,#1164,.F.);
#1516=ORIENTED_EDGE('',*,*,#1175,.F.);
#1517=ORIENTED_EDGE('',*,*,#1174,.T.);
#1518=ORIENTED_EDGE('',*,*,#1123,.F.);
#1519=ORIENTED_EDGE('',*,*,#1176,.T.);
#1520=ORIENTED_EDGE('',*,*,#1165,.F.);
#1521=ORIENTED_EDGE('',*,*,#1122,.F.);
#1522=ORIENTED_EDGE('',*,*,#1177,.F.);
#1523=ORIENTED_EDGE('',*,*,#1166,.F.);
#1524=ORIENTED_EDGE('',*,*,#1176,.F.);
#1525=ORIENTED_EDGE('',*,*,#1177,.T.);
#1526=ORIENTED_EDGE('',*,*,#1121,.F.);
#1527=ORIENTED_EDGE('',*,*,#1178,.T.);
#1528=ORIENTED_EDGE('',*,*,#1167,.F.);
#1529=ORIENTED_EDGE('',*,*,#1175,.T.);
#1530=ORIENTED_EDGE('',*,*,#1163,.F.);
#1531=ORIENTED_EDGE('',*,*,#1179,.T.);
#1532=ORIENTED_EDGE('',*,*,#1125,.F.);
#1533=ORIENTED_EDGE('',*,*,#1140,.F.);
#1534=ORIENTED_EDGE('',*,*,#1180,.F.);
#1535=ORIENTED_EDGE('',*,*,#1148,.F.);
#1536=ORIENTED_EDGE('',*,*,#1114,.F.);
#1537=ORIENTED_EDGE('',*,*,#1105,.F.);
#1538=ORIENTED_EDGE('',*,*,#1181,.F.);
#1539=ORIENTED_EDGE('',*,*,#1083,.F.);
#1540=ORIENTED_EDGE('',*,*,#1078,.F.);
#1541=ORIENTED_EDGE('',*,*,#1103,.F.);
#1542=ORIENTED_EDGE('',*,*,#1182,.F.);
#1543=ORIENTED_EDGE('',*,*,#1085,.F.);
#1544=ORIENTED_EDGE('',*,*,#1183,.F.);
#1545=ORIENTED_EDGE('',*,*,#1181,.T.);
#1546=ORIENTED_EDGE('',*,*,#1104,.F.);
#1547=ORIENTED_EDGE('',*,*,#1183,.T.);
#1548=ORIENTED_EDGE('',*,*,#1084,.F.);
#1549=ORIENTED_EDGE('',*,*,#1101,.F.);
#1550=ORIENTED_EDGE('',*,*,#1184,.F.);
#1551=ORIENTED_EDGE('',*,*,#1087,.F.);
#1552=ORIENTED_EDGE('',*,*,#1185,.F.);
#1553=ORIENTED_EDGE('',*,*,#1182,.T.);
#1554=ORIENTED_EDGE('',*,*,#1102,.F.);
#1555=ORIENTED_EDGE('',*,*,#1185,.T.);
#1556=ORIENTED_EDGE('',*,*,#1086,.F.);
#1557=ORIENTED_EDGE('',*,*,#1116,.F.);
#1558=ORIENTED_EDGE('',*,*,#1111,.F.);
#1559=ORIENTED_EDGE('',*,*,#1169,.F.);
#1560=ORIENTED_EDGE('',*,*,#1144,.F.);
#1561=ORIENTED_EDGE('',*,*,#1180,.T.);
#1562=ORIENTED_EDGE('',*,*,#1139,.F.);
#1563=ORIENTED_EDGE('',*,*,#1186,.T.);
#1564=ORIENTED_EDGE('',*,*,#1149,.F.);
#1565=ORIENTED_EDGE('',*,*,#1126,.F.);
#1566=ORIENTED_EDGE('',*,*,#1179,.F.);
#1567=ORIENTED_EDGE('',*,*,#1162,.F.);
#1568=ORIENTED_EDGE('',*,*,#1173,.F.);
#1569=ORIENTED_EDGE('',*,*,#1130,.F.);
#1570=ORIENTED_EDGE('',*,*,#1172,.F.);
#1571=ORIENTED_EDGE('',*,*,#1158,.F.);
#1572=ORIENTED_EDGE('',*,*,#1187,.F.);
#1573=ORIENTED_EDGE('',*,*,#1132,.F.);
#1574=ORIENTED_EDGE('',*,*,#1188,.F.);
#1575=ORIENTED_EDGE('',*,*,#1156,.F.);
#1576=ORIENTED_EDGE('',*,*,#1189,.F.);
#1577=ORIENTED_EDGE('',*,*,#1187,.T.);
#1578=ORIENTED_EDGE('',*,*,#1157,.F.);
#1579=ORIENTED_EDGE('',*,*,#1188,.T.);
#1580=ORIENTED_EDGE('',*,*,#1131,.F.);
#1581=ORIENTED_EDGE('',*,*,#1120,.F.);
#1582=ORIENTED_EDGE('',*,*,#1147,.F.);
#1583=ORIENTED_EDGE('',*,*,#1168,.F.);
#1584=ORIENTED_EDGE('',*,*,#1178,.F.);
#1585=ORIENTED_EDGE('',*,*,#1189,.T.);
#1586=ORIENTED_EDGE('',*,*,#1155,.F.);
#1587=ORIENTED_EDGE('',*,*,#1190,.F.);
#1588=ORIENTED_EDGE('',*,*,#1191,.F.);
#1589=ORIENTED_EDGE('',*,*,#1192,.T.);
#1590=ORIENTED_EDGE('',*,*,#1133,.F.);
#1591=ORIENTED_EDGE('',*,*,#1138,.F.);
#1592=ORIENTED_EDGE('',*,*,#1193,.F.);
#1593=ORIENTED_EDGE('',*,*,#1150,.F.);
#1594=ORIENTED_EDGE('',*,*,#1186,.F.);
#1595=ORIENTED_EDGE('',*,*,#1136,.F.);
#1596=ORIENTED_EDGE('',*,*,#1089,.F.);
#1597=ORIENTED_EDGE('',*,*,#1194,.F.);
#1598=ORIENTED_EDGE('',*,*,#1099,.F.);
#1599=ORIENTED_EDGE('',*,*,#1152,.F.);
#1600=ORIENTED_EDGE('',*,*,#1195,.F.);
#1601=ORIENTED_EDGE('',*,*,#1184,.T.);
#1602=ORIENTED_EDGE('',*,*,#1100,.F.);
#1603=ORIENTED_EDGE('',*,*,#1194,.T.);
#1604=ORIENTED_EDGE('',*,*,#1088,.F.);
#1605=ORIENTED_EDGE('',*,*,#1193,.T.);
#1606=ORIENTED_EDGE('',*,*,#1137,.F.);
#1607=ORIENTED_EDGE('',*,*,#1195,.T.);
#1608=ORIENTED_EDGE('',*,*,#1151,.F.);
#1609=ORIENTED_EDGE('',*,*,#1192,.F.);
#1610=ORIENTED_EDGE('',*,*,#1196,.T.);
#1611=ORIENTED_EDGE('',*,*,#1197,.T.);
#1612=ORIENTED_EDGE('',*,*,#1134,.T.);
#1613=ORIENTED_EDGE('',*,*,#1198,.F.);
#1614=ORIENTED_EDGE('',*,*,#1096,.T.);
#1615=ORIENTED_EDGE('',*,*,#1095,.T.);
#1616=ORIENTED_EDGE('',*,*,#1092,.F.);
#1617=ORIENTED_EDGE('',*,*,#1199,.F.);
#1618=ORIENTED_EDGE('',*,*,#1200,.T.);
#1619=ORIENTED_EDGE('',*,*,#1190,.T.);
#1620=ORIENTED_EDGE('',*,*,#1154,.F.);
#1621=ORIENTED_EDGE('',*,*,#1196,.F.);
#1622=ORIENTED_EDGE('',*,*,#1191,.T.);
#1623=ORIENTED_EDGE('',*,*,#1200,.F.);
#1624=ORIENTED_EDGE('',*,*,#1201,.F.);
#1625=ORIENTED_EDGE('',*,*,#1202,.F.);
#1626=ORIENTED_EDGE('',*,*,#1203,.T.);
#1627=ORIENTED_EDGE('',*,*,#1204,.T.);
#1628=ORIENTED_EDGE('',*,*,#1205,.T.);
#1629=ORIENTED_EDGE('',*,*,#1206,.T.);
#1630=ORIENTED_EDGE('',*,*,#1207,.T.);
#1631=ORIENTED_EDGE('',*,*,#1208,.T.);
#1632=ORIENTED_EDGE('',*,*,#1209,.T.);
#1633=ORIENTED_EDGE('',*,*,#1210,.T.);
#1634=ORIENTED_EDGE('',*,*,#1211,.T.);
#1635=ORIENTED_EDGE('',*,*,#1212,.T.);
#1636=ORIENTED_EDGE('',*,*,#1213,.T.);
#1637=ORIENTED_EDGE('',*,*,#1214,.T.);
#1638=ORIENTED_EDGE('',*,*,#1215,.T.);
#1639=ORIENTED_EDGE('',*,*,#1216,.T.);
#1640=ORIENTED_EDGE('',*,*,#1217,.T.);
#1641=ORIENTED_EDGE('',*,*,#1218,.T.);
#1642=ORIENTED_EDGE('',*,*,#1219,.T.);
#1643=ORIENTED_EDGE('',*,*,#1220,.T.);
#1644=ORIENTED_EDGE('',*,*,#1221,.T.);
#1645=ORIENTED_EDGE('',*,*,#1222,.T.);
#1646=ORIENTED_EDGE('',*,*,#1223,.T.);
#1647=ORIENTED_EDGE('',*,*,#1224,.T.);
#1648=ORIENTED_EDGE('',*,*,#1225,.T.);
#1649=ORIENTED_EDGE('',*,*,#1226,.T.);
#1650=ORIENTED_EDGE('',*,*,#1227,.T.);
#1651=ORIENTED_EDGE('',*,*,#1228,.T.);
#1652=ORIENTED_EDGE('',*,*,#1229,.T.);
#1653=ORIENTED_EDGE('',*,*,#1230,.T.);
#1654=ORIENTED_EDGE('',*,*,#1231,.T.);
#1655=ORIENTED_EDGE('',*,*,#1232,.T.);
#1656=ORIENTED_EDGE('',*,*,#1233,.F.);
#1657=ORIENTED_EDGE('',*,*,#1234,.T.);
#1658=ORIENTED_EDGE('',*,*,#1235,.T.);
#1659=ORIENTED_EDGE('',*,*,#1236,.T.);
#1660=ORIENTED_EDGE('',*,*,#1198,.T.);
#1661=ORIENTED_EDGE('',*,*,#1091,.T.);
#1662=ORIENTED_EDGE('',*,*,#1135,.T.);
#1663=ORIENTED_EDGE('',*,*,#1197,.F.);
#1664=ORIENTED_EDGE('',*,*,#1201,.T.);
#1665=ORIENTED_EDGE('',*,*,#1199,.T.);
#1666=ORIENTED_EDGE('',*,*,#1153,.T.);
#1667=ORIENTED_EDGE('',*,*,#1097,.T.);
#1668=ORIENTED_EDGE('',*,*,#1237,.F.);
#1669=ORIENTED_EDGE('',*,*,#1238,.F.);
#1670=ORIENTED_EDGE('',*,*,#1234,.F.);
#1671=ORIENTED_EDGE('',*,*,#1239,.F.);
#1672=ORIENTED_EDGE('',*,*,#1240,.F.);
#1673=ORIENTED_EDGE('',*,*,#1241,.T.);
#1674=ORIENTED_EDGE('',*,*,#1242,.T.);
#1675=ORIENTED_EDGE('',*,*,#1243,.T.);
#1676=ORIENTED_EDGE('',*,*,#1244,.F.);
#1677=ORIENTED_EDGE('',*,*,#1245,.F.);
#1678=ORIENTED_EDGE('',*,*,#1235,.F.);
#1679=ORIENTED_EDGE('',*,*,#1238,.T.);
#1680=ORIENTED_EDGE('',*,*,#1246,.F.);
#1681=ORIENTED_EDGE('',*,*,#1247,.F.);
#1682=ORIENTED_EDGE('',*,*,#1236,.F.);
#1683=ORIENTED_EDGE('',*,*,#1245,.T.);
#1684=ORIENTED_EDGE('',*,*,#1248,.T.);
#1685=ORIENTED_EDGE('',*,*,#1249,.T.);
#1686=ORIENTED_EDGE('',*,*,#1248,.F.);
#1687=ORIENTED_EDGE('',*,*,#1250,.T.);
#1688=ORIENTED_EDGE('',*,*,#1251,.F.);
#1689=ORIENTED_EDGE('',*,*,#1250,.F.);
#1690=ORIENTED_EDGE('',*,*,#1252,.T.);
#1691=ORIENTED_EDGE('',*,*,#1253,.T.);
#1692=ORIENTED_EDGE('',*,*,#1252,.F.);
#1693=ORIENTED_EDGE('',*,*,#1254,.T.);
#1694=ORIENTED_EDGE('',*,*,#1255,.F.);
#1695=ORIENTED_EDGE('',*,*,#1254,.F.);
#1696=ORIENTED_EDGE('',*,*,#1256,.T.);
#1697=ORIENTED_EDGE('',*,*,#1241,.F.);
#1698=ORIENTED_EDGE('',*,*,#1257,.T.);
#1699=ORIENTED_EDGE('',*,*,#1258,.T.);
#1700=ORIENTED_EDGE('',*,*,#1259,.T.);
#1701=ORIENTED_EDGE('',*,*,#1260,.T.);
#1702=ORIENTED_EDGE('',*,*,#1261,.T.);
#1703=ORIENTED_EDGE('',*,*,#1262,.T.);
#1704=ORIENTED_EDGE('',*,*,#1263,.T.);
#1705=ORIENTED_EDGE('',*,*,#1264,.T.);
#1706=ORIENTED_EDGE('',*,*,#1255,.T.);
#1707=ORIENTED_EDGE('',*,*,#1251,.T.);
#1708=ORIENTED_EDGE('',*,*,#1265,.T.);
#1709=ORIENTED_EDGE('',*,*,#1266,.T.);
#1710=ORIENTED_EDGE('',*,*,#1267,.T.);
#1711=ORIENTED_EDGE('',*,*,#1266,.F.);
#1712=ORIENTED_EDGE('',*,*,#1268,.T.);
#1713=ORIENTED_EDGE('',*,*,#1265,.F.);
#1714=ORIENTED_EDGE('',*,*,#1268,.F.);
#1715=ORIENTED_EDGE('',*,*,#1269,.T.);
#1716=ORIENTED_EDGE('',*,*,#1269,.F.);
#1717=ORIENTED_EDGE('',*,*,#1270,.T.);
#1718=ORIENTED_EDGE('',*,*,#1249,.F.);
#1719=ORIENTED_EDGE('',*,*,#1270,.F.);
#1720=ORIENTED_EDGE('',*,*,#1271,.T.);
#1721=ORIENTED_EDGE('',*,*,#1271,.F.);
#1722=ORIENTED_EDGE('',*,*,#1272,.T.);
#1723=ORIENTED_EDGE('',*,*,#1253,.F.);
#1724=ORIENTED_EDGE('',*,*,#1272,.F.);
#1725=ORIENTED_EDGE('',*,*,#1273,.T.);
#1726=ORIENTED_EDGE('',*,*,#1273,.F.);
#1727=ORIENTED_EDGE('',*,*,#1274,.T.);
#1728=ORIENTED_EDGE('',*,*,#1267,.F.);
#1729=ORIENTED_EDGE('',*,*,#1274,.F.);
#1730=ORIENTED_EDGE('',*,*,#1275,.T.);
#1731=ORIENTED_EDGE('',*,*,#1242,.F.);
#1732=ORIENTED_EDGE('',*,*,#1256,.F.);
#1733=ORIENTED_EDGE('',*,*,#1276,.T.);
#1734=ORIENTED_EDGE('',*,*,#1277,.F.);
#1735=ORIENTED_EDGE('',*,*,#1278,.F.);
#1736=ORIENTED_EDGE('',*,*,#1263,.F.);
#1737=ORIENTED_EDGE('',*,*,#1279,.T.);
#1738=ORIENTED_EDGE('',*,*,#1280,.F.);
#1739=ORIENTED_EDGE('',*,*,#1279,.F.);
#1740=ORIENTED_EDGE('',*,*,#1262,.F.);
#1741=ORIENTED_EDGE('',*,*,#1281,.T.);
#1742=ORIENTED_EDGE('',*,*,#1282,.F.);
#1743=ORIENTED_EDGE('',*,*,#1281,.F.);
#1744=ORIENTED_EDGE('',*,*,#1261,.F.);
#1745=ORIENTED_EDGE('',*,*,#1283,.T.);
#1746=ORIENTED_EDGE('',*,*,#1284,.T.);
#1747=ORIENTED_EDGE('',*,*,#1285,.F.);
#1748=ORIENTED_EDGE('',*,*,#1257,.F.);
#1749=ORIENTED_EDGE('',*,*,#1240,.T.);
#1750=ORIENTED_EDGE('',*,*,#1286,.T.);
#1751=ORIENTED_EDGE('',*,*,#1284,.F.);
#1752=ORIENTED_EDGE('',*,*,#1243,.F.);
#1753=ORIENTED_EDGE('',*,*,#1275,.F.);
#1754=ORIENTED_EDGE('',*,*,#1287,.F.);
#1755=ORIENTED_EDGE('',*,*,#1288,.F.);
#1756=ORIENTED_EDGE('',*,*,#1208,.F.);
#1757=ORIENTED_EDGE('',*,*,#1289,.T.);
#1758=ORIENTED_EDGE('',*,*,#1290,.F.);
#1759=ORIENTED_EDGE('',*,*,#1289,.F.);
#1760=ORIENTED_EDGE('',*,*,#1207,.F.);
#1761=ORIENTED_EDGE('',*,*,#1291,.T.);
#1762=ORIENTED_EDGE('',*,*,#1292,.T.);
#1763=ORIENTED_EDGE('',*,*,#1293,.F.);
#1764=ORIENTED_EDGE('',*,*,#1294,.F.);
#1765=ORIENTED_EDGE('',*,*,#1231,.F.);
#1766=ORIENTED_EDGE('',*,*,#1295,.T.);
#1767=ORIENTED_EDGE('',*,*,#1296,.F.);
#1768=ORIENTED_EDGE('',*,*,#1295,.F.);
#1769=ORIENTED_EDGE('',*,*,#1230,.F.);
#1770=ORIENTED_EDGE('',*,*,#1297,.T.);
#1771=ORIENTED_EDGE('',*,*,#1298,.F.);
#1772=ORIENTED_EDGE('',*,*,#1297,.F.);
#1773=ORIENTED_EDGE('',*,*,#1229,.F.);
#1774=ORIENTED_EDGE('',*,*,#1299,.T.);
#1775=ORIENTED_EDGE('',*,*,#1300,.F.);
#1776=ORIENTED_EDGE('',*,*,#1299,.F.);
#1777=ORIENTED_EDGE('',*,*,#1228,.F.);
#1778=ORIENTED_EDGE('',*,*,#1301,.T.);
#1779=ORIENTED_EDGE('',*,*,#1302,.T.);
#1780=ORIENTED_EDGE('',*,*,#1303,.T.);
#1781=ORIENTED_EDGE('',*,*,#1205,.F.);
#1782=ORIENTED_EDGE('',*,*,#1304,.T.);
#1783=ORIENTED_EDGE('',*,*,#1305,.F.);
#1784=ORIENTED_EDGE('',*,*,#1306,.F.);
#1785=ORIENTED_EDGE('',*,*,#1232,.F.);
#1786=ORIENTED_EDGE('',*,*,#1294,.T.);
#1787=ORIENTED_EDGE('',*,*,#1307,.F.);
#1788=ORIENTED_EDGE('',*,*,#1239,.T.);
#1789=ORIENTED_EDGE('',*,*,#1233,.T.);
#1790=ORIENTED_EDGE('',*,*,#1306,.T.);
#1791=ORIENTED_EDGE('',*,*,#1308,.F.);
#1792=ORIENTED_EDGE('',*,*,#1309,.T.);
#1793=ORIENTED_EDGE('',*,*,#1202,.T.);
#1794=ORIENTED_EDGE('',*,*,#1247,.T.);
#1795=ORIENTED_EDGE('',*,*,#1310,.T.);
#1796=ORIENTED_EDGE('',*,*,#1291,.F.);
#1797=ORIENTED_EDGE('',*,*,#1206,.F.);
#1798=ORIENTED_EDGE('',*,*,#1303,.F.);
#1799=ORIENTED_EDGE('',*,*,#1311,.F.);
#1800=ORIENTED_EDGE('',*,*,#1312,.F.);
#1801=ORIENTED_EDGE('',*,*,#1313,.F.);
#1802=ORIENTED_EDGE('',*,*,#1314,.T.);
#1803=ORIENTED_EDGE('',*,*,#1315,.F.);
#1804=ORIENTED_EDGE('',*,*,#1314,.F.);
#1805=ORIENTED_EDGE('',*,*,#1316,.F.);
#1806=ORIENTED_EDGE('',*,*,#1317,.T.);
#1807=ORIENTED_EDGE('',*,*,#1318,.F.);
#1808=ORIENTED_EDGE('',*,*,#1317,.F.);
#1809=ORIENTED_EDGE('',*,*,#1319,.F.);
#1810=ORIENTED_EDGE('',*,*,#1320,.T.);
#1811=ORIENTED_EDGE('',*,*,#1321,.F.);
#1812=ORIENTED_EDGE('',*,*,#1320,.F.);
#1813=ORIENTED_EDGE('',*,*,#1322,.F.);
#1814=ORIENTED_EDGE('',*,*,#1323,.T.);
#1815=ORIENTED_EDGE('',*,*,#1324,.F.);
#1816=ORIENTED_EDGE('',*,*,#1323,.F.);
#1817=ORIENTED_EDGE('',*,*,#1325,.F.);
#1818=ORIENTED_EDGE('',*,*,#1326,.F.);
#1819=ORIENTED_EDGE('',*,*,#1327,.F.);
#1820=ORIENTED_EDGE('',*,*,#1292,.F.);
#1821=ORIENTED_EDGE('',*,*,#1328,.F.);
#1822=ORIENTED_EDGE('',*,*,#1312,.T.);
#1823=ORIENTED_EDGE('',*,*,#1329,.T.);
#1824=ORIENTED_EDGE('',*,*,#1304,.F.);
#1825=ORIENTED_EDGE('',*,*,#1204,.F.);
#1826=ORIENTED_EDGE('',*,*,#1330,.T.);
#1827=ORIENTED_EDGE('',*,*,#1331,.F.);
#1828=ORIENTED_EDGE('',*,*,#1326,.T.);
#1829=ORIENTED_EDGE('',*,*,#1332,.T.);
#1830=ORIENTED_EDGE('',*,*,#1330,.F.);
#1831=ORIENTED_EDGE('',*,*,#1203,.F.);
#1832=ORIENTED_EDGE('',*,*,#1309,.F.);
#1833=ORIENTED_EDGE('',*,*,#1329,.F.);
#1834=ORIENTED_EDGE('',*,*,#1332,.F.);
#1835=ORIENTED_EDGE('',*,*,#1325,.T.);
#1836=ORIENTED_EDGE('',*,*,#1322,.T.);
#1837=ORIENTED_EDGE('',*,*,#1319,.T.);
#1838=ORIENTED_EDGE('',*,*,#1316,.T.);
#1839=ORIENTED_EDGE('',*,*,#1313,.T.);
#1840=ORIENTED_EDGE('',*,*,#1328,.T.);
#1841=ORIENTED_EDGE('',*,*,#1310,.F.);
#1842=ORIENTED_EDGE('',*,*,#1302,.F.);
#1843=ORIENTED_EDGE('',*,*,#1333,.F.);
#1844=ORIENTED_EDGE('',*,*,#1301,.F.);
#1845=ORIENTED_EDGE('',*,*,#1227,.F.);
#1846=ORIENTED_EDGE('',*,*,#1334,.T.);
#1847=ORIENTED_EDGE('',*,*,#1335,.F.);
#1848=ORIENTED_EDGE('',*,*,#1334,.F.);
#1849=ORIENTED_EDGE('',*,*,#1226,.F.);
#1850=ORIENTED_EDGE('',*,*,#1336,.T.);
#1851=ORIENTED_EDGE('',*,*,#1337,.F.);
#1852=ORIENTED_EDGE('',*,*,#1336,.F.);
#1853=ORIENTED_EDGE('',*,*,#1225,.F.);
#1854=ORIENTED_EDGE('',*,*,#1338,.T.);
#1855=ORIENTED_EDGE('',*,*,#1339,.F.);
#1856=ORIENTED_EDGE('',*,*,#1338,.F.);
#1857=ORIENTED_EDGE('',*,*,#1224,.F.);
#1858=ORIENTED_EDGE('',*,*,#1340,.T.);
#1859=ORIENTED_EDGE('',*,*,#1341,.F.);
#1860=ORIENTED_EDGE('',*,*,#1340,.F.);
#1861=ORIENTED_EDGE('',*,*,#1223,.F.);
#1862=ORIENTED_EDGE('',*,*,#1342,.T.);
#1863=ORIENTED_EDGE('',*,*,#1343,.F.);
#1864=ORIENTED_EDGE('',*,*,#1342,.F.);
#1865=ORIENTED_EDGE('',*,*,#1222,.F.);
#1866=ORIENTED_EDGE('',*,*,#1344,.T.);
#1867=ORIENTED_EDGE('',*,*,#1345,.F.);
#1868=ORIENTED_EDGE('',*,*,#1344,.F.);
#1869=ORIENTED_EDGE('',*,*,#1221,.F.);
#1870=ORIENTED_EDGE('',*,*,#1346,.T.);
#1871=ORIENTED_EDGE('',*,*,#1347,.F.);
#1872=ORIENTED_EDGE('',*,*,#1346,.F.);
#1873=ORIENTED_EDGE('',*,*,#1220,.F.);
#1874=ORIENTED_EDGE('',*,*,#1348,.T.);
#1875=ORIENTED_EDGE('',*,*,#1349,.F.);
#1876=ORIENTED_EDGE('',*,*,#1348,.F.);
#1877=ORIENTED_EDGE('',*,*,#1219,.F.);
#1878=ORIENTED_EDGE('',*,*,#1350,.T.);
#1879=ORIENTED_EDGE('',*,*,#1351,.F.);
#1880=ORIENTED_EDGE('',*,*,#1350,.F.);
#1881=ORIENTED_EDGE('',*,*,#1218,.F.);
#1882=ORIENTED_EDGE('',*,*,#1352,.T.);
#1883=ORIENTED_EDGE('',*,*,#1353,.F.);
#1884=ORIENTED_EDGE('',*,*,#1352,.F.);
#1885=ORIENTED_EDGE('',*,*,#1217,.F.);
#1886=ORIENTED_EDGE('',*,*,#1354,.T.);
#1887=ORIENTED_EDGE('',*,*,#1355,.F.);
#1888=ORIENTED_EDGE('',*,*,#1354,.F.);
#1889=ORIENTED_EDGE('',*,*,#1216,.F.);
#1890=ORIENTED_EDGE('',*,*,#1356,.T.);
#1891=ORIENTED_EDGE('',*,*,#1357,.F.);
#1892=ORIENTED_EDGE('',*,*,#1356,.F.);
#1893=ORIENTED_EDGE('',*,*,#1215,.F.);
#1894=ORIENTED_EDGE('',*,*,#1358,.T.);
#1895=ORIENTED_EDGE('',*,*,#1359,.F.);
#1896=ORIENTED_EDGE('',*,*,#1358,.F.);
#1897=ORIENTED_EDGE('',*,*,#1214,.F.);
#1898=ORIENTED_EDGE('',*,*,#1360,.T.);
#1899=ORIENTED_EDGE('',*,*,#1361,.F.);
#1900=ORIENTED_EDGE('',*,*,#1360,.F.);
#1901=ORIENTED_EDGE('',*,*,#1213,.F.);
#1902=ORIENTED_EDGE('',*,*,#1362,.T.);
#1903=ORIENTED_EDGE('',*,*,#1363,.F.);
#1904=ORIENTED_EDGE('',*,*,#1362,.F.);
#1905=ORIENTED_EDGE('',*,*,#1212,.F.);
#1906=ORIENTED_EDGE('',*,*,#1364,.T.);
#1907=ORIENTED_EDGE('',*,*,#1365,.F.);
#1908=ORIENTED_EDGE('',*,*,#1364,.F.);
#1909=ORIENTED_EDGE('',*,*,#1211,.F.);
#1910=ORIENTED_EDGE('',*,*,#1366,.T.);
#1911=ORIENTED_EDGE('',*,*,#1367,.F.);
#1912=ORIENTED_EDGE('',*,*,#1366,.F.);
#1913=ORIENTED_EDGE('',*,*,#1210,.F.);
#1914=ORIENTED_EDGE('',*,*,#1368,.T.);
#1915=ORIENTED_EDGE('',*,*,#1369,.F.);
#1916=ORIENTED_EDGE('',*,*,#1368,.F.);
#1917=ORIENTED_EDGE('',*,*,#1209,.F.);
#1918=ORIENTED_EDGE('',*,*,#1288,.T.);
#1919=ORIENTED_EDGE('',*,*,#1370,.F.);
#1920=ORIENTED_EDGE('',*,*,#1283,.F.);
#1921=ORIENTED_EDGE('',*,*,#1260,.F.);
#1922=ORIENTED_EDGE('',*,*,#1371,.T.);
#1923=ORIENTED_EDGE('',*,*,#1372,.F.);
#1924=ORIENTED_EDGE('',*,*,#1371,.F.);
#1925=ORIENTED_EDGE('',*,*,#1259,.F.);
#1926=ORIENTED_EDGE('',*,*,#1373,.T.);
#1927=ORIENTED_EDGE('',*,*,#1374,.F.);
#1928=ORIENTED_EDGE('',*,*,#1373,.F.);
#1929=ORIENTED_EDGE('',*,*,#1258,.F.);
#1930=ORIENTED_EDGE('',*,*,#1285,.T.);
#1931=ORIENTED_EDGE('',*,*,#1286,.F.);
#1932=ORIENTED_EDGE('',*,*,#1276,.F.);
#1933=ORIENTED_EDGE('',*,*,#1264,.F.);
#1934=ORIENTED_EDGE('',*,*,#1278,.T.);
#1935=ORIENTED_EDGE('',*,*,#1333,.T.);
#1936=ORIENTED_EDGE('',*,*,#1335,.T.);
#1937=ORIENTED_EDGE('',*,*,#1337,.T.);
#1938=ORIENTED_EDGE('',*,*,#1339,.T.);
#1939=ORIENTED_EDGE('',*,*,#1341,.T.);
#1940=ORIENTED_EDGE('',*,*,#1343,.T.);
#1941=ORIENTED_EDGE('',*,*,#1345,.T.);
#1942=ORIENTED_EDGE('',*,*,#1347,.T.);
#1943=ORIENTED_EDGE('',*,*,#1349,.T.);
#1944=ORIENTED_EDGE('',*,*,#1351,.T.);
#1945=ORIENTED_EDGE('',*,*,#1353,.T.);
#1946=ORIENTED_EDGE('',*,*,#1355,.T.);
#1947=ORIENTED_EDGE('',*,*,#1357,.T.);
#1948=ORIENTED_EDGE('',*,*,#1359,.T.);
#1949=ORIENTED_EDGE('',*,*,#1361,.T.);
#1950=ORIENTED_EDGE('',*,*,#1363,.T.);
#1951=ORIENTED_EDGE('',*,*,#1365,.T.);
#1952=ORIENTED_EDGE('',*,*,#1367,.T.);
#1953=ORIENTED_EDGE('',*,*,#1369,.T.);
#1954=ORIENTED_EDGE('',*,*,#1287,.T.);
#1955=ORIENTED_EDGE('',*,*,#1290,.T.);
#1956=ORIENTED_EDGE('',*,*,#1327,.T.);
#1957=ORIENTED_EDGE('',*,*,#1311,.T.);
#1958=ORIENTED_EDGE('',*,*,#1315,.T.);
#1959=ORIENTED_EDGE('',*,*,#1318,.T.);
#1960=ORIENTED_EDGE('',*,*,#1321,.T.);
#1961=ORIENTED_EDGE('',*,*,#1324,.T.);
#1962=ORIENTED_EDGE('',*,*,#1331,.T.);
#1963=ORIENTED_EDGE('',*,*,#1308,.T.);
#1964=ORIENTED_EDGE('',*,*,#1246,.T.);
#1965=ORIENTED_EDGE('',*,*,#1244,.T.);
#1966=ORIENTED_EDGE('',*,*,#1237,.T.);
#1967=ORIENTED_EDGE('',*,*,#1307,.T.);
#1968=ORIENTED_EDGE('',*,*,#1305,.T.);
#1969=ORIENTED_EDGE('',*,*,#1293,.T.);
#1970=ORIENTED_EDGE('',*,*,#1296,.T.);
#1971=ORIENTED_EDGE('',*,*,#1298,.T.);
#1972=ORIENTED_EDGE('',*,*,#1300,.T.);
#1973=ORIENTED_EDGE('',*,*,#1370,.T.);
#1974=ORIENTED_EDGE('',*,*,#1372,.T.);
#1975=ORIENTED_EDGE('',*,*,#1374,.T.);
#1976=ORIENTED_EDGE('',*,*,#1277,.T.);
#1977=ORIENTED_EDGE('',*,*,#1280,.T.);
#1978=ORIENTED_EDGE('',*,*,#1282,.T.);
#1979=CYLINDRICAL_SURFACE('',#2134,1.06443010104777);
#1980=CYLINDRICAL_SURFACE('',#2145,1.06443010104777);
#1981=CYLINDRICAL_SURFACE('',#2152,1.06443010104777);
#1982=CYLINDRICAL_SURFACE('',#2170,1.06443010104777);
#1983=CYLINDRICAL_SURFACE('',#2186,1.06443010104777);
#1984=CYLINDRICAL_SURFACE('',#2189,1.06443010104777);
#1985=CYLINDRICAL_SURFACE('',#2191,1.06443010104777);
#1986=CYLINDRICAL_SURFACE('',#2194,1.06443010104777);
#1987=CYLINDRICAL_SURFACE('',#2195,1.06443010104777);
#1988=CYLINDRICAL_SURFACE('',#2196,1.06443010104777);
#1989=CYLINDRICAL_SURFACE('',#2198,1.06443010104777);
#1990=CYLINDRICAL_SURFACE('',#2200,1.06443010104777);
#1991=CYLINDRICAL_SURFACE('',#2202,1.06443010104777);
#1992=CYLINDRICAL_SURFACE('',#2203,1.06443010104777);
#1993=CYLINDRICAL_SURFACE('',#2204,1.06443010104777);
#1994=CYLINDRICAL_SURFACE('',#2206,1.06443010104777);
#1995=CYLINDRICAL_SURFACE('',#2209,1.06443010104777);
#1996=CYLINDRICAL_SURFACE('',#2210,1.06443010104777);
#1997=CYLINDRICAL_SURFACE('',#2213,5.);
#1998=CYLINDRICAL_SURFACE('',#2224,15.0000000000001);
#1999=CYLINDRICAL_SURFACE('',#2230,4.);
#2000=CYLINDRICAL_SURFACE('',#2235,4.);
#2001=CYLINDRICAL_SURFACE('',#2244,4.);
#2002=CYLINDRICAL_SURFACE('',#2247,1.6);
#2003=CYLINDRICAL_SURFACE('',#2250,1.6);
#2004=CYLINDRICAL_SURFACE('',#2253,1.6);
#2005=CYLINDRICAL_SURFACE('',#2255,13.0000000000001);
#2006=CYLINDRICAL_SURFACE('',#2269,3.);
#2007=CYLINDRICAL_SURFACE('',#2271,3.);
#2008=CYLINDRICAL_SURFACE('',#2280,20.);
#2009=CYLINDRICAL_SURFACE('',#2303,18.);
#2010=ADVANCED_FACE('',(#155),#1979,.T.);
#2011=ADVANCED_FACE('',(#156),#76,.F.);
#2012=ADVANCED_FACE('',(#157),#77,.F.);
#2013=ADVANCED_FACE('',(#158),#78,.F.);
#2014=ADVANCED_FACE('',(#159),#1980,.T.);
#2015=ADVANCED_FACE('',(#160),#79,.F.);
#2016=ADVANCED_FACE('',(#161),#1981,.T.);
#2017=ADVANCED_FACE('',(#162),#80,.F.);
#2018=ADVANCED_FACE('',(#163),#81,.F.);
#2019=ADVANCED_FACE('',(#164),#82,.F.);
#2020=ADVANCED_FACE('',(#165),#1982,.T.);
#2021=ADVANCED_FACE('',(#166),#83,.F.);
#2022=ADVANCED_FACE('',(#167),#84,.F.);
#2023=ADVANCED_FACE('',(#168),#85,.F.);
#2024=ADVANCED_FACE('',(#169),#1983,.T.);
#2025=ADVANCED_FACE('',(#170),#86,.F.);
#2026=ADVANCED_FACE('',(#171),#87,.F.);
#2027=ADVANCED_FACE('',(#172),#1984,.T.);
#2028=ADVANCED_FACE('',(#173),#88,.F.);
#2029=ADVANCED_FACE('',(#174),#1985,.T.);
#2030=ADVANCED_FACE('',(#175),#89,.F.);
#2031=ADVANCED_FACE('',(#176),#90,.F.);
#2032=ADVANCED_FACE('',(#177),#1986,.T.);
#2033=ADVANCED_FACE('',(#178),#1987,.T.);
#2034=ADVANCED_FACE('',(#179),#1988,.T.);
#2035=ADVANCED_FACE('',(#180),#91,.F.);
#2036=ADVANCED_FACE('',(#181),#1989,.T.);
#2037=ADVANCED_FACE('',(#182),#92,.F.);
#2038=ADVANCED_FACE('',(#183),#1990,.T.);
#2039=ADVANCED_FACE('',(#184),#93,.F.);
#2040=ADVANCED_FACE('',(#185),#1991,.T.);
#2041=ADVANCED_FACE('',(#186),#1992,.T.);
#2042=ADVANCED_FACE('',(#187),#1993,.T.);
#2043=ADVANCED_FACE('',(#188),#94,.F.);
#2044=ADVANCED_FACE('',(#189),#1994,.T.);
#2045=ADVANCED_FACE('',(#190),#95,.F.);
#2046=ADVANCED_FACE('',(#191),#1995,.T.);
#2047=ADVANCED_FACE('',(#192),#1996,.T.);
#2048=ADVANCED_FACE('',(#193),#96,.F.);
#2049=ADVANCED_FACE('',(#194),#97,.F.);
#2050=ADVANCED_FACE('',(#195),#1997,.F.);
#2051=ADVANCED_FACE('',(#196),#98,.F.);
#2052=ADVANCED_FACE('',(#197),#99,.F.);
#2053=ADVANCED_FACE('',(#198),#100,.F.);
#2054=ADVANCED_FACE('',(#199,#15),#101,.F.);
#2055=ADVANCED_FACE('',(#200,#16),#102,.T.);
#2056=ADVANCED_FACE('',(#201),#1998,.T.);
#2057=ADVANCED_FACE('',(#202),#103,.T.);
#2058=ADVANCED_FACE('',(#203,#17),#104,.T.);
#2059=ADVANCED_FACE('',(#204),#1999,.T.);
#2060=ADVANCED_FACE('',(#205,#18),#105,.T.);
#2061=ADVANCED_FACE('',(#206),#2000,.T.);
#2062=ADVANCED_FACE('',(#207,#19,#20,#21),#106,.T.);
#2063=ADVANCED_FACE('',(#208,#22),#107,.T.);
#2064=ADVANCED_FACE('',(#209),#2001,.T.);
#2065=ADVANCED_FACE('',(#210),#108,.T.);
#2066=ADVANCED_FACE('',(#211),#2002,.T.);
#2067=ADVANCED_FACE('',(#212),#109,.T.);
#2068=ADVANCED_FACE('',(#213),#2003,.T.);
#2069=ADVANCED_FACE('',(#214),#110,.T.);
#2070=ADVANCED_FACE('',(#215),#2004,.T.);
#2071=ADVANCED_FACE('',(#216),#111,.T.);
#2072=ADVANCED_FACE('',(#217),#2005,.F.);
#2073=ADVANCED_FACE('',(#218),#112,.T.);
#2074=ADVANCED_FACE('',(#219),#113,.T.);
#2075=ADVANCED_FACE('',(#220),#114,.T.);
#2076=ADVANCED_FACE('',(#221),#115,.F.);
#2077=ADVANCED_FACE('',(#222),#116,.T.);
#2078=ADVANCED_FACE('',(#223),#117,.T.);
#2079=ADVANCED_FACE('',(#224),#118,.T.);
#2080=ADVANCED_FACE('',(#225),#119,.T.);
#2081=ADVANCED_FACE('',(#226),#120,.T.);
#2082=ADVANCED_FACE('',(#227),#121,.T.);
#2083=ADVANCED_FACE('',(#228),#122,.T.);
#2084=ADVANCED_FACE('',(#229),#123,.T.);
#2085=ADVANCED_FACE('',(#230),#2006,.T.);
#2086=ADVANCED_FACE('',(#231),#2007,.T.);
#2087=ADVANCED_FACE('',(#232),#124,.T.);
#2088=ADVANCED_FACE('',(#233),#125,.T.);
#2089=ADVANCED_FACE('',(#234),#126,.T.);
#2090=ADVANCED_FACE('',(#235),#127,.T.);
#2091=ADVANCED_FACE('',(#236),#128,.T.);
#2092=ADVANCED_FACE('',(#237),#129,.T.);
#2093=ADVANCED_FACE('',(#238),#130,.T.);
#2094=ADVANCED_FACE('',(#239),#2008,.T.);
#2095=ADVANCED_FACE('',(#240),#131,.T.);
#2096=ADVANCED_FACE('',(#241),#132,.F.);
#2097=ADVANCED_FACE('',(#242),#133,.T.);
#2098=ADVANCED_FACE('',(#243),#134,.T.);
#2099=ADVANCED_FACE('',(#244),#135,.T.);
#2100=ADVANCED_FACE('',(#245),#136,.T.);
#2101=ADVANCED_FACE('',(#246),#137,.T.);
#2102=ADVANCED_FACE('',(#247),#138,.T.);
#2103=ADVANCED_FACE('',(#248),#139,.T.);
#2104=ADVANCED_FACE('',(#249),#140,.T.);
#2105=ADVANCED_FACE('',(#250),#141,.T.);
#2106=ADVANCED_FACE('',(#251),#142,.T.);
#2107=ADVANCED_FACE('',(#252),#143,.T.);
#2108=ADVANCED_FACE('',(#253),#144,.T.);
#2109=ADVANCED_FACE('',(#254),#145,.T.);
#2110=ADVANCED_FACE('',(#255),#146,.T.);
#2111=ADVANCED_FACE('',(#256),#147,.T.);
#2112=ADVANCED_FACE('',(#257),#148,.T.);
#2113=ADVANCED_FACE('',(#258),#149,.T.);
#2114=ADVANCED_FACE('',(#259),#150,.T.);
#2115=ADVANCED_FACE('',(#260),#151,.T.);
#2116=ADVANCED_FACE('',(#261),#2009,.F.);
#2117=ADVANCED_FACE('',(#262),#152,.T.);
#2118=ADVANCED_FACE('',(#263),#153,.T.);
#2119=ADVANCED_FACE('',(#264,#23),#154,.T.);
#2120=CLOSED_SHELL('',(#2010,#2011,#2012,#2013,#2014,#2015,#2016,#2017,
#2018,#2019,#2020,#2021,#2022,#2023,#2024,#2025,#2026,#2027,#2028,#2029,
#2030,#2031,#2032,#2033,#2034,#2035,#2036,#2037,#2038,#2039,#2040,#2041,
#2042,#2043,#2044,#2045,#2046,#2047,#2048,#2049,#2050,#2051,#2052,#2053,
#2054,#2055,#2056,#2057,#2058,#2059,#2060,#2061,#2062,#2063,#2064,#2065,
#2066,#2067,#2068,#2069,#2070,#2071,#2072,#2073,#2074,#2075,#2076,#2077,
#2078,#2079,#2080,#2081,#2082,#2083,#2084,#2085,#2086,#2087,#2088,#2089,
#2090,#2091,#2092,#2093,#2094,#2095,#2096,#2097,#2098,#2099,#2100,#2101,
#2102,#2103,#2104,#2105,#2106,#2107,#2108,#2109,#2110,#2111,#2112,#2113,
#2114,#2115,#2116,#2117,#2118,#2119));
#2121=DERIVED_UNIT_ELEMENT(#2123,1.);
#2122=DERIVED_UNIT_ELEMENT(#3515,-3.);
#2123=(
MASS_UNIT()
NAMED_UNIT(*)
SI_UNIT(.KILO.,.GRAM.)
);
#2124=DERIVED_UNIT((#2121,#2122));
#2125=MEASURE_REPRESENTATION_ITEM('density measure',
POSITIVE_RATIO_MEASURE(7850.),#2124);
#2126=PROPERTY_DEFINITION_REPRESENTATION(#2131,#2128);
#2127=PROPERTY_DEFINITION_REPRESENTATION(#2132,#2129);
#2128=REPRESENTATION('material name',(#2130),#3512);
#2129=REPRESENTATION('density',(#2125),#3512);
#2130=DESCRIPTIVE_REPRESENTATION_ITEM('Steel','Steel');
#2131=PROPERTY_DEFINITION('material property','material name',#3522);
#2132=PROPERTY_DEFINITION('material property','density of part',#3522);
#2133=AXIS2_PLACEMENT_3D('',#2896,#2308,#2309);
#2134=AXIS2_PLACEMENT_3D('',#2897,#2310,#2311);
#2135=AXIS2_PLACEMENT_3D('',#2900,#2312,#2313);
#2136=AXIS2_PLACEMENT_3D('',#2904,#2315,#2316);
#2137=AXIS2_PLACEMENT_3D('',#2906,#2318,#2319);
#2138=AXIS2_PLACEMENT_3D('',#2912,#2323,#2324);
#2139=AXIS2_PLACEMENT_3D('',#2918,#2328,#2329);
#2140=AXIS2_PLACEMENT_3D('',#2920,#2330,#2331);
#2141=AXIS2_PLACEMENT_3D('',#2924,#2333,#2334);
#2142=AXIS2_PLACEMENT_3D('',#2928,#2336,#2337);
#2143=AXIS2_PLACEMENT_3D('',#2932,#2339,#2340);
#2144=AXIS2_PLACEMENT_3D('',#2939,#2344,#2345);
#2145=AXIS2_PLACEMENT_3D('',#2940,#2346,#2347);
#2146=AXIS2_PLACEMENT_3D('',#2942,#2348,#2349);
#2147=AXIS2_PLACEMENT_3D('',#2944,#2351,#2352);
#2148=AXIS2_PLACEMENT_3D('',#2952,#2356,#2357);
#2149=AXIS2_PLACEMENT_3D('',#2956,#2359,#2360);
#2150=AXIS2_PLACEMENT_3D('',#2960,#2362,#2363);
#2151=AXIS2_PLACEMENT_3D('',#2963,#2365,#2366);
#2152=AXIS2_PLACEMENT_3D('',#2964,#2367,#2368);
#2153=AXIS2_PLACEMENT_3D('',#2967,#2369,#2370);
#2154=AXIS2_PLACEMENT_3D('',#2971,#2372,#2373);
#2155=AXIS2_PLACEMENT_3D('',#2973,#2375,#2376);
#2156=AXIS2_PLACEMENT_3D('',#2979,#2380,#2381);
#2157=AXIS2_PLACEMENT_3D('',#2985,#2385,#2386);
#2158=AXIS2_PLACEMENT_3D('',#2987,#2387,#2388);
#2159=AXIS2_PLACEMENT_3D('',#2991,#2390,#2391);
#2160=AXIS2_PLACEMENT_3D('',#2995,#2393,#2394);
#2161=AXIS2_PLACEMENT_3D('',#2999,#2396,#2397);
#2162=AXIS2_PLACEMENT_3D('',#3003,#2399,#2400);
#2163=AXIS2_PLACEMENT_3D('',#3007,#2402,#2403);
#2164=AXIS2_PLACEMENT_3D('',#3011,#2405,#2406);
#2165=AXIS2_PLACEMENT_3D('',#3015,#2408,#2409);
#2166=AXIS2_PLACEMENT_3D('',#3019,#2411,#2412);
#2167=AXIS2_PLACEMENT_3D('',#3026,#2416,#2417);
#2168=AXIS2_PLACEMENT_3D('',#3030,#2419,#2420);
#2169=AXIS2_PLACEMENT_3D('',#3033,#2422,#2423);
#2170=AXIS2_PLACEMENT_3D('',#3034,#2424,#2425);
#2171=AXIS2_PLACEMENT_3D('',#3038,#2427,#2428);
#2172=AXIS2_PLACEMENT_3D('',#3040,#2430,#2431);
#2173=AXIS2_PLACEMENT_3D('',#3044,#2434,#2435);
#2174=AXIS2_PLACEMENT_3D('',#3048,#2438,#2439);
#2175=AXIS2_PLACEMENT_3D('',#3050,#2440,#2441);
#2176=AXIS2_PLACEMENT_3D('',#3054,#2443,#2444);
#2177=AXIS2_PLACEMENT_3D('',#3057,#2446,#2447);
#2178=AXIS2_PLACEMENT_3D('',#3065,#2451,#2452);
#2179=AXIS2_PLACEMENT_3D('',#3069,#2454,#2455);
#2180=AXIS2_PLACEMENT_3D('',#3073,#2457,#2458);
#2181=AXIS2_PLACEMENT_3D('',#3077,#2460,#2461);
#2182=AXIS2_PLACEMENT_3D('',#3081,#2463,#2464);
#2183=AXIS2_PLACEMENT_3D('',#3085,#2466,#2467);
#2184=AXIS2_PLACEMENT_3D('',#3088,#2469,#2470);
#2185=AXIS2_PLACEMENT_3D('',#3089,#2471,#2472);
#2186=AXIS2_PLACEMENT_3D('',#3090,#2473,#2474);
#2187=AXIS2_PLACEMENT_3D('',#3093,#2477,#2478);
#2188=AXIS2_PLACEMENT_3D('',#3095,#2480,#2481);
#2189=AXIS2_PLACEMENT_3D('',#3097,#2483,#2484);
#2190=AXIS2_PLACEMENT_3D('',#3100,#2487,#2488);
#2191=AXIS2_PLACEMENT_3D('',#3102,#2490,#2491);
#2192=AXIS2_PLACEMENT_3D('',#3104,#2493,#2494);
#2193=AXIS2_PLACEMENT_3D('',#3106,#2496,#2497);
#2194=AXIS2_PLACEMENT_3D('',#3108,#2499,#2500);
#2195=AXIS2_PLACEMENT_3D('',#3110,#2502,#2503);
#2196=AXIS2_PLACEMENT_3D('',#3112,#2505,#2506);
#2197=AXIS2_PLACEMENT_3D('',#3115,#2509,#2510);
#2198=AXIS2_PLACEMENT_3D('',#3116,#2511,#2512);
#2199=AXIS2_PLACEMENT_3D('',#3119,#2515,#2516);
#2200=AXIS2_PLACEMENT_3D('',#3120,#2517,#2518);
#2201=AXIS2_PLACEMENT_3D('',#3121,#2519,#2520);
#2202=AXIS2_PLACEMENT_3D('',#3123,#2522,#2523);
#2203=AXIS2_PLACEMENT_3D('',#3124,#2524,#2525);
#2204=AXIS2_PLACEMENT_3D('',#3126,#2527,#2528);
#2205=AXIS2_PLACEMENT_3D('',#3129,#2531,#2532);
#2206=AXIS2_PLACEMENT_3D('',#3130,#2533,#2534);
#2207=AXIS2_PLACEMENT_3D('',#3131,#2535,#2536);
#2208=AXIS2_PLACEMENT_3D('',#3136,#2539,#2540);
#2209=AXIS2_PLACEMENT_3D('',#3137,#2541,#2542);
#2210=AXIS2_PLACEMENT_3D('',#3139,#2544,#2545);
#2211=AXIS2_PLACEMENT_3D('',#3142,#2548,#2549);
#2212=AXIS2_PLACEMENT_3D('',#3143,#2550,#2551);
#2213=AXIS2_PLACEMENT_3D('',#3144,#2552,#2553);
#2214=AXIS2_PLACEMENT_3D('',#3147,#2555,#2556);
#2215=AXIS2_PLACEMENT_3D('',#3148,#2557,#2558);
#2216=AXIS2_PLACEMENT_3D('',#3150,#2560,#2561);
#2217=AXIS2_PLACEMENT_3D('',#3154,#2564,#2565);
#2218=AXIS2_PLACEMENT_3D('',#3156,#2567,#2568);
#2219=AXIS2_PLACEMENT_3D('',#3159,#2569,#2570);
#2220=AXIS2_PLACEMENT_3D('',#3163,#2572,#2573);
#2221=AXIS2_PLACEMENT_3D('',#3221,#2602,#2603);
#2222=AXIS2_PLACEMENT_3D('',#3225,#2605,#2606);
#2223=AXIS2_PLACEMENT_3D('',#3227,#2608,#2609);
#2224=AXIS2_PLACEMENT_3D('',#3241,#2617,#2618);
#2225=AXIS2_PLACEMENT_3D('',#3243,#2619,#2620);
#2226=AXIS2_PLACEMENT_3D('',#3245,#2622,#2623);
#2227=AXIS2_PLACEMENT_3D('',#3249,#2626,#2627);
#2228=AXIS2_PLACEMENT_3D('',#3251,#2628,#2629);
#2229=AXIS2_PLACEMENT_3D('',#3253,#2630,#2631);
#2230=AXIS2_PLACEMENT_3D('',#3254,#2632,#2633);
#2231=AXIS2_PLACEMENT_3D('',#3257,#2635,#2636);
#2232=AXIS2_PLACEMENT_3D('',#3258,#2637,#2638);
#2233=AXIS2_PLACEMENT_3D('',#3260,#2639,#2640);
#2234=AXIS2_PLACEMENT_3D('',#3262,#2641,#2642);
#2235=AXIS2_PLACEMENT_3D('',#3263,#2643,#2644);
#2236=AXIS2_PLACEMENT_3D('',#3266,#2646,#2647);
#2237=AXIS2_PLACEMENT_3D('',#3267,#2648,#2649);
#2238=AXIS2_PLACEMENT_3D('',#3277,#2654,#2655);
#2239=AXIS2_PLACEMENT_3D('',#3283,#2658,#2659);
#2240=AXIS2_PLACEMENT_3D('',#3286,#2661,#2662);
#2241=AXIS2_PLACEMENT_3D('',#3287,#2663,#2664);
#2242=AXIS2_PLACEMENT_3D('',#3289,#2665,#2666);
#2243=AXIS2_PLACEMENT_3D('',#3291,#2667,#2668);
#2244=AXIS2_PLACEMENT_3D('',#3292,#2669,#2670);
#2245=AXIS2_PLACEMENT_3D('',#3294,#2672,#2673);
#2246=AXIS2_PLACEMENT_3D('',#3296,#2674,#2675);
#2247=AXIS2_PLACEMENT_3D('',#3297,#2676,#2677);
#2248=AXIS2_PLACEMENT_3D('',#3299,#2679,#2680);
#2249=AXIS2_PLACEMENT_3D('',#3301,#2681,#2682);
#2250=AXIS2_PLACEMENT_3D('',#3302,#2683,#2684);
#2251=AXIS2_PLACEMENT_3D('',#3304,#2686,#2687);
#2252=AXIS2_PLACEMENT_3D('',#3306,#2688,#2689);
#2253=AXIS2_PLACEMENT_3D('',#3307,#2690,#2691);
#2254=AXIS2_PLACEMENT_3D('',#3309,#2693,#2694);
#2255=AXIS2_PLACEMENT_3D('',#3313,#2697,#2698);
#2256=AXIS2_PLACEMENT_3D('',#3316,#2699,#2700);
#2257=AXIS2_PLACEMENT_3D('',#3319,#2703,#2704);
#2258=AXIS2_PLACEMENT_3D('',#3323,#2707,#2708);
#2259=AXIS2_PLACEMENT_3D('',#3327,#2711,#2712);
#2260=AXIS2_PLACEMENT_3D('',#3331,#2715,#2716);
#2261=AXIS2_PLACEMENT_3D('',#3333,#2718,#2719);
#2262=AXIS2_PLACEMENT_3D('',#3339,#2723,#2724);
#2263=AXIS2_PLACEMENT_3D('',#3345,#2728,#2729);
#2264=AXIS2_PLACEMENT_3D('',#3351,#2733,#2734);
#2265=AXIS2_PLACEMENT_3D('',#3355,#2737,#2738);
#2266=AXIS2_PLACEMENT_3D('',#3359,#2741,#2742);
#2267=AXIS2_PLACEMENT_3D('',#3363,#2745,#2746);
#2268=AXIS2_PLACEMENT_3D('',#3369,#2750,#2751);
#2269=AXIS2_PLACEMENT_3D('',#3373,#2754,#2755);
#2270=AXIS2_PLACEMENT_3D('',#3374,#2756,#2757);
#2271=AXIS2_PLACEMENT_3D('',#3375,#2758,#2759);
#2272=AXIS2_PLACEMENT_3D('',#3377,#2760,#2761);
#2273=AXIS2_PLACEMENT_3D('',#3379,#2763,#2764);
#2274=AXIS2_PLACEMENT_3D('',#3381,#2766,#2767);
#2275=AXIS2_PLACEMENT_3D('',#3390,#2772,#2773);
#2276=AXIS2_PLACEMENT_3D('',#3396,#2777,#2778);
#2277=AXIS2_PLACEMENT_3D('',#3402,#2782,#2783);
#2278=AXIS2_PLACEMENT_3D('',#3408,#2787,#2788);
#2279=AXIS2_PLACEMENT_3D('',#3414,#2792,#2793);
#2280=AXIS2_PLACEMENT_3D('',#3417,#2796,#2797);
#2281=AXIS2_PLACEMENT_3D('',#3419,#2798,#2799);
#2282=AXIS2_PLACEMENT_3D('',#3421,#2801,#2802);
#2283=AXIS2_PLACEMENT_3D('',#3424,#2805,#2806);
#2284=AXIS2_PLACEMENT_3D('',#3425,#2807,#2808);
#2285=AXIS2_PLACEMENT_3D('',#3429,#2811,#2812);
#2286=AXIS2_PLACEMENT_3D('',#3433,#2815,#2816);
#2287=AXIS2_PLACEMENT_3D('',#3437,#2819,#2820);
#2288=AXIS2_PLACEMENT_3D('',#3441,#2823,#2824);
#2289=AXIS2_PLACEMENT_3D('',#3445,#2827,#2828);
#2290=AXIS2_PLACEMENT_3D('',#3449,#2831,#2832);
#2291=AXIS2_PLACEMENT_3D('',#3453,#2835,#2836);
#2292=AXIS2_PLACEMENT_3D('',#3457,#2839,#2840);
#2293=AXIS2_PLACEMENT_3D('',#3461,#2843,#2844);
#2294=AXIS2_PLACEMENT_3D('',#3465,#2847,#2848);
#2295=AXIS2_PLACEMENT_3D('',#3469,#2851,#2852);
#2296=AXIS2_PLACEMENT_3D('',#3473,#2855,#2856);
#2297=AXIS2_PLACEMENT_3D('',#3477,#2859,#2860);
#2298=AXIS2_PLACEMENT_3D('',#3481,#2863,#2864);
#2299=AXIS2_PLACEMENT_3D('',#3485,#2867,#2868);
#2300=AXIS2_PLACEMENT_3D('',#3489,#2871,#2872);
#2301=AXIS2_PLACEMENT_3D('',#3493,#2875,#2876);
#2302=AXIS2_PLACEMENT_3D('',#3497,#2879,#2880);
#2303=AXIS2_PLACEMENT_3D('',#3499,#2882,#2883);
#2304=AXIS2_PLACEMENT_3D('',#3501,#2884,#2885);
#2305=AXIS2_PLACEMENT_3D('',#3503,#2887,#2888);
#2306=AXIS2_PLACEMENT_3D('',#3507,#2891,#2892);
#2307=AXIS2_PLACEMENT_3D('',#3509,#2894,#2895);
#2308=DIRECTION('axis',(0.,0.,1.));
#2309=DIRECTION('refdir',(1.,0.,0.));
#2310=DIRECTION('center_axis',(0.,1.,0.));
#2311=DIRECTION('ref_axis',(0.939469875867668,0.,-0.342631511010282));
#2312=DIRECTION('center_axis',(0.568082523267282,-0.822971595353253,0.));
#2313=DIRECTION('ref_axis',(0.822971595353253,0.568082523267282,-5.36485447044793E-17));
#2314=DIRECTION('',(0.,-1.,0.));
#2315=DIRECTION('center_axis',(0.547287179725098,0.836944886422367,0.));
#2316=DIRECTION('ref_axis',(0.836944886422367,-0.547287179725098,1.63678341055535E-16));
#2317=DIRECTION('',(0.,1.,0.));
#2318=DIRECTION('center_axis',(0.,0.,1.));
#2319=DIRECTION('ref_axis',(1.,0.,0.));
#2320=DIRECTION('',(0.822971595353253,0.568082523267282,0.));
#2321=DIRECTION('',(0.,1.,0.));
#2322=DIRECTION('',(-0.836944886422367,0.547287179725098,0.));
#2323=DIRECTION('center_axis',(0.,0.,1.));
#2324=DIRECTION('ref_axis',(1.,0.,0.));
#2325=DIRECTION('',(-0.836944886422367,0.547287179725098,0.));
#2326=DIRECTION('',(0.,-1.,0.));
#2327=DIRECTION('',(0.822971595353253,0.568082523267282,0.));
#2328=DIRECTION('center_axis',(0.547287179725098,0.836944886422367,0.));
#2329=DIRECTION('ref_axis',(-0.836944886422367,0.547287179725098,0.));
#2330=DIRECTION('center_axis',(0.547287179725098,0.836944886422367,0.));
#2331=DIRECTION('ref_axis',(0.836944886422367,-0.547287179725098,1.63678341055535E-16));
#2332=DIRECTION('',(-0.836944886422367,0.547287179725098,0.));
#2333=DIRECTION('center_axis',(0.547287179725098,0.836944886422367,0.));
#2334=DIRECTION('ref_axis',(0.836944886422367,-0.547287179725098,1.63678341055535E-16));
#2335=DIRECTION('',(-0.836944886422367,0.547287179725098,0.));
#2336=DIRECTION('center_axis',(0.547287179725098,0.836944886422367,0.));
#2337=DIRECTION('ref_axis',(0.836944886422367,-0.547287179725098,1.63678341055535E-16));
#2338=DIRECTION('',(-0.836944886422367,0.547287179725098,0.));
#2339=DIRECTION('center_axis',(0.547287179725098,0.836944886422367,0.));
#2340=DIRECTION('ref_axis',(0.836944886422367,-0.547287179725098,1.63678341055535E-16));
#2341=DIRECTION('',(0.,0.,1.));
#2342=DIRECTION('',(-0.836944886422367,0.547287179725098,0.));
#2343=DIRECTION('',(0.,0.,1.));
#2344=DIRECTION('center_axis',(0.547287179725098,0.836944886422367,0.));
#2345=DIRECTION('ref_axis',(0.836944886422367,-0.547287179725098,1.63678341055535E-16));
#2346=DIRECTION('center_axis',(0.,1.,0.));
#2347=DIRECTION('ref_axis',(0.939469875867668,0.,-0.342631511010282));
#2348=DIRECTION('center_axis',(0.568082523267282,-0.822971595353253,0.));
#2349=DIRECTION('ref_axis',(0.822971595353253,0.568082523267282,-5.36485447044793E-17));
#2350=DIRECTION('',(0.,1.,0.));
#2351=DIRECTION('center_axis',(0.568082523267282,-0.822971595353253,0.));
#2352=DIRECTION('ref_axis',(0.822971595353253,0.568082523267282,0.));
#2353=DIRECTION('',(0.,0.,1.));
#2354=DIRECTION('',(0.822971595353253,0.568082523267282,0.));
#2355=DIRECTION('',(0.,0.,1.));
#2356=DIRECTION('center_axis',(0.568082523267282,-0.822971595353253,0.));
#2357=DIRECTION('ref_axis',(0.822971595353253,0.568082523267282,-5.36485447044793E-17));
#2358=DIRECTION('',(0.822971595353253,0.568082523267282,0.));
#2359=DIRECTION('center_axis',(0.568082523267282,-0.822971595353253,0.));
#2360=DIRECTION('ref_axis',(0.822971595353253,0.568082523267282,-5.36485447044793E-17));
#2361=DIRECTION('',(0.822971595353253,0.568082523267282,0.));
#2362=DIRECTION('center_axis',(0.568082523267282,-0.822971595353253,0.));
#2363=DIRECTION('ref_axis',(0.822971595353253,0.568082523267282,-5.36485447044793E-17));
#2364=DIRECTION('',(0.822971595353253,0.568082523267282,0.));
#2365=DIRECTION('center_axis',(0.568082523267282,-0.822971595353253,0.));
#2366=DIRECTION('ref_axis',(0.822971595353253,0.568082523267282,-5.36485447044793E-17));
#2367=DIRECTION('center_axis',(0.,1.,0.));
#2368=DIRECTION('ref_axis',(0.939469875867668,0.,-0.342631511010282));
#2369=DIRECTION('center_axis',(0.,1.,0.));
#2370=DIRECTION('ref_axis',(0.939469875867668,0.,-0.342631511010282));
#2371=DIRECTION('',(0.,1.,0.));
#2372=DIRECTION('center_axis',(0.,-1.,0.));
#2373=DIRECTION('ref_axis',(0.939469875867668,0.,-0.342631511010282));
#2374=DIRECTION('',(0.,-1.,0.));
#2375=DIRECTION('center_axis',(0.,0.,1.));
#2376=DIRECTION('ref_axis',(1.,0.,0.));
#2377=DIRECTION('',(1.,0.,0.));
#2378=DIRECTION('',(0.,1.,0.));
#2379=DIRECTION('',(-1.,0.,0.));
#2380=DIRECTION('center_axis',(0.,0.,1.));
#2381=DIRECTION('ref_axis',(1.,0.,0.));
#2382=DIRECTION('',(-1.,0.,0.));
#2383=DIRECTION('',(0.,-1.,0.));
#2384=DIRECTION('',(1.,0.,0.));
#2385=DIRECTION('center_axis',(0.,1.,0.));
#2386=DIRECTION('ref_axis',(-1.,0.,0.));
#2387=DIRECTION('center_axis',(0.,1.,0.));
#2388=DIRECTION('ref_axis',(0.939469875867668,0.,-0.342631511010282));
#2389=DIRECTION('',(-1.,0.,0.));
#2390=DIRECTION('center_axis',(0.,1.,0.));
#2391=DIRECTION('ref_axis',(0.939469875867668,0.,-0.342631511010282));
#2392=DIRECTION('',(-1.,0.,0.));
#2393=DIRECTION('center_axis',(0.,1.,0.));
#2394=DIRECTION('ref_axis',(0.939469875867668,0.,-0.342631511010282));
#2395=DIRECTION('',(-1.,0.,0.));
#2396=DIRECTION('center_axis',(0.,1.,0.));
#2397=DIRECTION('ref_axis',(0.939469875867668,0.,-0.342631511010282));
#2398=DIRECTION('',(-1.,0.,0.));
#2399=DIRECTION('center_axis',(0.,1.,0.));
#2400=DIRECTION('ref_axis',(0.939469875867668,0.,-0.342631511010282));
#2401=DIRECTION('',(-1.,0.,0.));
#2402=DIRECTION('center_axis',(0.,1.,0.));
#2403=DIRECTION('ref_axis',(0.939469875867668,0.,-0.342631511010282));
#2404=DIRECTION('',(-1.,0.,0.));
#2405=DIRECTION('center_axis',(0.,1.,0.));
#2406=DIRECTION('ref_axis',(0.939469875867668,0.,-0.342631511010282));
#2407=DIRECTION('',(-1.,0.,0.));
#2408=DIRECTION('center_axis',(0.,1.,0.));
#2409=DIRECTION('ref_axis',(0.939469875867668,0.,-0.342631511010282));
#2410=DIRECTION('',(-1.,0.,0.));
#2411=DIRECTION('center_axis',(0.,1.,0.));
#2412=DIRECTION('ref_axis',(0.939469875867668,0.,-0.342631511010281));
#2413=DIRECTION('',(-1.,0.,0.));
#2414=DIRECTION('',(0.,0.,1.));
#2415=DIRECTION('',(-1.,0.,0.));
#2416=DIRECTION('center_axis',(0.,1.,0.));
#2417=DIRECTION('ref_axis',(0.939469875867668,0.,-0.342631511010282));
#2418=DIRECTION('',(-1.,0.,0.));
#2419=DIRECTION('center_axis',(0.,1.,0.));
#2420=DIRECTION('ref_axis',(0.939469875867668,0.,-0.342631511010282));
#2421=DIRECTION('',(-1.,0.,0.));
#2422=DIRECTION('center_axis',(0.,1.,0.));
#2423=DIRECTION('ref_axis',(0.939469875867668,0.,-0.342631511010282));
#2424=DIRECTION('center_axis',(0.,1.,0.));
#2425=DIRECTION('ref_axis',(0.939469875867668,0.,-0.342631511010282));
#2426=DIRECTION('',(0.,1.,0.));
#2427=DIRECTION('center_axis',(0.,-1.,0.));
#2428=DIRECTION('ref_axis',(0.939469875867668,0.,-0.342631511010282));
#2429=DIRECTION('',(0.,-1.,0.));
#2430=DIRECTION('center_axis',(0.,0.,1.));
#2431=DIRECTION('ref_axis',(1.,0.,0.));
#2432=DIRECTION('',(0.,-1.,0.));
#2433=DIRECTION('',(1.,0.,0.));
#2434=DIRECTION('center_axis',(0.,0.,1.));
#2435=DIRECTION('ref_axis',(1.,0.,0.));
#2436=DIRECTION('',(1.,0.,0.));
#2437=DIRECTION('',(0.,1.,0.));
#2438=DIRECTION('center_axis',(0.,-1.,0.));
#2439=DIRECTION('ref_axis',(1.,0.,0.));
#2440=DIRECTION('center_axis',(0.,-1.,0.));
#2441=DIRECTION('ref_axis',(0.939469875867668,0.,-0.342631511010282));
#2442=DIRECTION('',(1.,0.,0.));
#2443=DIRECTION('center_axis',(0.,-1.,0.));
#2444=DIRECTION('ref_axis',(0.939469875867668,0.,-0.342631511010282));
#2445=DIRECTION('',(1.,0.,0.));
#2446=DIRECTION('center_axis',(0.,-1.,0.));
#2447=DIRECTION('ref_axis',(0.939469875867668,0.,-0.342631511010282));
#2448=DIRECTION('',(1.,0.,0.));
#2449=DIRECTION('',(0.,0.,1.));
#2450=DIRECTION('',(1.,0.,0.));
#2451=DIRECTION('center_axis',(0.,-1.,0.));
#2452=DIRECTION('ref_axis',(0.939469875867668,0.,-0.342631511010281));
#2453=DIRECTION('',(1.,0.,0.));
#2454=DIRECTION('center_axis',(0.,-1.,0.));
#2455=DIRECTION('ref_axis',(0.939469875867668,0.,-0.342631511010282));
#2456=DIRECTION('',(1.,0.,0.));
#2457=DIRECTION('center_axis',(0.,-1.,0.));
#2458=DIRECTION('ref_axis',(0.939469875867668,0.,-0.342631511010282));
#2459=DIRECTION('',(1.,0.,0.));
#2460=DIRECTION('center_axis',(0.,-1.,0.));
#2461=DIRECTION('ref_axis',(0.939469875867668,0.,-0.342631511010282));
#2462=DIRECTION('',(1.,0.,0.));
#2463=DIRECTION('center_axis',(0.,-1.,0.));
#2464=DIRECTION('ref_axis',(0.939469875867668,0.,-0.342631511010282));
#2465=DIRECTION('',(1.,0.,0.));
#2466=DIRECTION('center_axis',(0.,-1.,0.));
#2467=DIRECTION('ref_axis',(0.939469875867668,0.,-0.342631511010282));
#2468=DIRECTION('',(1.,0.,0.));
#2469=DIRECTION('center_axis',(0.,-1.,0.));
#2470=DIRECTION('ref_axis',(0.939469875867668,0.,-0.342631511010282));
#2471=DIRECTION('center_axis',(0.,-1.,0.));
#2472=DIRECTION('ref_axis',(0.939469875867668,0.,-0.342631511010282));
#2473=DIRECTION('center_axis',(0.,1.,0.));
#2474=DIRECTION('ref_axis',(0.939469875867668,0.,-0.342631511010282));
#2475=DIRECTION('',(0.,1.,0.));
#2476=DIRECTION('',(0.,-1.,0.));
#2477=DIRECTION('center_axis',(0.,0.,1.));
#2478=DIRECTION('ref_axis',(1.,0.,0.));
#2479=DIRECTION('',(0.,1.,0.));
#2480=DIRECTION('center_axis',(0.,0.,1.));
#2481=DIRECTION('ref_axis',(1.,0.,0.));
#2482=DIRECTION('',(0.,-1.,0.));
#2483=DIRECTION('center_axis',(0.,1.,0.));
#2484=DIRECTION('ref_axis',(0.939469875867668,0.,-0.342631511010282));
#2485=DIRECTION('',(0.,1.,0.));
#2486=DIRECTION('',(0.,-1.,0.));
#2487=DIRECTION('center_axis',(0.,0.,1.));
#2488=DIRECTION('ref_axis',(1.,0.,0.));
#2489=DIRECTION('',(0.,-1.,0.));
#2490=DIRECTION('center_axis',(0.,1.,0.));
#2491=DIRECTION('ref_axis',(0.939469875867668,0.,-0.342631511010282));
#2492=DIRECTION('',(0.,1.,0.));
#2493=DIRECTION('center_axis',(0.,0.,1.));
#2494=DIRECTION('ref_axis',(1.,0.,0.));
#2495=DIRECTION('',(0.,-1.,0.));
#2496=DIRECTION('center_axis',(0.,0.,1.));
#2497=DIRECTION('ref_axis',(1.,0.,0.));
#2498=DIRECTION('',(0.,1.,0.));
#2499=DIRECTION('center_axis',(0.,1.,0.));
#2500=DIRECTION('ref_axis',(0.939469875867668,0.,-0.342631511010282));
#2501=DIRECTION('',(0.,1.,0.));
#2502=DIRECTION('center_axis',(0.,1.,0.));
#2503=DIRECTION('ref_axis',(0.939469875867668,0.,-0.342631511010282));
#2504=DIRECTION('',(0.,-1.,0.));
#2505=DIRECTION('center_axis',(0.,1.,0.));
#2506=DIRECTION('ref_axis',(0.939469875867668,0.,-0.342631511010282));
#2507=DIRECTION('',(0.,-1.,0.));
#2508=DIRECTION('',(0.,1.,0.));
#2509=DIRECTION('center_axis',(0.,0.,1.));
#2510=DIRECTION('ref_axis',(1.,0.,0.));
#2511=DIRECTION('center_axis',(0.,1.,0.));
#2512=DIRECTION('ref_axis',(0.939469875867668,0.,-0.342631511010282));
#2513=DIRECTION('',(0.,-1.,0.));
#2514=DIRECTION('',(0.,1.,0.));
#2515=DIRECTION('center_axis',(0.,0.,1.));
#2516=DIRECTION('ref_axis',(1.,0.,0.));
#2517=DIRECTION('center_axis',(0.,1.,0.));
#2518=DIRECTION('ref_axis',(0.939469875867668,0.,-0.342631511010282));
#2519=DIRECTION('center_axis',(0.,0.,1.));
#2520=DIRECTION('ref_axis',(1.,0.,0.));
#2521=DIRECTION('',(0.,-1.,0.));
#2522=DIRECTION('center_axis',(0.,1.,0.));
#2523=DIRECTION('ref_axis',(0.939469875867668,0.,-0.342631511010282));
#2524=DIRECTION('center_axis',(0.,1.,0.));
#2525=DIRECTION('ref_axis',(0.939469875867668,0.,-0.342631511010282));
#2526=DIRECTION('',(0.,-1.,0.));
#2527=DIRECTION('center_axis',(0.,1.,0.));
#2528=DIRECTION('ref_axis',(0.939469875867668,0.,-0.342631511010281));
#2529=DIRECTION('',(0.,1.,0.));
#2530=DIRECTION('',(0.,-1.,0.));
#2531=DIRECTION('center_axis',(0.,0.,1.));
#2532=DIRECTION('ref_axis',(1.,0.,0.));
#2533=DIRECTION('center_axis',(0.,1.,0.));
#2534=DIRECTION('ref_axis',(0.939469875867668,0.,-0.342631511010282));
#2535=DIRECTION('center_axis',(0.,0.,1.));
#2536=DIRECTION('ref_axis',(1.,0.,0.));
#2537=DIRECTION('',(0.911425012949665,-0.411466214615128,0.));
#2538=DIRECTION('',(0.,-1.,0.));
#2539=DIRECTION('center_axis',(0.,0.,-1.));
#2540=DIRECTION('ref_axis',(-0.707106781186547,0.707106781186547,0.));
#2541=DIRECTION('center_axis',(0.,1.,0.));
#2542=DIRECTION('ref_axis',(0.939469875867668,0.,-0.342631511010282));
#2543=DIRECTION('',(0.,1.,0.));
#2544=DIRECTION('center_axis',(0.,1.,0.));
#2545=DIRECTION('ref_axis',(0.939469875867668,0.,-0.342631511010282));
#2546=DIRECTION('',(0.,1.,0.));
#2547=DIRECTION('',(0.,-1.,0.));
#2548=DIRECTION('center_axis',(0.,0.,1.));
#2549=DIRECTION('ref_axis',(1.,0.,0.));
#2550=DIRECTION('center_axis',(0.,0.,1.));
#2551=DIRECTION('ref_axis',(1.,0.,0.));
#2552=DIRECTION('center_axis',(0.,0.,1.));
#2553=DIRECTION('ref_axis',(-0.707106781186547,0.707106781186547,0.));
#2554=DIRECTION('',(0.,0.,-1.));
#2555=DIRECTION('center_axis',(0.,0.,-1.));
#2556=DIRECTION('ref_axis',(-0.707106781186547,0.707106781186547,0.));
#2557=DIRECTION('center_axis',(1.,0.,0.));
#2558=DIRECTION('ref_axis',(0.,1.,0.));
#2559=DIRECTION('',(0.,1.,0.));
#2560=DIRECTION('center_axis',(-0.411466214615128,-0.911425012949665,0.));
#2561=DIRECTION('ref_axis',(0.911425012949665,-0.411466214615128,0.));
#2562=DIRECTION('',(0.911425012949665,-0.411466214615128,0.));
#2563=DIRECTION('',(0.,0.,1.));
#2564=DIRECTION('center_axis',(-1.,0.,0.));
#2565=DIRECTION('ref_axis',(0.,-1.,0.));
#2566=DIRECTION('',(0.,-1.,0.));
#2567=DIRECTION('center_axis',(0.,0.,1.));
#2568=DIRECTION('ref_axis',(1.,0.,0.));
#2569=DIRECTION('center_axis',(0.,0.,1.));
#2570=DIRECTION('ref_axis',(-0.707106781186545,-0.70710678118655,0.));
#2571=DIRECTION('',(-2.96059473233375E-15,1.,0.));
#2572=DIRECTION('center_axis',(0.,0.,-1.));
#2573=DIRECTION('ref_axis',(0.,1.,0.));
#2574=DIRECTION('',(1.,-1.31762732592876E-15,0.));
#2575=DIRECTION('',(1.32563943238823E-15,1.,0.));
#2576=DIRECTION('',(1.,-1.33338065638766E-15,0.));
#2577=DIRECTION('',(0.706219394784442,-0.707993055354568,0.));
#2578=DIRECTION('',(0.707992906312484,0.706219544200812,0.));
#2579=DIRECTION('',(1.,-1.33338065638766E-15,0.));
#2580=DIRECTION('',(0.706219394784443,-0.707993055354567,0.));
#2581=DIRECTION('',(0.707992906312484,0.706219544200812,0.));
#2582=DIRECTION('',(1.,-1.33338065638766E-15,0.));
#2583=DIRECTION('',(0.706219394784442,-0.707993055354568,0.));
#2584=DIRECTION('',(0.707992906312484,0.706219544200812,0.));
#2585=DIRECTION('',(1.,-1.33338065638766E-15,0.));
#2586=DIRECTION('',(0.706219394784443,-0.707993055354567,0.));
#2587=DIRECTION('',(0.707992906312484,0.706219544200812,0.));
#2588=DIRECTION('',(1.,-1.33338065638766E-15,0.));
#2589=DIRECTION('',(0.706219394784443,-0.707993055354567,0.));
#2590=DIRECTION('',(0.707992906312484,0.706219544200812,0.));
#2591=DIRECTION('',(1.,-1.33338065638766E-15,0.));
#2592=DIRECTION('',(0.706219394784443,-0.707993055354567,0.));
#2593=DIRECTION('',(0.707992906312484,0.706219544200812,0.));
#2594=DIRECTION('',(1.,-1.33338065638766E-15,0.));
#2595=DIRECTION('',(0.706219394784443,-0.707993055354567,0.));
#2596=DIRECTION('',(0.707992906312484,0.706219544200812,0.));
#2597=DIRECTION('',(1.,-1.33338065638766E-15,0.));
#2598=DIRECTION('',(0.706219394784442,-0.707993055354568,0.));
#2599=DIRECTION('',(0.707992906312484,0.706219544200812,0.));
#2600=DIRECTION('',(1.,-1.33338065638766E-15,0.));
#2601=DIRECTION('',(0.834992485599489,-0.550261346082375,0.));
#2602=DIRECTION('center_axis',(0.,0.,1.));
#2603=DIRECTION('ref_axis',(0.880415057254922,0.474203887540804,0.));
#2604=DIRECTION('',(0.,-1.,0.));
#2605=DIRECTION('center_axis',(0.,0.,-1.));
#2606=DIRECTION('ref_axis',(0.,-1.,0.));
#2607=DIRECTION('',(-1.,1.38777878078145E-16,0.));
#2608=DIRECTION('center_axis',(1.,0.,0.));
#2609=DIRECTION('ref_axis',(0.,-1.,0.));
#2610=DIRECTION('',(0.,1.,0.));
#2611=DIRECTION('',(0.,0.,1.));
#2612=DIRECTION('',(0.,0.,-1.));
#2613=DIRECTION('',(0.,0.,1.));
#2614=DIRECTION('',(0.,-1.,0.));
#2615=DIRECTION('',(0.,0.,1.));
#2616=DIRECTION('',(-2.1662888285369E-15,1.,0.));
#2617=DIRECTION('center_axis',(0.,0.,-1.));
#2618=DIRECTION('ref_axis',(0.,-1.,0.));
#2619=DIRECTION('center_axis',(0.,0.,1.));
#2620=DIRECTION('ref_axis',(0.,-1.,0.));
#2621=DIRECTION('',(0.,0.,1.));
#2622=DIRECTION('center_axis',(-1.38777878078145E-16,-1.,0.));
#2623=DIRECTION('ref_axis',(-1.,1.38777878078145E-16,0.));
#2624=DIRECTION('',(1.,-1.38777878078145E-16,0.));
#2625=DIRECTION('',(0.,0.,1.));
#2626=DIRECTION('center_axis',(0.,0.,1.));
#2627=DIRECTION('ref_axis',(-1.,0.,0.));
#2628=DIRECTION('center_axis',(0.,0.,1.));
#2629=DIRECTION('ref_axis',(-1.,0.,0.));
#2630=DIRECTION('center_axis',(0.,0.,-1.));
#2631=DIRECTION('ref_axis',(-1.,0.,0.));
#2632=DIRECTION('center_axis',(0.,0.,1.));
#2633=DIRECTION('ref_axis',(-1.,0.,0.));
#2634=DIRECTION('',(0.,0.,-1.));
#2635=DIRECTION('center_axis',(0.,0.,-1.));
#2636=DIRECTION('ref_axis',(-1.,0.,0.));
#2637=DIRECTION('center_axis',(0.,0.,1.));
#2638=DIRECTION('ref_axis',(-1.,0.,0.));
#2639=DIRECTION('center_axis',(0.,0.,1.));
#2640=DIRECTION('ref_axis',(-1.,0.,0.));
#2641=DIRECTION('center_axis',(0.,0.,-1.));
#2642=DIRECTION('ref_axis',(-1.,0.,0.));
#2643=DIRECTION('center_axis',(0.,0.,1.));
#2644=DIRECTION('ref_axis',(-1.,0.,0.));
#2645=DIRECTION('',(0.,0.,-1.));
#2646=DIRECTION('center_axis',(0.,0.,-1.));
#2647=DIRECTION('ref_axis',(-1.,0.,0.));
#2648=DIRECTION('center_axis',(0.,0.,1.));
#2649=DIRECTION('ref_axis',(1.,0.,0.));
#2650=DIRECTION('',(1.,2.22044689297475E-15,0.));
#2651=DIRECTION('',(-1.,-2.22044689297479E-15,0.));
#2652=DIRECTION('',(-2.27738056333367E-15,1.,0.));
#2653=DIRECTION('',(-1.,1.29733926473052E-15,0.));
#2654=DIRECTION('center_axis',(0.,0.,1.));
#2655=DIRECTION('ref_axis',(0.,1.,0.));
#2656=DIRECTION('',(3.13474736364751E-15,-1.,0.));
#2657=DIRECTION('',(1.,-1.8897413185109E-16,0.));
#2658=DIRECTION('center_axis',(0.,0.,1.));
#2659=DIRECTION('ref_axis',(0.,-1.,0.));
#2660=DIRECTION('',(-2.27738056333367E-15,1.,0.));
#2661=DIRECTION('center_axis',(0.,0.,-1.));
#2662=DIRECTION('ref_axis',(-1.,0.,0.));
#2663=DIRECTION('center_axis',(0.,0.,1.));
#2664=DIRECTION('ref_axis',(-1.,0.,0.));
#2665=DIRECTION('center_axis',(0.,0.,1.));
#2666=DIRECTION('ref_axis',(-1.,0.,0.));
#2667=DIRECTION('center_axis',(0.,0.,-1.));
#2668=DIRECTION('ref_axis',(-1.,0.,0.));
#2669=DIRECTION('center_axis',(0.,0.,1.));
#2670=DIRECTION('ref_axis',(-1.,0.,0.));
#2671=DIRECTION('',(0.,0.,-1.));
#2672=DIRECTION('center_axis',(0.,0.,1.));
#2673=DIRECTION('ref_axis',(-1.,0.,0.));
#2674=DIRECTION('center_axis',(0.,0.,1.));
#2675=DIRECTION('ref_axis',(-1.,0.,0.));
#2676=DIRECTION('center_axis',(0.,0.,1.));
#2677=DIRECTION('ref_axis',(-1.,0.,0.));
#2678=DIRECTION('',(0.,0.,-1.));
#2679=DIRECTION('center_axis',(0.,0.,1.));
#2680=DIRECTION('ref_axis',(-1.,0.,0.));
#2681=DIRECTION('center_axis',(0.,0.,1.));
#2682=DIRECTION('ref_axis',(-1.,0.,0.));
#2683=DIRECTION('center_axis',(0.,0.,1.));
#2684=DIRECTION('ref_axis',(-1.,0.,0.));
#2685=DIRECTION('',(0.,0.,-1.));
#2686=DIRECTION('center_axis',(0.,0.,1.));
#2687=DIRECTION('ref_axis',(-1.,0.,0.));
#2688=DIRECTION('center_axis',(0.,0.,1.));
#2689=DIRECTION('ref_axis',(-1.,0.,0.));
#2690=DIRECTION('center_axis',(0.,0.,1.));
#2691=DIRECTION('ref_axis',(-1.,0.,0.));
#2692=DIRECTION('',(0.,0.,-1.));
#2693=DIRECTION('center_axis',(-2.22044689297475E-15,1.,0.));
#2694=DIRECTION('ref_axis',(-1.,-2.22044689297475E-15,0.));
#2695=DIRECTION('',(1.,2.22044689297475E-15,0.));
#2696=DIRECTION('',(0.,0.,1.));
#2697=DIRECTION('center_axis',(0.,0.,1.));
#2698=DIRECTION('ref_axis',(0.,-1.,0.));
#2699=DIRECTION('center_axis',(0.,0.,-1.));
#2700=DIRECTION('ref_axis',(0.,-1.,0.));
#2701=DIRECTION('',(0.,0.,1.));
#2702=DIRECTION('',(0.,0.,1.));
#2703=DIRECTION('center_axis',(1.8897413185109E-16,1.,0.));
#2704=DIRECTION('ref_axis',(-1.,1.8897413185109E-16,0.));
#2705=DIRECTION('',(-1.,1.8897413185109E-16,0.));
#2706=DIRECTION('',(0.,0.,1.));
#2707=DIRECTION('center_axis',(1.,3.13474736364751E-15,0.));
#2708=DIRECTION('ref_axis',(-3.13474736364751E-15,1.,0.));
#2709=DIRECTION('',(-3.13474736364751E-15,1.,0.));
#2710=DIRECTION('',(0.,0.,1.));
#2711=DIRECTION('center_axis',(2.22044689297479E-15,-1.,0.));
#2712=DIRECTION('ref_axis',(1.,2.22044689297479E-15,0.));
#2713=DIRECTION('',(-1.,-2.22044689297479E-15,0.));
#2714=DIRECTION('',(0.,0.,1.));
#2715=DIRECTION('center_axis',(0.,0.,1.));
#2716=DIRECTION('ref_axis',(-1.,0.,0.));
#2717=DIRECTION('',(-2.27738056333367E-15,1.,0.));
#2718=DIRECTION('center_axis',(0.707993055354568,0.706219394784442,0.));
#2719=DIRECTION('ref_axis',(-0.706219394784442,0.707993055354568,0.));
#2720=DIRECTION('',(-0.706219394784442,0.707993055354568,0.));
#2721=DIRECTION('',(0.,0.,1.));
#2722=DIRECTION('',(0.,0.,1.));
#2723=DIRECTION('center_axis',(1.33338065638766E-15,1.,0.));
#2724=DIRECTION('ref_axis',(-1.,1.33338065638766E-15,0.));
#2725=DIRECTION('',(-1.,1.33338065638766E-15,0.));
#2726=DIRECTION('',(0.,0.,1.));
#2727=DIRECTION('',(0.,0.,1.));
#2728=DIRECTION('center_axis',(1.33338065638766E-15,1.,0.));
#2729=DIRECTION('ref_axis',(-1.,1.33338065638766E-15,0.));
#2730=DIRECTION('',(-1.,1.33338065638766E-15,0.));
#2731=DIRECTION('',(0.,0.,1.));
#2732=DIRECTION('',(0.,0.,1.));
#2733=DIRECTION('center_axis',(-0.706219544200812,0.707992906312484,0.));
#2734=DIRECTION('ref_axis',(-0.707992906312484,-0.706219544200812,0.));
#2735=DIRECTION('',(-0.707992906312484,-0.706219544200812,0.));
#2736=DIRECTION('',(0.,0.,1.));
#2737=DIRECTION('center_axis',(0.707993055354568,0.706219394784442,0.));
#2738=DIRECTION('ref_axis',(-0.706219394784442,0.707993055354568,0.));
#2739=DIRECTION('',(-0.706219394784442,0.707993055354568,0.));
#2740=DIRECTION('',(0.,0.,1.));
#2741=DIRECTION('center_axis',(1.33338065638766E-15,1.,0.));
#2742=DIRECTION('ref_axis',(-1.,1.33338065638766E-15,0.));
#2743=DIRECTION('',(-1.,1.33338065638766E-15,0.));
#2744=DIRECTION('',(0.,0.,1.));
#2745=DIRECTION('center_axis',(1.31762732592876E-15,1.,0.));
#2746=DIRECTION('ref_axis',(1.,-1.31762732592876E-15,0.));
#2747=DIRECTION('',(1.,-1.31762732592876E-15,0.));
#2748=DIRECTION('',(0.,0.,-1.));
#2749=DIRECTION('',(0.,0.,1.));
#2750=DIRECTION('center_axis',(0.550261346082375,0.834992485599489,0.));
#2751=DIRECTION('ref_axis',(-0.834992485599489,0.550261346082375,0.));
#2752=DIRECTION('',(-0.834992485599489,0.550261346082375,0.));
#2753=DIRECTION('',(0.,0.,1.));
#2754=DIRECTION('center_axis',(0.,0.,-1.));
#2755=DIRECTION('ref_axis',(0.880415057254922,0.474203887540804,0.));
#2756=DIRECTION('center_axis',(0.,0.,1.));
#2757=DIRECTION('ref_axis',(0.880415057254922,0.474203887540804,0.));
#2758=DIRECTION('center_axis',(0.,0.,1.));
#2759=DIRECTION('ref_axis',(-0.707106781186545,-0.70710678118655,0.));
#2760=DIRECTION('center_axis',(0.,0.,1.));
#2761=DIRECTION('ref_axis',(-0.707106781186545,-0.70710678118655,0.));
#2762=DIRECTION('',(0.,0.,-1.));
#2763=DIRECTION('center_axis',(-1.,1.32563943238823E-15,0.));
#2764=DIRECTION('ref_axis',(-1.32563943238823E-15,-1.,0.));
#2765=DIRECTION('',(1.32563943238823E-15,1.,0.));
#2766=DIRECTION('center_axis',(0.707106781178078,0.707106781195017,0.));
#2767=DIRECTION('ref_axis',(-0.707106781195017,0.707106781178078,0.));
#2768=DIRECTION('',(-0.707106781195017,0.707106781178078,0.));
#2769=DIRECTION('',(0.,0.,1.));
#2770=DIRECTION('',(0.707106781195017,-0.707106781178078,0.));
#2771=DIRECTION('',(0.,0.,1.));
#2772=DIRECTION('center_axis',(-2.88344002195042E-15,1.,0.));
#2773=DIRECTION('ref_axis',(-1.,-2.88344002195042E-15,0.));
#2774=DIRECTION('',(-1.,-2.88344002195042E-15,0.));
#2775=DIRECTION('',(1.,2.88344002195042E-15,0.));
#2776=DIRECTION('',(0.,0.,1.));
#2777=DIRECTION('center_axis',(-0.70710678118655,0.707106781186545,0.));
#2778=DIRECTION('ref_axis',(-0.707106781186545,-0.70710678118655,0.));
#2779=DIRECTION('',(-0.707106781186545,-0.70710678118655,0.));
#2780=DIRECTION('',(0.707106781186545,0.70710678118655,0.));
#2781=DIRECTION('',(0.,0.,1.));
#2782=DIRECTION('center_axis',(-1.,-2.96059473233375E-15,0.));
#2783=DIRECTION('ref_axis',(2.96059473233375E-15,-1.,0.));
#2784=DIRECTION('',(2.96059473233375E-15,-1.,0.));
#2785=DIRECTION('',(-2.96059473233375E-15,1.,0.));
#2786=DIRECTION('',(0.,0.,1.));
#2787=DIRECTION('center_axis',(-0.707106781186548,-0.707106781186547,0.));
#2788=DIRECTION('ref_axis',(0.707106781186547,-0.707106781186548,0.));
#2789=DIRECTION('',(0.707106781186547,-0.707106781186548,0.));
#2790=DIRECTION('',(-0.707106781186547,0.707106781186548,0.));
#2791=DIRECTION('',(0.,0.,-1.));
#2792=DIRECTION('center_axis',(1.,-1.32563943238823E-15,0.));
#2793=DIRECTION('ref_axis',(1.32563943238823E-15,1.,0.));
#2794=DIRECTION('',(1.32563943238823E-15,1.,0.));
#2795=DIRECTION('',(-1.32563943238823E-15,-1.,0.));
#2796=DIRECTION('center_axis',(0.,0.,-1.));
#2797=DIRECTION('ref_axis',(0.,1.,0.));
#2798=DIRECTION('center_axis',(0.,0.,-1.));
#2799=DIRECTION('ref_axis',(0.,1.,0.));
#2800=DIRECTION('',(0.,0.,1.));
#2801=DIRECTION('center_axis',(-1.,-2.96059473233375E-15,0.));
#2802=DIRECTION('ref_axis',(-2.96059473233375E-15,1.,0.));
#2803=DIRECTION('',(2.96059473233375E-15,-1.,0.));
#2804=DIRECTION('',(-2.96059473233375E-15,1.,0.));
#2805=DIRECTION('center_axis',(0.,0.,1.));
#2806=DIRECTION('ref_axis',(-1.,0.,0.));
#2807=DIRECTION('center_axis',(-0.706219544200812,0.707992906312484,0.));
#2808=DIRECTION('ref_axis',(-0.707992906312484,-0.706219544200812,0.));
#2809=DIRECTION('',(-0.707992906312484,-0.706219544200812,0.));
#2810=DIRECTION('',(0.,0.,1.));
#2811=DIRECTION('center_axis',(0.707993055354567,0.706219394784443,0.));
#2812=DIRECTION('ref_axis',(-0.706219394784443,0.707993055354567,0.));
#2813=DIRECTION('',(-0.706219394784443,0.707993055354567,0.));
#2814=DIRECTION('',(0.,0.,1.));
#2815=DIRECTION('center_axis',(1.33338065638766E-15,1.,0.));
#2816=DIRECTION('ref_axis',(-1.,1.33338065638766E-15,0.));
#2817=DIRECTION('',(-1.,1.33338065638766E-15,0.));
#2818=DIRECTION('',(0.,0.,1.));
#2819=DIRECTION('center_axis',(-0.706219544200812,0.707992906312484,0.));
#2820=DIRECTION('ref_axis',(-0.707992906312484,-0.706219544200812,0.));
#2821=DIRECTION('',(-0.707992906312484,-0.706219544200812,0.));
#2822=DIRECTION('',(0.,0.,1.));
#2823=DIRECTION('center_axis',(0.707993055354567,0.706219394784443,0.));
#2824=DIRECTION('ref_axis',(-0.706219394784443,0.707993055354567,0.));
#2825=DIRECTION('',(-0.706219394784443,0.707993055354567,0.));
#2826=DIRECTION('',(0.,0.,1.));
#2827=DIRECTION('center_axis',(1.33338065638766E-15,1.,0.));
#2828=DIRECTION('ref_axis',(-1.,1.33338065638766E-15,0.));
#2829=DIRECTION('',(-1.,1.33338065638766E-15,0.));
#2830=DIRECTION('',(0.,0.,1.));
#2831=DIRECTION('center_axis',(-0.706219544200812,0.707992906312484,0.));
#2832=DIRECTION('ref_axis',(-0.707992906312484,-0.706219544200812,0.));
#2833=DIRECTION('',(-0.707992906312484,-0.706219544200812,0.));
#2834=DIRECTION('',(0.,0.,1.));
#2835=DIRECTION('center_axis',(0.707993055354567,0.706219394784443,0.));
#2836=DIRECTION('ref_axis',(-0.706219394784443,0.707993055354567,0.));
#2837=DIRECTION('',(-0.706219394784443,0.707993055354567,0.));
#2838=DIRECTION('',(0.,0.,1.));
#2839=DIRECTION('center_axis',(1.33338065638766E-15,1.,0.));
#2840=DIRECTION('ref_axis',(-1.,1.33338065638766E-15,0.));
#2841=DIRECTION('',(-1.,1.33338065638766E-15,0.));
#2842=DIRECTION('',(0.,0.,1.));
#2843=DIRECTION('center_axis',(-0.706219544200812,0.707992906312484,0.));
#2844=DIRECTION('ref_axis',(-0.707992906312484,-0.706219544200812,0.));
#2845=DIRECTION('',(-0.707992906312484,-0.706219544200812,0.));
#2846=DIRECTION('',(0.,0.,1.));
#2847=DIRECTION('center_axis',(0.707993055354567,0.706219394784443,0.));
#2848=DIRECTION('ref_axis',(-0.706219394784443,0.707993055354567,0.));
#2849=DIRECTION('',(-0.706219394784443,0.707993055354567,0.));
#2850=DIRECTION('',(0.,0.,1.));
#2851=DIRECTION('center_axis',(1.33338065638766E-15,1.,0.));
#2852=DIRECTION('ref_axis',(-1.,1.33338065638766E-15,0.));
#2853=DIRECTION('',(-1.,1.33338065638766E-15,0.));
#2854=DIRECTION('',(0.,0.,1.));
#2855=DIRECTION('center_axis',(-0.706219544200812,0.707992906312484,0.));
#2856=DIRECTION('ref_axis',(-0.707992906312484,-0.706219544200812,0.));
#2857=DIRECTION('',(-0.707992906312484,-0.706219544200812,0.));
#2858=DIRECTION('',(0.,0.,1.));
#2859=DIRECTION('center_axis',(0.707993055354568,0.706219394784442,0.));
#2860=DIRECTION('ref_axis',(-0.706219394784442,0.707993055354568,0.));
#2861=DIRECTION('',(-0.706219394784442,0.707993055354568,0.));
#2862=DIRECTION('',(0.,0.,1.));
#2863=DIRECTION('center_axis',(1.33338065638766E-15,1.,0.));
#2864=DIRECTION('ref_axis',(-1.,1.33338065638766E-15,0.));
#2865=DIRECTION('',(-1.,1.33338065638766E-15,0.));
#2866=DIRECTION('',(0.,0.,1.));
#2867=DIRECTION('center_axis',(-0.706219544200812,0.707992906312484,0.));
#2868=DIRECTION('ref_axis',(-0.707992906312484,-0.706219544200812,0.));
#2869=DIRECTION('',(-0.707992906312484,-0.706219544200812,0.));
#2870=DIRECTION('',(0.,0.,1.));
#2871=DIRECTION('center_axis',(0.707993055354567,0.706219394784443,0.));
#2872=DIRECTION('ref_axis',(-0.706219394784443,0.707993055354567,0.));
#2873=DIRECTION('',(-0.706219394784443,0.707993055354567,0.));
#2874=DIRECTION('',(0.,0.,1.));
#2875=DIRECTION('center_axis',(1.33338065638766E-15,1.,0.));
#2876=DIRECTION('ref_axis',(-1.,1.33338065638766E-15,0.));
#2877=DIRECTION('',(-1.,1.33338065638766E-15,0.));
#2878=DIRECTION('',(0.,0.,1.));
#2879=DIRECTION('center_axis',(-0.706219544200812,0.707992906312484,0.));
#2880=DIRECTION('ref_axis',(-0.707992906312484,-0.706219544200812,0.));
#2881=DIRECTION('',(-0.707992906312484,-0.706219544200812,0.));
#2882=DIRECTION('center_axis',(0.,0.,1.));
#2883=DIRECTION('ref_axis',(0.,1.,0.));
#2884=DIRECTION('center_axis',(0.,0.,-1.));
#2885=DIRECTION('ref_axis',(0.,1.,0.));
#2886=DIRECTION('',(0.,0.,1.));
#2887=DIRECTION('center_axis',(-1.29733926473052E-15,-1.,0.));
#2888=DIRECTION('ref_axis',(1.,-1.29733926473052E-15,0.));
#2889=DIRECTION('',(1.,-1.29733926473052E-15,0.));
#2890=DIRECTION('',(0.,0.,1.));
#2891=DIRECTION('center_axis',(-1.,-2.27738056333367E-15,0.));
#2892=DIRECTION('ref_axis',(2.27738056333367E-15,-1.,0.));
#2893=DIRECTION('',(2.27738056333367E-15,-1.,0.));
#2894=DIRECTION('center_axis',(0.,0.,1.));
#2895=DIRECTION('ref_axis',(1.,0.,0.));
#2896=CARTESIAN_POINT('',(0.,0.,0.));
#2897=CARTESIAN_POINT('Origin',(31.6470587341224,-23.5349650792325,-5.63529279552014));
#2898=CARTESIAN_POINT('',(30.6470587192213,-18.0047572484657,-6.00000008940697));
#2899=CARTESIAN_POINT('',(32.6470587490236,-16.6241931197888,-6.00000008940697));
#2900=CARTESIAN_POINT('Origin',(31.6470587341224,-17.3144751841273,-5.63529279552014));
#2901=CARTESIAN_POINT('',(30.6470587192213,17.8464346884893,-6.00000008940697));
#2902=CARTESIAN_POINT('',(30.6470586866139,-23.5349650792325,-6.));
#2903=CARTESIAN_POINT('',(32.6470587490236,16.5386133569802,-6.00000008940697));
#2904=CARTESIAN_POINT('Origin',(31.6470587341224,17.1925240227347,-5.63529279552014));
#2905=CARTESIAN_POINT('',(32.647058781631,-23.5349650792325,-6.));
#2906=CARTESIAN_POINT('Origin',(-5.06058754410506,-0.224856354260186,-6.));
#2907=CARTESIAN_POINT('',(30.294117572553,-18.2483861881475,-6.00000008940697));
#2908=CARTESIAN_POINT('',(22.6355396621918,-23.5349650792325,-6.));
#2909=CARTESIAN_POINT('',(30.294117572553,18.0772266652402,-6.00000008940697));
#2910=CARTESIAN_POINT('',(30.2941176051604,-23.5349650792325,-6.));
#2911=CARTESIAN_POINT('',(35.,15.,-6.));
#2912=CARTESIAN_POINT('Origin',(-5.06058754410506,-0.224856354260186,-6.));
#2913=CARTESIAN_POINT('',(32.9999998956919,16.3078213802292,-6.00000008940697));
#2914=CARTESIAN_POINT('',(35.,15.,-6.));
#2915=CARTESIAN_POINT('',(32.9999998956919,-16.380564180107,-6.00000008940697));
#2916=CARTESIAN_POINT('',(32.9999998630845,-23.5349650792325,-6.));
#2917=CARTESIAN_POINT('',(22.6355396621918,-23.5349650792325,-6.));
#2918=CARTESIAN_POINT('Origin',(35.,15.,-7.));
#2919=CARTESIAN_POINT('',(28.2941175427507,19.3850479967493,-6.00000008940697));
#2920=CARTESIAN_POINT('Origin',(29.2941175576519,18.7311373309948,-5.63529279552014));
#2921=CARTESIAN_POINT('',(27.9411763960824,19.6158399735003,-6.00000008940697));
#2922=CARTESIAN_POINT('',(35.,15.,-6.));
#2923=CARTESIAN_POINT('',(25.9411763662801,20.9236613050094,-6.00000008940697));
#2924=CARTESIAN_POINT('Origin',(26.9411763811813,20.2697506392548,-5.63529279552014));
#2925=CARTESIAN_POINT('',(25.5882352196118,21.1544532817603,-6.00000008940697));
#2926=CARTESIAN_POINT('',(35.,15.,-6.));
#2927=CARTESIAN_POINT('',(23.5882351898095,22.4622746132694,-6.00000008940697));
#2928=CARTESIAN_POINT('Origin',(24.5882352047107,21.8083639475148,-5.63529279552014));
#2929=CARTESIAN_POINT('',(23.2352940431413,22.6930665900203,-6.00000008940697));
#2930=CARTESIAN_POINT('',(35.,15.,-6.));
#2931=CARTESIAN_POINT('',(22.6355396621918,23.0852523707122,-6.62160657547008));
#2932=CARTESIAN_POINT('Origin',(22.2352940282401,23.3469772557749,-5.63529279552014));
#2933=CARTESIAN_POINT('',(22.6355396621918,23.0852523707122,-7.));
#2934=CARTESIAN_POINT('',(22.6355396621918,23.0852523707122,-7.));
#2935=CARTESIAN_POINT('',(35.,15.,-7.));
#2936=CARTESIAN_POINT('',(25.3014301190305,21.3419981932286,-7.));
#2937=CARTESIAN_POINT('',(35.,15.,-6.));
#2938=CARTESIAN_POINT('',(35.,15.,-7.));
#2939=CARTESIAN_POINT('Origin',(33.999999910593,15.6539107144747,-5.63529279552014));
#2940=CARTESIAN_POINT('Origin',(33.999999910593,-23.5349650792325,-5.63529279552014));
#2941=CARTESIAN_POINT('',(35.,-15.,-6.));
#2942=CARTESIAN_POINT('Origin',(33.999999910593,-15.6902821157685,-5.63529279552014));
#2943=CARTESIAN_POINT('',(35.,-15.,-6.));
#2944=CARTESIAN_POINT('Origin',(22.6355396621918,-23.5349650792325,-7.));
#2945=CARTESIAN_POINT('',(35.,-15.,-7.));
#2946=CARTESIAN_POINT('',(35.,-15.,-7.));
#2947=CARTESIAN_POINT('',(22.6355396621918,-23.5349650792325,-7.));
#2948=CARTESIAN_POINT('',(19.62509605787,-25.6130202740329,-7.));
#2949=CARTESIAN_POINT('',(22.6355396621918,-23.5349650792325,-6.62160657547008));
#2950=CARTESIAN_POINT('',(22.6355396621918,-23.5349650792325,-7.));
#2951=CARTESIAN_POINT('',(23.2352940431413,-23.1209653932238,-6.00000008940697));
#2952=CARTESIAN_POINT('Origin',(22.2352940282401,-23.8112474575623,-5.63529279552014));
#2953=CARTESIAN_POINT('',(23.5882351898095,-22.877336453542,-6.00000008940697));
#2954=CARTESIAN_POINT('',(22.6355396621918,-23.5349650792325,-6.));
#2955=CARTESIAN_POINT('',(25.5882352196118,-21.496772324865,-6.00000008940697));
#2956=CARTESIAN_POINT('Origin',(24.5882352047107,-22.1870543892035,-5.63529279552014));
#2957=CARTESIAN_POINT('',(25.9411763662801,-21.2531433851832,-6.00000008940697));
#2958=CARTESIAN_POINT('',(22.6355396621918,-23.5349650792325,-6.));
#2959=CARTESIAN_POINT('',(27.9411763960824,-19.8725792565063,-6.00000008940697));
#2960=CARTESIAN_POINT('Origin',(26.9411763811813,-20.5628613208448,-5.63529279552014));
#2961=CARTESIAN_POINT('',(28.2941175427507,-19.6289503168245,-6.00000008940697));
#2962=CARTESIAN_POINT('',(22.6355396621918,-23.5349650792325,-6.));
#2963=CARTESIAN_POINT('Origin',(29.2941175576519,-18.938668252486,-5.63529279552014));
#2964=CARTESIAN_POINT('Origin',(15.1764704988283,-23.5349650792325,-5.63529279552014));
#2965=CARTESIAN_POINT('',(16.1764705137295,23.0852523707122,-6.00000008940697));
#2966=CARTESIAN_POINT('',(14.1764704839272,23.0852523707122,-6.00000008940697));
#2967=CARTESIAN_POINT('Origin',(15.1764704988283,23.0852523707122,-5.63529279552014));
#2968=CARTESIAN_POINT('',(16.1764705137295,-23.5349650792325,-6.00000008940697));
#2969=CARTESIAN_POINT('',(16.1764705463369,-23.5349650792325,-6.));
#2970=CARTESIAN_POINT('',(14.1764704839272,-23.5349650792325,-6.00000008940697));
#2971=CARTESIAN_POINT('Origin',(15.1764704988283,-23.5349650792325,-5.63529279552014));
#2972=CARTESIAN_POINT('',(14.1764704513198,-23.5349650792325,-6.));
#2973=CARTESIAN_POINT('Origin',(-5.06058754410506,-0.224856354260186,-6.));
#2974=CARTESIAN_POINT('',(13.8235293372589,-23.5349650792325,-6.00000008940697));
#2975=CARTESIAN_POINT('',(-15.140327853519,-23.5349650792325,-6.));
#2976=CARTESIAN_POINT('',(13.8235293372589,23.0852523707122,-6.00000008940697));
#2977=CARTESIAN_POINT('',(13.8235293698663,-23.5349650792325,-6.));
#2978=CARTESIAN_POINT('',(22.6355396621918,23.0852523707122,-6.));
#2979=CARTESIAN_POINT('Origin',(-5.06058754410506,-0.224856354260186,-6.));
#2980=CARTESIAN_POINT('',(16.5294116603978,23.0852523707122,-6.00000008940697));
#2981=CARTESIAN_POINT('',(22.6355396621918,23.0852523707122,-6.));
#2982=CARTESIAN_POINT('',(16.5294116603978,-23.5349650792325,-6.00000008940697));
#2983=CARTESIAN_POINT('',(16.5294116277904,-23.5349650792325,-6.));
#2984=CARTESIAN_POINT('',(-15.140327853519,-23.5349650792325,-6.));
#2985=CARTESIAN_POINT('Origin',(22.6355396621918,23.0852523707122,-7.));
#2986=CARTESIAN_POINT('',(11.8235293074566,23.0852523707122,-6.00000008940697));
#2987=CARTESIAN_POINT('Origin',(12.8235293223577,23.0852523707122,-5.63529279552014));
#2988=CARTESIAN_POINT('',(11.4705881607883,23.0852523707122,-6.00000008940697));
#2989=CARTESIAN_POINT('',(22.6355396621918,23.0852523707122,-6.));
#2990=CARTESIAN_POINT('',(9.47058813098599,23.0852523707122,-6.00000008940697));
#2991=CARTESIAN_POINT('Origin',(10.4705881458871,23.0852523707122,-5.63529279552014));
#2992=CARTESIAN_POINT('',(9.11764698431772,23.0852523707122,-6.00000008940697));
#2993=CARTESIAN_POINT('',(22.6355396621918,23.0852523707122,-6.));
#2994=CARTESIAN_POINT('',(7.1176469545154,23.0852523707122,-6.00000008940697));
#2995=CARTESIAN_POINT('Origin',(8.11764696941656,23.0852523707122,-5.63529279552014));
#2996=CARTESIAN_POINT('',(6.76470580784714,23.0852523707122,-6.00000008940697));
#2997=CARTESIAN_POINT('',(22.6355396621918,23.0852523707122,-6.));
#2998=CARTESIAN_POINT('',(4.76470577804481,23.0852523707122,-6.00000008940697));
#2999=CARTESIAN_POINT('Origin',(5.76470579294597,23.0852523707122,-5.63529279552014));
#3000=CARTESIAN_POINT('',(4.41176463137655,23.0852523707122,-6.00000008940697));
#3001=CARTESIAN_POINT('',(22.6355396621918,23.0852523707122,-6.));
#3002=CARTESIAN_POINT('',(2.41176460157422,23.0852523707122,-6.00000008940697));
#3003=CARTESIAN_POINT('Origin',(3.41176461647539,23.0852523707122,-5.63529279552014));
#3004=CARTESIAN_POINT('',(2.05882345490596,23.0852523707122,-6.00000008940697));
#3005=CARTESIAN_POINT('',(22.6355396621918,23.0852523707122,-6.));
#3006=CARTESIAN_POINT('',(0.0588234251036357,23.0852523707122,-6.00000008940697));
#3007=CARTESIAN_POINT('Origin',(1.0588234400048,23.0852523707122,-5.63529279552014));
#3008=CARTESIAN_POINT('',(-0.29411772156463,23.0852523707122,-6.00000008940697));
#3009=CARTESIAN_POINT('',(22.6355396621918,23.0852523707122,-6.));
#3010=CARTESIAN_POINT('',(-2.29411775136695,23.0852523707122,-6.00000008940697));
#3011=CARTESIAN_POINT('Origin',(-1.29411773646579,23.0852523707122,-5.63529279552014));
#3012=CARTESIAN_POINT('',(-2.64705889803522,23.0852523707122,-6.00000008940697));
#3013=CARTESIAN_POINT('',(22.6355396621918,23.0852523707122,-6.));
#3014=CARTESIAN_POINT('',(-4.64705892783754,23.0852523707122,-6.00000008940697));
#3015=CARTESIAN_POINT('Origin',(-3.64705891293638,23.0852523707122,-5.63529279552014));
#3016=CARTESIAN_POINT('',(-5.00000007450581,23.0852523707122,-6.00000008940697));
#3017=CARTESIAN_POINT('',(22.6355396621918,23.0852523707122,-6.));
#3018=CARTESIAN_POINT('',(-7.00000010430813,23.0852523707122,-6.00000008940697));
#3019=CARTESIAN_POINT('Origin',(-6.00000008940697,23.0852523707122,-5.63529279552014));
#3020=CARTESIAN_POINT('',(-40.1211750882101,23.0852523707122,-6.));
#3021=CARTESIAN_POINT('',(22.6355396621918,23.0852523707122,-6.));
#3022=CARTESIAN_POINT('',(-40.1211750882101,23.0852523707122,-7.));
#3023=CARTESIAN_POINT('',(-40.1211750882101,23.0852523707122,-7.));
#3024=CARTESIAN_POINT('',(10.0677698310959,23.0852523707122,-7.));
#3025=CARTESIAN_POINT('',(21.2352940133389,23.0852523707122,-6.00000008940697));
#3026=CARTESIAN_POINT('Origin',(22.2352940282401,23.0852523707122,-5.63529279552014));
#3027=CARTESIAN_POINT('',(20.8823528666707,23.0852523707122,-6.00000008940697));
#3028=CARTESIAN_POINT('',(22.6355396621918,23.0852523707122,-6.));
#3029=CARTESIAN_POINT('',(18.8823528368683,23.0852523707122,-6.00000008940697));
#3030=CARTESIAN_POINT('Origin',(19.8823528517695,23.0852523707122,-5.63529279552014));
#3031=CARTESIAN_POINT('',(18.5294116902001,23.0852523707122,-6.00000008940697));
#3032=CARTESIAN_POINT('',(22.6355396621918,23.0852523707122,-6.));
#3033=CARTESIAN_POINT('Origin',(17.5294116752989,23.0852523707122,-5.63529279552014));
#3034=CARTESIAN_POINT('Origin',(10.4705881458871,-23.5349650792325,-5.63529279552014));
#3035=CARTESIAN_POINT('',(11.4705881607883,-23.5349650792325,-6.00000008940697));
#3036=CARTESIAN_POINT('',(11.4705881933957,-23.5349650792325,-6.));
#3037=CARTESIAN_POINT('',(9.47058813098599,-23.5349650792325,-6.00000008940697));
#3038=CARTESIAN_POINT('Origin',(10.4705881458871,-23.5349650792325,-5.63529279552014));
#3039=CARTESIAN_POINT('',(9.47058809837862,-23.5349650792325,-6.));
#3040=CARTESIAN_POINT('Origin',(-5.06058754410506,-0.224856354260186,-6.));
#3041=CARTESIAN_POINT('',(11.8235293074566,-23.5349650792325,-6.00000008940697));
#3042=CARTESIAN_POINT('',(11.8235292748492,-23.5349650792325,-6.));
#3043=CARTESIAN_POINT('',(-15.140327853519,-23.5349650792325,-6.));
#3044=CARTESIAN_POINT('Origin',(-5.06058754410506,-0.224856354260186,-6.));
#3045=CARTESIAN_POINT('',(9.11764698431772,-23.5349650792325,-6.00000008940697));
#3046=CARTESIAN_POINT('',(-15.140327853519,-23.5349650792325,-6.));
#3047=CARTESIAN_POINT('',(9.11764701692509,-23.5349650792325,-6.));
#3048=CARTESIAN_POINT('Origin',(-15.140327853519,-23.5349650792325,-7.));
#3049=CARTESIAN_POINT('',(18.5294116902001,-23.5349650792325,-6.00000008940697));
#3050=CARTESIAN_POINT('Origin',(17.5294116752989,-23.5349650792325,-5.63529279552014));
#3051=CARTESIAN_POINT('',(18.8823528368683,-23.5349650792325,-6.00000008940697));
#3052=CARTESIAN_POINT('',(-15.140327853519,-23.5349650792325,-6.));
#3053=CARTESIAN_POINT('',(20.8823528666707,-23.5349650792325,-6.00000008940697));
#3054=CARTESIAN_POINT('Origin',(19.8823528517695,-23.5349650792325,-5.63529279552014));
#3055=CARTESIAN_POINT('',(21.2352940133389,-23.5349650792325,-6.00000008940697));
#3056=CARTESIAN_POINT('',(-15.140327853519,-23.5349650792325,-6.));
#3057=CARTESIAN_POINT('Origin',(22.2352940282401,-23.5349650792325,-5.63529279552014));
#3058=CARTESIAN_POINT('',(-15.140327853519,-23.5349650792325,-7.));
#3059=CARTESIAN_POINT('',(-8.8201639267595,-23.5349650792325,-7.));
#3060=CARTESIAN_POINT('',(-15.140327853519,-23.5349650792325,-6.));
#3061=CARTESIAN_POINT('',(-15.140327853519,-23.5349650792325,-7.));
#3062=CARTESIAN_POINT('',(-7.00000010430813,-23.5349650792325,-6.00000008940697));
#3063=CARTESIAN_POINT('',(-15.140327853519,-23.5349650792325,-6.));
#3064=CARTESIAN_POINT('',(-5.00000007450581,-23.5349650792325,-6.00000008940697));
#3065=CARTESIAN_POINT('Origin',(-6.00000008940697,-23.5349650792325,-5.63529279552014));
#3066=CARTESIAN_POINT('',(-4.64705892783754,-23.5349650792325,-6.00000008940697));
#3067=CARTESIAN_POINT('',(-15.140327853519,-23.5349650792325,-6.));
#3068=CARTESIAN_POINT('',(-2.64705889803522,-23.5349650792325,-6.00000008940697));
#3069=CARTESIAN_POINT('Origin',(-3.64705891293638,-23.5349650792325,-5.63529279552014));
#3070=CARTESIAN_POINT('',(-2.29411775136695,-23.5349650792325,-6.00000008940697));
#3071=CARTESIAN_POINT('',(-15.140327853519,-23.5349650792325,-6.));
#3072=CARTESIAN_POINT('',(-0.29411772156463,-23.5349650792325,-6.00000008940697));
#3073=CARTESIAN_POINT('Origin',(-1.29411773646579,-23.5349650792325,-5.63529279552014));
#3074=CARTESIAN_POINT('',(0.0588234251036357,-23.5349650792325,-6.00000008940697));
#3075=CARTESIAN_POINT('',(-15.140327853519,-23.5349650792325,-6.));
#3076=CARTESIAN_POINT('',(2.05882345490596,-23.5349650792325,-6.00000008940697));
#3077=CARTESIAN_POINT('Origin',(1.0588234400048,-23.5349650792325,-5.63529279552014));
#3078=CARTESIAN_POINT('',(2.41176460157422,-23.5349650792325,-6.00000008940697));
#3079=CARTESIAN_POINT('',(-15.140327853519,-23.5349650792325,-6.));
#3080=CARTESIAN_POINT('',(4.41176463137655,-23.5349650792325,-6.00000008940697));
#3081=CARTESIAN_POINT('Origin',(3.41176461647539,-23.5349650792325,-5.63529279552014));
#3082=CARTESIAN_POINT('',(4.76470577804481,-23.5349650792325,-6.00000008940697));
#3083=CARTESIAN_POINT('',(-15.140327853519,-23.5349650792325,-6.));
#3084=CARTESIAN_POINT('',(6.76470580784714,-23.5349650792325,-6.00000008940697));
#3085=CARTESIAN_POINT('Origin',(5.76470579294597,-23.5349650792325,-5.63529279552014));
#3086=CARTESIAN_POINT('',(7.1176469545154,-23.5349650792325,-6.00000008940697));
#3087=CARTESIAN_POINT('',(-15.140327853519,-23.5349650792325,-6.));
#3088=CARTESIAN_POINT('Origin',(8.11764696941656,-23.5349650792325,-5.63529279552014));
#3089=CARTESIAN_POINT('Origin',(12.8235293223577,-23.5349650792325,-5.63529279552014));
#3090=CARTESIAN_POINT('Origin',(-1.29411773646579,-23.5349650792325,-5.63529279552014));
#3091=CARTESIAN_POINT('',(-0.294117688957262,-23.5349650792325,-6.));
#3092=CARTESIAN_POINT('',(-2.29411778397432,-23.5349650792325,-6.));
#3093=CARTESIAN_POINT('Origin',(-5.06058754410506,-0.224856354260186,-6.));
#3094=CARTESIAN_POINT('',(-2.64705886542785,-23.5349650792325,-6.));
#3095=CARTESIAN_POINT('Origin',(-5.06058754410506,-0.224856354260186,-6.));
#3096=CARTESIAN_POINT('',(0.0588233924962679,-23.5349650792325,-6.));
#3097=CARTESIAN_POINT('Origin',(3.41176461647539,-23.5349650792325,-5.63529279552014));
#3098=CARTESIAN_POINT('',(4.41176466398391,-23.5349650792325,-6.));
#3099=CARTESIAN_POINT('',(2.41176456896686,-23.5349650792325,-6.));
#3100=CARTESIAN_POINT('Origin',(-5.06058754410506,-0.224856354260186,-6.));
#3101=CARTESIAN_POINT('',(4.76470574543745,-23.5349650792325,-6.));
#3102=CARTESIAN_POINT('Origin',(5.76470579294597,-23.5349650792325,-5.63529279552014));
#3103=CARTESIAN_POINT('',(6.7647058404545,-23.5349650792325,-6.));
#3104=CARTESIAN_POINT('Origin',(-5.06058754410506,-0.224856354260186,-6.));
#3105=CARTESIAN_POINT('',(7.11764692190803,-23.5349650792325,-6.));
#3106=CARTESIAN_POINT('Origin',(-5.06058754410506,-0.224856354260186,-6.));
#3107=CARTESIAN_POINT('',(2.05882348751333,-23.5349650792325,-6.));
#3108=CARTESIAN_POINT('Origin',(17.5294116752989,-23.5349650792325,-5.63529279552014));
#3109=CARTESIAN_POINT('',(18.5294117228074,-23.5349650792325,-6.));
#3110=CARTESIAN_POINT('Origin',(29.2941175576519,-23.5349650792325,-5.63529279552014));
#3111=CARTESIAN_POINT('',(28.2941175101433,-23.5349650792325,-6.));
#3112=CARTESIAN_POINT('Origin',(26.9411763811813,-23.5349650792325,-5.63529279552014));
#3113=CARTESIAN_POINT('',(25.9411763336727,-23.5349650792325,-6.));
#3114=CARTESIAN_POINT('',(27.9411764286898,-23.5349650792325,-6.));
#3115=CARTESIAN_POINT('Origin',(-5.06058754410506,-0.224856354260186,-6.));
#3116=CARTESIAN_POINT('Origin',(24.5882352047107,-23.5349650792325,-5.63529279552014));
#3117=CARTESIAN_POINT('',(23.5882351572021,-23.5349650792325,-6.));
#3118=CARTESIAN_POINT('',(25.5882352522192,-23.5349650792325,-6.));
#3119=CARTESIAN_POINT('Origin',(-5.06058754410506,-0.224856354260186,-6.));
#3120=CARTESIAN_POINT('Origin',(12.8235293223577,-23.5349650792325,-5.63529279552014));
#3121=CARTESIAN_POINT('Origin',(-5.06058754410506,-0.224856354260186,-6.));
#3122=CARTESIAN_POINT('',(18.882352804261,-23.5349650792325,-6.));
#3123=CARTESIAN_POINT('Origin',(1.0588234400048,-23.5349650792325,-5.63529279552014));
#3124=CARTESIAN_POINT('Origin',(-3.64705891293638,-23.5349650792325,-5.63529279552014));
#3125=CARTESIAN_POINT('',(-4.64705896044491,-23.5349650792325,-6.));
#3126=CARTESIAN_POINT('Origin',(-6.00000008940697,-23.5349650792325,-5.63529279552014));
#3127=CARTESIAN_POINT('',(-5.00000004189844,-23.5349650792325,-6.));
#3128=CARTESIAN_POINT('',(-7.0000001369155,-23.5349650792325,-6.));
#3129=CARTESIAN_POINT('Origin',(-5.06058754410506,-0.224856354260186,-6.));
#3130=CARTESIAN_POINT('Origin',(8.11764696941656,-23.5349650792325,-5.63529279552014));
#3131=CARTESIAN_POINT('Origin',(-5.06058754410506,-0.224856354260186,-6.));
#3132=CARTESIAN_POINT('',(-45.1211750882101,-10.,-6.));
#3133=CARTESIAN_POINT('',(-45.1211750882101,-10.,-6.));
#3134=CARTESIAN_POINT('',(-45.1211750882101,18.0852523707122,-6.));
#3135=CARTESIAN_POINT('',(-45.1211750882101,23.0852523707122,-6.));
#3136=CARTESIAN_POINT('Origin',(-40.1211750882101,18.0852523707122,-6.));
#3137=CARTESIAN_POINT('Origin',(19.8823528517695,-23.5349650792325,-5.63529279552014));
#3138=CARTESIAN_POINT('',(20.882352899278,-23.5349650792325,-6.));
#3139=CARTESIAN_POINT('Origin',(22.2352940282401,-23.5349650792325,-5.63529279552014));
#3140=CARTESIAN_POINT('',(23.2352940757486,-23.5349650792325,-6.));
#3141=CARTESIAN_POINT('',(21.2352939807316,-23.5349650792325,-6.));
#3142=CARTESIAN_POINT('Origin',(-5.06058754410506,-0.224856354260186,-6.));
#3143=CARTESIAN_POINT('Origin',(-5.06058754410506,-0.224856354260186,-6.));
#3144=CARTESIAN_POINT('Origin',(-40.1211750882101,18.0852523707122,-7.));
#3145=CARTESIAN_POINT('',(-45.1211750882101,18.0852523707122,-7.));
#3146=CARTESIAN_POINT('',(-45.1211750882101,18.0852523707122,-7.));
#3147=CARTESIAN_POINT('Origin',(-40.1211750882101,18.0852523707122,-7.));
#3148=CARTESIAN_POINT('Origin',(35.,-15.,-7.));
#3149=CARTESIAN_POINT('',(35.,-7.50000000000001,-7.));
#3150=CARTESIAN_POINT('Origin',(-45.1211750882101,-10.,-7.));
#3151=CARTESIAN_POINT('',(-45.1211750882101,-10.,-7.));
#3152=CARTESIAN_POINT('',(-29.2936677572062,-17.1453870979521,-7.));
#3153=CARTESIAN_POINT('',(-45.1211750882101,-10.,-7.));
#3154=CARTESIAN_POINT('Origin',(-45.1211750882101,23.0852523707122,-7.));
#3155=CARTESIAN_POINT('',(-45.1211750882101,11.5426261853561,-7.));
#3156=CARTESIAN_POINT('Origin',(-2.5,-2.66453525910038E-14,-7.));
#3157=CARTESIAN_POINT('',(-58.,-25.,-7.));
#3158=CARTESIAN_POINT('',(-55.,-28.,-7.));
#3159=CARTESIAN_POINT('Origin',(-55.,-25.,-7.));
#3160=CARTESIAN_POINT('',(-58.0000000000001,7.99999999999995,-7.));
#3161=CARTESIAN_POINT('',(-58.,-28.,-7.));
#3162=CARTESIAN_POINT('',(-38.0000000000001,28.,-7.));
#3163=CARTESIAN_POINT('Origin',(-38.0000000000001,7.99999999999996,-7.));
#3164=CARTESIAN_POINT('',(0.0417370250626536,27.9999999999999,-7.));
#3165=CARTESIAN_POINT('',(-38.0000000000001,28.,-7.));
#3166=CARTESIAN_POINT('',(0.0417370250626581,29.9770046637747,-7.));
#3167=CARTESIAN_POINT('',(0.0417370250626581,31.2426406871194,-7.));
#3168=CARTESIAN_POINT('',(3.02794819267222,29.9770046637747,-7.));
#3169=CARTESIAN_POINT('',(0.0417370250626581,29.9770046637747,-7.));
#3170=CARTESIAN_POINT('',(5.00000007450581,27.9999999999999,-7.));
#3171=CARTESIAN_POINT('',(5.00000007450581,27.9999999999999,-7.));
#3172=CARTESIAN_POINT('',(6.98196912250663,29.9770046637747,-7.));
#3173=CARTESIAN_POINT('',(5.00000007450581,27.9999999999999,-7.));
#3174=CARTESIAN_POINT('',(9.02794819267222,29.9770046637747,-7.));
#3175=CARTESIAN_POINT('',(0.0417370250626581,29.9770046637747,-7.));
#3176=CARTESIAN_POINT('',(11.0000000745058,27.9999999999999,-7.));
#3177=CARTESIAN_POINT('',(11.0000000745058,27.9999999999999,-7.));
#3178=CARTESIAN_POINT('',(12.9819691225066,29.9770046637747,-7.));
#3179=CARTESIAN_POINT('',(11.0000000745058,27.9999999999999,-7.));
#3180=CARTESIAN_POINT('',(15.0279481926722,29.9770046637747,-7.));
#3181=CARTESIAN_POINT('',(0.0417370250626581,29.9770046637747,-7.));
#3182=CARTESIAN_POINT('',(17.0000000745058,27.9999999999999,-7.));
#3183=CARTESIAN_POINT('',(17.0000000745058,27.9999999999999,-7.));
#3184=CARTESIAN_POINT('',(18.9819691225066,29.9770046637747,-7.));
#3185=CARTESIAN_POINT('',(17.0000000745058,27.9999999999999,-7.));
#3186=CARTESIAN_POINT('',(21.0279481926722,29.9770046637747,-7.));
#3187=CARTESIAN_POINT('',(0.0417370250626581,29.9770046637747,-7.));
#3188=CARTESIAN_POINT('',(23.0000000745058,27.9999999999999,-7.));
#3189=CARTESIAN_POINT('',(23.0000000745058,27.9999999999999,-7.));
#3190=CARTESIAN_POINT('',(24.9819691225066,29.9770046637747,-7.));
#3191=CARTESIAN_POINT('',(23.0000000745058,27.9999999999999,-7.));
#3192=CARTESIAN_POINT('',(27.0279481926722,29.9770046637747,-7.));
#3193=CARTESIAN_POINT('',(0.0417370250626581,29.9770046637747,-7.));
#3194=CARTESIAN_POINT('',(29.0000000745058,27.9999999999999,-7.));
#3195=CARTESIAN_POINT('',(29.0000000745058,27.9999999999999,-7.));
#3196=CARTESIAN_POINT('',(30.9819691225066,29.9770046637747,-7.));
#3197=CARTESIAN_POINT('',(29.0000000745058,27.9999999999999,-7.));
#3198=CARTESIAN_POINT('',(33.0279481926722,29.9770046637747,-7.));
#3199=CARTESIAN_POINT('',(0.0417370250626581,29.9770046637747,-7.));
#3200=CARTESIAN_POINT('',(35.0000000745058,27.9999999999999,-7.));
#3201=CARTESIAN_POINT('',(35.0000000745058,27.9999999999999,-7.));
#3202=CARTESIAN_POINT('',(36.9819691225066,29.9770046637747,-7.));
#3203=CARTESIAN_POINT('',(35.0000000745058,27.9999999999999,-7.));
#3204=CARTESIAN_POINT('',(39.0279481926722,29.9770046637747,-7.));
#3205=CARTESIAN_POINT('',(0.0417370250626581,29.9770046637747,-7.));
#3206=CARTESIAN_POINT('',(41.0000000745058,27.9999999999999,-7.));
#3207=CARTESIAN_POINT('',(41.0000000745058,27.9999999999999,-7.));
#3208=CARTESIAN_POINT('',(42.9819691225066,29.9770046637747,-7.));
#3209=CARTESIAN_POINT('',(41.0000000745058,27.9999999999999,-7.));
#3210=CARTESIAN_POINT('',(45.0279481926722,29.9770046637747,-7.));
#3211=CARTESIAN_POINT('',(0.0417370250626581,29.9770046637747,-7.));
#3212=CARTESIAN_POINT('',(47.0000000745058,27.9999999999999,-7.));
#3213=CARTESIAN_POINT('',(47.0000000745058,27.9999999999999,-7.));
#3214=CARTESIAN_POINT('',(48.9819691225066,29.9770046637747,-7.));
#3215=CARTESIAN_POINT('',(47.0000000745058,27.9999999999999,-7.));
#3216=CARTESIAN_POINT('',(50.,29.9770046637747,-7.));
#3217=CARTESIAN_POINT('',(0.0417370250626581,29.9770046637747,-7.));
#3218=CARTESIAN_POINT('',(51.6507840382471,28.8891354162748,-7.));
#3219=CARTESIAN_POINT('',(50.,29.9770046637747,-7.));
#3220=CARTESIAN_POINT('',(53.,26.3841579594763,-7.));
#3221=CARTESIAN_POINT('Origin',(50.,26.3841579594763,-7.));
#3222=CARTESIAN_POINT('',(53.0000000000001,-12.9999999999999,-7.));
#3223=CARTESIAN_POINT('',(53.,27.9999999999998,-7.));
#3224=CARTESIAN_POINT('',(38.,-28.,-7.));
#3225=CARTESIAN_POINT('Origin',(38.,-12.9999999999999,-7.));
#3226=CARTESIAN_POINT('',(38.,-28.,-7.));
#3227=CARTESIAN_POINT('Origin',(53.,27.9999999999998,-4.));
#3228=CARTESIAN_POINT('',(53.0000000000001,-12.9999999999999,6.));
#3229=CARTESIAN_POINT('',(53.,26.3841579594763,6.));
#3230=CARTESIAN_POINT('',(53.,15.5606601717798,6.));
#3231=CARTESIAN_POINT('',(53.0000000000001,-12.9999999999999,-4.));
#3232=CARTESIAN_POINT('',(53.,26.3841579594763,3.));
#3233=CARTESIAN_POINT('',(53.0000000000001,6.00000008940697,-4.));
#3234=CARTESIAN_POINT('',(53.0000000000001,6.00000008940697,0.));
#3235=CARTESIAN_POINT('',(53.0000000000001,6.00000008940697,-4.));
#3236=CARTESIAN_POINT('',(53.0000000000001,-7.00000010430812,-4.));
#3237=CARTESIAN_POINT('',(53.,27.9999999999998,-4.));
#3238=CARTESIAN_POINT('',(53.0000000000001,-7.00000010430812,0.));
#3239=CARTESIAN_POINT('',(53.0000000000001,-7.00000010430812,-4.));
#3240=CARTESIAN_POINT('',(53.0000000000001,-12.9999999999999,0.));
#3241=CARTESIAN_POINT('Origin',(38.,-12.9999999999999,-4.));
#3242=CARTESIAN_POINT('',(38.,-28.,6.));
#3243=CARTESIAN_POINT('Origin',(38.,-12.9999999999999,6.));
#3244=CARTESIAN_POINT('',(38.,-28.,-4.));
#3245=CARTESIAN_POINT('Origin',(38.,-28.,-4.));
#3246=CARTESIAN_POINT('',(-55.,-28.,6.));
#3247=CARTESIAN_POINT('',(16.6893398282202,-28.,6.));
#3248=CARTESIAN_POINT('',(-55.,-28.,-4.));
#3249=CARTESIAN_POINT('Origin',(-39.33,0.29,0.));
#3250=CARTESIAN_POINT('',(-35.33,0.29,0.));
#3251=CARTESIAN_POINT('Origin',(-39.33,0.29,0.));
#3252=CARTESIAN_POINT('',(-37.73,0.29,0.));
#3253=CARTESIAN_POINT('Origin',(-39.33,0.29,0.));
#3254=CARTESIAN_POINT('Origin',(-39.33,0.29,-4.));
#3255=CARTESIAN_POINT('',(-35.33,0.29,-4.));
#3256=CARTESIAN_POINT('',(-35.33,0.29,-4.));
#3257=CARTESIAN_POINT('Origin',(-39.33,0.29,-4.));
#3258=CARTESIAN_POINT('Origin',(14.72,18.53,0.));
#3259=CARTESIAN_POINT('',(18.72,18.53,0.));
#3260=CARTESIAN_POINT('Origin',(14.72,18.53,0.));
#3261=CARTESIAN_POINT('',(16.32,18.53,0.));
#3262=CARTESIAN_POINT('Origin',(14.72,18.53,0.));
#3263=CARTESIAN_POINT('Origin',(14.72,18.53,-4.));
#3264=CARTESIAN_POINT('',(18.72,18.53,-4.));
#3265=CARTESIAN_POINT('',(18.72,18.53,-4.));
#3266=CARTESIAN_POINT('Origin',(14.72,18.53,-4.));
#3267=CARTESIAN_POINT('Origin',(-2.5,-2.66453525910038E-14,-4.));
#3268=CARTESIAN_POINT('',(51.0000007599592,-7.00000010430813,-4.));
#3269=CARTESIAN_POINT('',(25.2500000000001,-7.00000010430819,-4.));
#3270=CARTESIAN_POINT('',(51.0000007599592,6.00000008940697,-4.));
#3271=CARTESIAN_POINT('',(24.2500003799796,6.00000008940691,-4.));
#3272=CARTESIAN_POINT('',(51.,25.9999999999998,-4.));
#3273=CARTESIAN_POINT('',(51.,13.,-4.));
#3274=CARTESIAN_POINT('',(-38.0000000000001,26.,-4.));
#3275=CARTESIAN_POINT('',(-20.25,25.9999999999999,-4.));
#3276=CARTESIAN_POINT('',(-56.0000000000001,7.99999999999995,-4.));
#3277=CARTESIAN_POINT('Origin',(-38.0000000000001,7.99999999999996,-4.));
#3278=CARTESIAN_POINT('',(-56.,-26.,-4.));
#3279=CARTESIAN_POINT('',(-56.,-13.0000000000001,-4.));
#3280=CARTESIAN_POINT('',(38.,-26.,-4.));
#3281=CARTESIAN_POINT('',(17.75,-26.,-4.));
#3282=CARTESIAN_POINT('',(51.0000000000001,-12.9999999999999,-4.));
#3283=CARTESIAN_POINT('Origin',(38.,-12.9999999999999,-4.));
#3284=CARTESIAN_POINT('',(51.0000000000001,-3.50000005215402,-4.));
#3285=CARTESIAN_POINT('',(18.72,-18.49,-4.));
#3286=CARTESIAN_POINT('Origin',(14.72,-18.49,-4.));
#3287=CARTESIAN_POINT('Origin',(14.72,-18.49,0.));
#3288=CARTESIAN_POINT('',(18.72,-18.49,0.));
#3289=CARTESIAN_POINT('Origin',(14.72,-18.49,0.));
#3290=CARTESIAN_POINT('',(16.32,-18.49,0.));
#3291=CARTESIAN_POINT('Origin',(14.72,-18.49,0.));
#3292=CARTESIAN_POINT('Origin',(14.72,-18.49,-4.));
#3293=CARTESIAN_POINT('',(18.72,-18.49,-4.));
#3294=CARTESIAN_POINT('Origin',(-39.33,0.29,6.));
#3295=CARTESIAN_POINT('',(-37.73,0.29,6.));
#3296=CARTESIAN_POINT('Origin',(-39.33,0.29,6.));
#3297=CARTESIAN_POINT('Origin',(-39.33,0.29,-4.));
#3298=CARTESIAN_POINT('',(-37.73,0.29,-4.));
#3299=CARTESIAN_POINT('Origin',(14.72,18.53,6.));
#3300=CARTESIAN_POINT('',(16.32,18.53,6.));
#3301=CARTESIAN_POINT('Origin',(14.72,18.53,6.));
#3302=CARTESIAN_POINT('Origin',(14.72,18.53,-4.));
#3303=CARTESIAN_POINT('',(16.32,18.53,-4.));
#3304=CARTESIAN_POINT('Origin',(14.72,-18.49,6.));
#3305=CARTESIAN_POINT('',(16.32,-18.49,6.));
#3306=CARTESIAN_POINT('Origin',(14.72,-18.49,6.));
#3307=CARTESIAN_POINT('Origin',(14.72,-18.49,-4.));
#3308=CARTESIAN_POINT('',(16.32,-18.49,-4.));
#3309=CARTESIAN_POINT('Origin',(53.0000000000001,-7.00000010430812,-4.));
#3310=CARTESIAN_POINT('',(51.0000007599592,-7.00000010430813,0.));
#3311=CARTESIAN_POINT('',(52.5000000000001,-7.00000010430812,0.));
#3312=CARTESIAN_POINT('',(51.0000007599592,-7.00000010430813,-4.));
#3313=CARTESIAN_POINT('Origin',(38.,-12.9999999999999,-4.));
#3314=CARTESIAN_POINT('',(51.0000000000001,-12.9999999999999,6.));
#3315=CARTESIAN_POINT('',(38.,-26.,6.));
#3316=CARTESIAN_POINT('Origin',(38.,-12.9999999999999,6.));
#3317=CARTESIAN_POINT('',(51.0000000000001,-12.9999999999999,-4.));
#3318=CARTESIAN_POINT('',(38.,-26.,-4.));
#3319=CARTESIAN_POINT('Origin',(38.,-26.,-4.));
#3320=CARTESIAN_POINT('',(-56.,-26.,6.));
#3321=CARTESIAN_POINT('',(16.6893398282202,-26.,6.));
#3322=CARTESIAN_POINT('',(-56.,-26.,-4.));
#3323=CARTESIAN_POINT('Origin',(-56.,-26.,-4.));
#3324=CARTESIAN_POINT('',(-56.0000000000001,7.99999999999995,6.));
#3325=CARTESIAN_POINT('',(-56.,-11.4393398282202,6.));
#3326=CARTESIAN_POINT('',(-56.0000000000001,7.99999999999995,-4.));
#3327=CARTESIAN_POINT('Origin',(51.0000007599592,6.00000008940697,-4.));
#3328=CARTESIAN_POINT('',(51.0000007599592,6.00000008940697,0.));
#3329=CARTESIAN_POINT('',(51.5000003799796,6.00000008940697,0.));
#3330=CARTESIAN_POINT('',(51.0000007599592,6.00000008940697,-4.));
#3331=CARTESIAN_POINT('Origin',(52.0000000000001,-0.500000007450578,0.));
#3332=CARTESIAN_POINT('',(51.0000000000001,-12.9999999999999,0.));
#3333=CARTESIAN_POINT('Origin',(5.00000007450581,27.9999999999999,10.));
#3334=CARTESIAN_POINT('',(5.00000007450581,27.9999999999999,6.));
#3335=CARTESIAN_POINT('',(3.02794819267222,29.9770046637747,6.));
#3336=CARTESIAN_POINT('',(8.82035368635692,24.1700516211184,6.));
#3337=CARTESIAN_POINT('',(5.00000007450581,27.9999999999999,3.));
#3338=CARTESIAN_POINT('',(3.02794819267222,29.9770046637747,10.));
#3339=CARTESIAN_POINT('Origin',(3.02794819267222,29.9770046637747,10.));
#3340=CARTESIAN_POINT('',(0.0417370250626581,29.9770046637747,6.));
#3341=CARTESIAN_POINT('',(-0.796686075443702,29.9770046637747,6.));
#3342=CARTESIAN_POINT('',(0.0417370250626564,29.9770046637747,-1.11022302462516E-15));
#3343=CARTESIAN_POINT('',(0.0417370250626581,29.9770046637747,10.));
#3344=CARTESIAN_POINT('',(0.0417370250626581,29.9770046637747,10.));
#3345=CARTESIAN_POINT('Origin',(50.,29.9770046637747,10.));
#3346=CARTESIAN_POINT('',(50.,29.9770046637747,6.));
#3347=CARTESIAN_POINT('',(48.9819691225066,29.9770046637747,6.));
#3348=CARTESIAN_POINT('',(22.6893398282202,29.9770046637747,6.));
#3349=CARTESIAN_POINT('',(50.,29.9770046637747,10.));
#3350=CARTESIAN_POINT('',(48.9819691225066,29.9770046637747,10.));
#3351=CARTESIAN_POINT('Origin',(48.9819691225066,29.9770046637747,10.));
#3352=CARTESIAN_POINT('',(47.0000000745059,27.9999999999998,6.));
#3353=CARTESIAN_POINT('',(28.8336387231222,9.87914127532376,6.));
#3354=CARTESIAN_POINT('',(47.0000000745059,27.9999999999998,3.));
#3355=CARTESIAN_POINT('Origin',(47.0000000745058,27.9999999999999,10.));
#3356=CARTESIAN_POINT('',(45.0279481926722,29.9770046637747,6.));
#3357=CARTESIAN_POINT('',(40.3466911813932,34.6700185894643,6.));
#3358=CARTESIAN_POINT('',(45.0279481926722,29.9770046637747,10.));
#3359=CARTESIAN_POINT('Origin',(45.0279481926722,29.9770046637747,10.));
#3360=CARTESIAN_POINT('',(42.9819691225066,29.9770046637747,6.));
#3361=CARTESIAN_POINT('',(20.2033139245563,29.9770046637747,6.));
#3362=CARTESIAN_POINT('',(42.9819691225066,29.9770046637747,10.));
#3363=CARTESIAN_POINT('Origin',(-38.0000000000001,28.,-4.));
#3364=CARTESIAN_POINT('',(-38.0000000000001,28.,-1.11022302462516E-15));
#3365=CARTESIAN_POINT('',(0.0417370250626536,27.9999999999999,-1.11022302462516E-15));
#3366=CARTESIAN_POINT('',(-34.5502259155142,28.,-1.11022302462516E-15));
#3367=CARTESIAN_POINT('',(0.0417370250626536,27.9999999999999,3.));
#3368=CARTESIAN_POINT('',(-38.0000000000001,28.,-4.));
#3369=CARTESIAN_POINT('Origin',(53.,27.9999999999998,10.));
#3370=CARTESIAN_POINT('',(51.6507840382471,28.8891354162748,6.));
#3371=CARTESIAN_POINT('',(38.6282789495978,37.4709865143718,6.));
#3372=CARTESIAN_POINT('',(51.6507840382471,28.8891354162748,3.));
#3373=CARTESIAN_POINT('Origin',(50.,26.3841579594763,3.));
#3374=CARTESIAN_POINT('Origin',(50.,26.3841579594763,6.));
#3375=CARTESIAN_POINT('Origin',(-55.,-25.,-4.));
#3376=CARTESIAN_POINT('',(-58.,-25.,6.));
#3377=CARTESIAN_POINT('Origin',(-55.,-25.,6.));
#3378=CARTESIAN_POINT('',(-58.,-25.,-4.));
#3379=CARTESIAN_POINT('Origin',(0.0417370250626564,29.9770046637747,10.));
#3380=CARTESIAN_POINT('',(0.0417370250626448,21.0491625036672,-1.11022302462516E-15));
#3381=CARTESIAN_POINT('Origin',(0.0417370250626581,31.2426406871194,10.));
#3382=CARTESIAN_POINT('',(0.0417370250626581,31.2426406871194,6.));
#3383=CARTESIAN_POINT('',(-2.95826297500925,34.2426406871194,6.));
#3384=CARTESIAN_POINT('',(5.90630276876907,25.3780749435535,6.));
#3385=CARTESIAN_POINT('',(0.0417370250626581,31.2426406871194,-1.11022302462516E-15));
#3386=CARTESIAN_POINT('',(0.0417370250626581,31.2426406871194,10.));
#3387=CARTESIAN_POINT('',(-2.95826297500925,34.2426406871194,-1.11022302462516E-15));
#3388=CARTESIAN_POINT('',(-2.95826297500925,34.2426406871194,-1.11022302462516E-15));
#3389=CARTESIAN_POINT('',(-2.95826297500925,34.2426406871194,10.));
#3390=CARTESIAN_POINT('Origin',(-2.95826297500925,34.2426406871194,10.));
#3391=CARTESIAN_POINT('',(-52.2426406871195,34.2426406871193,6.));
#3392=CARTESIAN_POINT('',(-3.7897916592845,34.2426406871194,6.));
#3393=CARTESIAN_POINT('',(-52.2426406871195,34.2426406871193,-1.11022302462516E-15));
#3394=CARTESIAN_POINT('',(-52.2426406871195,34.2426406871193,-1.11022302462516E-15));
#3395=CARTESIAN_POINT('',(-52.2426406871195,34.2426406871193,10.));
#3396=CARTESIAN_POINT('Origin',(-52.2426406871195,34.2426406871193,10.));
#3397=CARTESIAN_POINT('',(-62.2426406871194,24.2426406871193,6.));
#3398=CARTESIAN_POINT('',(-48.1176406871195,38.3676406871193,6.));
#3399=CARTESIAN_POINT('',(-62.2426406871194,24.2426406871193,-1.11022302462516E-15));
#3400=CARTESIAN_POINT('',(-62.2426406871194,24.2426406871193,-1.11022302462516E-15));
#3401=CARTESIAN_POINT('',(-62.2426406871194,24.2426406871193,10.));
#3402=CARTESIAN_POINT('Origin',(-62.2426406871194,24.2426406871193,10.));
#3403=CARTESIAN_POINT('',(-62.2426406871193,-5.75735931288074,6.));
#3404=CARTESIAN_POINT('',(-62.2426406871194,13.6819805153394,6.));
#3405=CARTESIAN_POINT('',(-62.2426406871193,-5.75735931288074,-1.11022302462516E-15));
#3406=CARTESIAN_POINT('',(-62.2426406871193,-5.75735931288074,-1.11022302462516E-15));
#3407=CARTESIAN_POINT('',(-62.2426406871193,-5.75735931288074,10.));
#3408=CARTESIAN_POINT('Origin',(-62.2426406871193,-5.75735931288074,10.));
#3409=CARTESIAN_POINT('',(-58.,-10.,6.));
#3410=CARTESIAN_POINT('',(-50.0569805153395,-17.9430194846605,6.));
#3411=CARTESIAN_POINT('',(-58.0000000000001,-10.,-1.11022302462516E-15));
#3412=CARTESIAN_POINT('',(-58.0000000000001,-10.,-1.11022302462516E-15));
#3413=CARTESIAN_POINT('',(-58.,-10.,3.));
#3414=CARTESIAN_POINT('Origin',(0.0417370250626511,25.9999999999999,10.));
#3415=CARTESIAN_POINT('',(0.0417370250626359,14.5606601717798,6.));
#3416=CARTESIAN_POINT('',(0.0417370250626581,31.2426406871194,-1.11022302462516E-15));
#3417=CARTESIAN_POINT('Origin',(-38.0000000000001,7.99999999999996,-4.));
#3418=CARTESIAN_POINT('',(-58.0000000000001,7.99999999999995,-1.11022302462516E-15));
#3419=CARTESIAN_POINT('Origin',(-38.0000000000001,7.99999999999996,-1.11022302462516E-15));
#3420=CARTESIAN_POINT('',(-58.0000000000001,7.99999999999995,-4.));
#3421=CARTESIAN_POINT('Origin',(-58.,-28.,-4.));
#3422=CARTESIAN_POINT('',(-58.,-12.4393398282202,6.));
#3423=CARTESIAN_POINT('',(-58.0000000000001,-7.93933982822019,-1.11022302462516E-15));
#3424=CARTESIAN_POINT('Origin',(-31.1004518310284,12.1213203435597,-1.11022302462516E-15));
#3425=CARTESIAN_POINT('Origin',(42.9819691225066,29.9770046637747,10.));
#3426=CARTESIAN_POINT('',(41.0000000745059,27.9999999999999,6.));
#3427=CARTESIAN_POINT('',(24.3374005892886,11.379136558104,6.));
#3428=CARTESIAN_POINT('',(41.0000000745059,27.9999999999999,3.));
#3429=CARTESIAN_POINT('Origin',(41.0000000745058,27.9999999999999,10.));
#3430=CARTESIAN_POINT('',(39.0279481926722,29.9770046637747,6.));
#3431=CARTESIAN_POINT('',(35.8429286821022,33.1700233082721,6.));
#3432=CARTESIAN_POINT('',(39.0279481926722,29.9770046637747,10.));
#3433=CARTESIAN_POINT('Origin',(39.0279481926722,29.9770046637747,10.));
#3434=CARTESIAN_POINT('',(36.9819691225066,29.9770046637747,6.));
#3435=CARTESIAN_POINT('',(17.2033139245563,29.9770046637747,6.));
#3436=CARTESIAN_POINT('',(36.9819691225066,29.9770046637747,10.));
#3437=CARTESIAN_POINT('Origin',(36.9819691225066,29.9770046637747,10.));
#3438=CARTESIAN_POINT('',(35.0000000745058,27.9999999999999,6.));
#3439=CARTESIAN_POINT('',(19.841162455455,12.8791318408842,6.));
#3440=CARTESIAN_POINT('',(35.0000000745058,27.9999999999999,3.));
#3441=CARTESIAN_POINT('Origin',(35.0000000745058,27.9999999999999,10.));
#3442=CARTESIAN_POINT('',(33.0279481926722,29.9770046637747,6.));
#3443=CARTESIAN_POINT('',(31.3391661828113,31.6700280270798,6.));
#3444=CARTESIAN_POINT('',(33.0279481926722,29.9770046637747,10.));
#3445=CARTESIAN_POINT('Origin',(33.0279481926722,29.9770046637747,10.));
#3446=CARTESIAN_POINT('',(30.9819691225066,29.9770046637747,6.));
#3447=CARTESIAN_POINT('',(14.2033139245563,29.9770046637747,6.));
#3448=CARTESIAN_POINT('',(30.9819691225066,29.9770046637747,10.));
#3449=CARTESIAN_POINT('Origin',(30.9819691225066,29.9770046637747,10.));
#3450=CARTESIAN_POINT('',(29.0000000745058,27.9999999999999,6.));
#3451=CARTESIAN_POINT('',(15.3449243216214,14.3791271236645,6.));
#3452=CARTESIAN_POINT('',(29.0000000745058,27.9999999999999,3.));
#3453=CARTESIAN_POINT('Origin',(29.0000000745058,27.9999999999999,10.));
#3454=CARTESIAN_POINT('',(27.0279481926722,29.9770046637747,6.));
#3455=CARTESIAN_POINT('',(26.8354036835205,30.1700327458875,6.));
#3456=CARTESIAN_POINT('',(27.0279481926722,29.9770046637747,10.));
#3457=CARTESIAN_POINT('Origin',(27.0279481926722,29.9770046637747,10.));
#3458=CARTESIAN_POINT('',(24.9819691225066,29.9770046637747,6.));
#3459=CARTESIAN_POINT('',(11.2033139245563,29.9770046637747,6.));
#3460=CARTESIAN_POINT('',(24.9819691225066,29.9770046637747,10.));
#3461=CARTESIAN_POINT('Origin',(24.9819691225066,29.9770046637747,10.));
#3462=CARTESIAN_POINT('',(23.0000000745058,27.9999999999999,6.));
#3463=CARTESIAN_POINT('',(10.8486861877877,15.8791224064447,6.));
#3464=CARTESIAN_POINT('',(23.0000000745058,27.9999999999999,3.));
#3465=CARTESIAN_POINT('Origin',(23.0000000745058,27.9999999999999,10.));
#3466=CARTESIAN_POINT('',(21.0279481926722,29.9770046637747,6.));
#3467=CARTESIAN_POINT('',(22.3316411842296,28.6700374646953,6.));
#3468=CARTESIAN_POINT('',(21.0279481926722,29.9770046637747,10.));
#3469=CARTESIAN_POINT('Origin',(21.0279481926722,29.9770046637747,10.));
#3470=CARTESIAN_POINT('',(18.9819691225066,29.9770046637747,6.));
#3471=CARTESIAN_POINT('',(8.2033139245563,29.9770046637747,6.));
#3472=CARTESIAN_POINT('',(18.9819691225066,29.9770046637747,10.));
#3473=CARTESIAN_POINT('Origin',(18.9819691225066,29.9770046637747,10.));
#3474=CARTESIAN_POINT('',(17.0000000745058,27.9999999999999,6.));
#3475=CARTESIAN_POINT('',(6.35244805395414,17.3791176892249,6.));
#3476=CARTESIAN_POINT('',(17.0000000745058,27.9999999999999,3.));
#3477=CARTESIAN_POINT('Origin',(17.0000000745058,27.9999999999999,10.));
#3478=CARTESIAN_POINT('',(15.0279481926722,29.9770046637747,6.));
#3479=CARTESIAN_POINT('',(17.8278786849387,27.170042183503,6.));
#3480=CARTESIAN_POINT('',(15.0279481926722,29.9770046637747,10.));
#3481=CARTESIAN_POINT('Origin',(15.0279481926722,29.9770046637747,10.));
#3482=CARTESIAN_POINT('',(12.9819691225066,29.9770046637747,6.));
#3483=CARTESIAN_POINT('',(5.2033139245563,29.9770046637747,6.));
#3484=CARTESIAN_POINT('',(12.9819691225066,29.9770046637747,10.));
#3485=CARTESIAN_POINT('Origin',(12.9819691225066,29.9770046637747,10.));
#3486=CARTESIAN_POINT('',(11.0000000745058,27.9999999999999,6.));
#3487=CARTESIAN_POINT('',(1.85620992012054,18.8791129720051,6.));
#3488=CARTESIAN_POINT('',(11.0000000745058,27.9999999999999,3.));
#3489=CARTESIAN_POINT('Origin',(11.0000000745058,27.9999999999999,10.));
#3490=CARTESIAN_POINT('',(9.02794819267222,29.9770046637747,6.));
#3491=CARTESIAN_POINT('',(13.3241161856478,25.6700469023107,6.));
#3492=CARTESIAN_POINT('',(9.02794819267222,29.9770046637747,10.));
#3493=CARTESIAN_POINT('Origin',(9.02794819267222,29.9770046637747,10.));
#3494=CARTESIAN_POINT('',(6.98196912250663,29.9770046637747,6.));
#3495=CARTESIAN_POINT('',(2.2033139245563,29.9770046637747,6.));
#3496=CARTESIAN_POINT('',(6.98196912250663,29.9770046637747,10.));
#3497=CARTESIAN_POINT('Origin',(6.98196912250663,29.9770046637747,10.));
#3498=CARTESIAN_POINT('',(-2.64002821371307,20.3791082547854,6.));
#3499=CARTESIAN_POINT('Origin',(-38.0000000000001,7.99999999999996,-4.));
#3500=CARTESIAN_POINT('',(-38.0000000000001,26.,6.));
#3501=CARTESIAN_POINT('Origin',(-38.0000000000001,7.99999999999996,6.));
#3502=CARTESIAN_POINT('',(-38.0000000000001,26.,-4.));
#3503=CARTESIAN_POINT('Origin',(-38.0000000000001,26.,-4.));
#3504=CARTESIAN_POINT('',(51.,25.9999999999998,6.));
#3505=CARTESIAN_POINT('',(-21.3106601717799,25.9999999999999,6.));
#3506=CARTESIAN_POINT('',(51.,25.9999999999998,-4.));
#3507=CARTESIAN_POINT('Origin',(51.,25.9999999999998,-4.));
#3508=CARTESIAN_POINT('',(51.,14.5606601717798,6.));
#3509=CARTESIAN_POINT('Origin',(-4.62132034355966,3.12132034355971,6.));
#3510=UNCERTAINTY_MEASURE_WITH_UNIT(LENGTH_MEASURE(0.01),#3514,
'DISTANCE_ACCURACY_VALUE',
'Maximum model space distance between geometric entities at asserted c
onnectivities');
#3511=UNCERTAINTY_MEASURE_WITH_UNIT(LENGTH_MEASURE(0.01),#3514,
'DISTANCE_ACCURACY_VALUE',
'Maximum model space distance between geometric entities at asserted c
onnectivities');
#3512=(
GEOMETRIC_REPRESENTATION_CONTEXT(3)
GLOBAL_UNCERTAINTY_ASSIGNED_CONTEXT((#3510))
GLOBAL_UNIT_ASSIGNED_CONTEXT((#3514,#3516,#3517))
REPRESENTATION_CONTEXT('','3D')
);
#3513=(
GEOMETRIC_REPRESENTATION_CONTEXT(3)
GLOBAL_UNCERTAINTY_ASSIGNED_CONTEXT((#3511))
GLOBAL_UNIT_ASSIGNED_CONTEXT((#3514,#3516,#3517))
REPRESENTATION_CONTEXT('','3D')
);
#3514=(
LENGTH_UNIT()
NAMED_UNIT(*)
SI_UNIT(.MILLI.,.METRE.)
);
#3515=(
LENGTH_UNIT()
NAMED_UNIT(*)
SI_UNIT($,.METRE.)
);
#3516=(
NAMED_UNIT(*)
PLANE_ANGLE_UNIT()
SI_UNIT($,.RADIAN.)
);
#3517=(
NAMED_UNIT(*)
SI_UNIT($,.STERADIAN.)
SOLID_ANGLE_UNIT()
);
#3518=SHAPE_DEFINITION_REPRESENTATION(#3519,#3520);
#3519=PRODUCT_DEFINITION_SHAPE('',$,#3522);
#3520=SHAPE_REPRESENTATION('',(#2133),#3512);
#3521=PRODUCT_DEFINITION_CONTEXT('part definition',#3526,'design');
#3522=PRODUCT_DEFINITION('bottom','bottom',#3523,#3521);
#3523=PRODUCT_DEFINITION_FORMATION('',$,#3528);
#3524=PRODUCT_RELATED_PRODUCT_CATEGORY('bottom','bottom',(#3528));
#3525=APPLICATION_PROTOCOL_DEFINITION('international standard',
'automotive_design',2009,#3526);
#3526=APPLICATION_CONTEXT(
'Core Data for Automotive Mechanical Design Process');
#3527=PRODUCT_CONTEXT('part definition',#3526,'mechanical');
#3528=PRODUCT('bottom','bottom',$,(#3527));
#3529=PRESENTATION_STYLE_ASSIGNMENT((#3530));
#3530=SURFACE_STYLE_USAGE(.BOTH.,#3531);
#3531=SURFACE_SIDE_STYLE('',(#3532));
#3532=SURFACE_STYLE_FILL_AREA(#3533);
#3533=FILL_AREA_STYLE('Steel - Satin',(#3534));
#3534=FILL_AREA_STYLE_COLOUR('Steel - Satin',#3535);
#3535=COLOUR_RGB('Steel - Satin',0.627450980392157,0.627450980392157,0.627450980392157);
ENDSEC;
END-ISO-10303-21;
