ISO-10303-21;
HEADER;
/* Generated by software containing ST-Developer
 * from STEP Tools, Inc. (www.steptools.com) 
 */

FILE_DESCRIPTION(
/* description */ (''),
/* implementation_level */ '2;1');

FILE_NAME(
/* name */ 'top.step',
/* time_stamp */ '2026-06-27T14:53:46-04:00',
/* author */ (''),
/* organization */ (''),
/* preprocessor_version */ 'ST-DEVELOPER v20.1',
/* originating_system */ 'Autodesk Translation Framework v14.24.0.0',
/* authorisation */ '');

FILE_SCHEMA (('AUTOMOTIVE_DESIGN { 1 0 10303 214 3 1 1 }'));
ENDSEC;

DATA;
#10=MECHANICAL_DESIGN_GEOMETRIC_PRESENTATION_REPRESENTATION('',(#13),#3314);
#11=SHAPE_REPRESENTATION_RELATIONSHIP('SRR','None',#3321,#12);
#12=ADVANCED_BREP_SHAPE_REPRESENTATION('',(#14),#3313);
#13=STYLED_ITEM('',(#3330),#14);
#14=MANIFOLD_SOLID_BREP('top',#2047);
#15=FACE_BOUND('',#214,.T.);
#16=FACE_BOUND('',#218,.T.);
#17=FACE_BOUND('',#220,.T.);
#18=FACE_BOUND('',#221,.T.);
#19=FACE_BOUND('',#222,.T.);
#20=FACE_BOUND('',#226,.T.);
#21=FACE_BOUND('',#257,.T.);
#22=PLANE('',#2067);
#23=PLANE('',#2068);
#24=PLANE('',#2069);
#25=PLANE('',#2076);
#26=PLANE('',#2077);
#27=PLANE('',#2087);
#28=PLANE('',#2088);
#29=PLANE('',#2089);
#30=PLANE('',#2090);
#31=PLANE('',#2091);
#32=PLANE('',#2092);
#33=PLANE('',#2093);
#34=PLANE('',#2094);
#35=PLANE('',#2095);
#36=PLANE('',#2096);
#37=PLANE('',#2097);
#38=PLANE('',#2098);
#39=PLANE('',#2099);
#40=PLANE('',#2100);
#41=PLANE('',#2103);
#42=PLANE('',#2104);
#43=PLANE('',#2105);
#44=PLANE('',#2106);
#45=PLANE('',#2107);
#46=PLANE('',#2108);
#47=PLANE('',#2112);
#48=PLANE('',#2113);
#49=PLANE('',#2114);
#50=PLANE('',#2118);
#51=PLANE('',#2119);
#52=PLANE('',#2120);
#53=PLANE('',#2121);
#54=PLANE('',#2122);
#55=PLANE('',#2123);
#56=PLANE('',#2129);
#57=PLANE('',#2130);
#58=PLANE('',#2131);
#59=PLANE('',#2132);
#60=PLANE('',#2133);
#61=PLANE('',#2134);
#62=PLANE('',#2135);
#63=PLANE('',#2136);
#64=PLANE('',#2137);
#65=PLANE('',#2140);
#66=PLANE('',#2145);
#67=PLANE('',#2146);
#68=PLANE('',#2147);
#69=PLANE('',#2148);
#70=PLANE('',#2149);
#71=PLANE('',#2150);
#72=PLANE('',#2157);
#73=PLANE('',#2158);
#74=PLANE('',#2159);
#75=PLANE('',#2160);
#76=PLANE('',#2162);
#77=PLANE('',#2163);
#78=PLANE('',#2164);
#79=PLANE('',#2165);
#80=PLANE('',#2166);
#81=PLANE('',#2167);
#82=PLANE('',#2168);
#83=PLANE('',#2169);
#84=PLANE('',#2170);
#85=PLANE('',#2173);
#86=PLANE('',#2174);
#87=PLANE('',#2175);
#88=PLANE('',#2176);
#89=PLANE('',#2177);
#90=PLANE('',#2178);
#91=PLANE('',#2179);
#92=PLANE('',#2180);
#93=PLANE('',#2181);
#94=PLANE('',#2182);
#95=PLANE('',#2183);
#96=PLANE('',#2184);
#97=PLANE('',#2185);
#98=PLANE('',#2186);
#99=PLANE('',#2187);
#100=PLANE('',#2188);
#101=PLANE('',#2189);
#102=PLANE('',#2190);
#103=PLANE('',#2191);
#104=PLANE('',#2192);
#105=PLANE('',#2193);
#106=PLANE('',#2194);
#107=PLANE('',#2195);
#108=FACE_OUTER_BOUND('',#209,.T.);
#109=FACE_OUTER_BOUND('',#210,.T.);
#110=FACE_OUTER_BOUND('',#211,.T.);
#111=FACE_OUTER_BOUND('',#212,.T.);
#112=FACE_OUTER_BOUND('',#213,.T.);
#113=FACE_OUTER_BOUND('',#215,.T.);
#114=FACE_OUTER_BOUND('',#216,.T.);
#115=FACE_OUTER_BOUND('',#217,.T.);
#116=FACE_OUTER_BOUND('',#219,.T.);
#117=FACE_OUTER_BOUND('',#223,.T.);
#118=FACE_OUTER_BOUND('',#224,.T.);
#119=FACE_OUTER_BOUND('',#225,.T.);
#120=FACE_OUTER_BOUND('',#227,.T.);
#121=FACE_OUTER_BOUND('',#228,.T.);
#122=FACE_OUTER_BOUND('',#229,.T.);
#123=FACE_OUTER_BOUND('',#230,.T.);
#124=FACE_OUTER_BOUND('',#231,.T.);
#125=FACE_OUTER_BOUND('',#232,.T.);
#126=FACE_OUTER_BOUND('',#233,.T.);
#127=FACE_OUTER_BOUND('',#234,.T.);
#128=FACE_OUTER_BOUND('',#235,.T.);
#129=FACE_OUTER_BOUND('',#236,.T.);
#130=FACE_OUTER_BOUND('',#237,.T.);
#131=FACE_OUTER_BOUND('',#238,.T.);
#132=FACE_OUTER_BOUND('',#239,.T.);
#133=FACE_OUTER_BOUND('',#240,.T.);
#134=FACE_OUTER_BOUND('',#241,.T.);
#135=FACE_OUTER_BOUND('',#242,.T.);
#136=FACE_OUTER_BOUND('',#243,.T.);
#137=FACE_OUTER_BOUND('',#244,.T.);
#138=FACE_OUTER_BOUND('',#245,.T.);
#139=FACE_OUTER_BOUND('',#246,.T.);
#140=FACE_OUTER_BOUND('',#247,.T.);
#141=FACE_OUTER_BOUND('',#248,.T.);
#142=FACE_OUTER_BOUND('',#249,.T.);
#143=FACE_OUTER_BOUND('',#250,.T.);
#144=FACE_OUTER_BOUND('',#251,.T.);
#145=FACE_OUTER_BOUND('',#252,.T.);
#146=FACE_OUTER_BOUND('',#253,.T.);
#147=FACE_OUTER_BOUND('',#254,.T.);
#148=FACE_OUTER_BOUND('',#255,.T.);
#149=FACE_OUTER_BOUND('',#256,.T.);
#150=FACE_OUTER_BOUND('',#258,.T.);
#151=FACE_OUTER_BOUND('',#259,.T.);
#152=FACE_OUTER_BOUND('',#260,.T.);
#153=FACE_OUTER_BOUND('',#261,.T.);
#154=FACE_OUTER_BOUND('',#262,.T.);
#155=FACE_OUTER_BOUND('',#263,.T.);
#156=FACE_OUTER_BOUND('',#264,.T.);
#157=FACE_OUTER_BOUND('',#265,.T.);
#158=FACE_OUTER_BOUND('',#266,.T.);
#159=FACE_OUTER_BOUND('',#267,.T.);
#160=FACE_OUTER_BOUND('',#268,.T.);
#161=FACE_OUTER_BOUND('',#269,.T.);
#162=FACE_OUTER_BOUND('',#270,.T.);
#163=FACE_OUTER_BOUND('',#271,.T.);
#164=FACE_OUTER_BOUND('',#272,.T.);
#165=FACE_OUTER_BOUND('',#273,.T.);
#166=FACE_OUTER_BOUND('',#274,.T.);
#167=FACE_OUTER_BOUND('',#275,.T.);
#168=FACE_OUTER_BOUND('',#276,.T.);
#169=FACE_OUTER_BOUND('',#277,.T.);
#170=FACE_OUTER_BOUND('',#278,.T.);
#171=FACE_OUTER_BOUND('',#279,.T.);
#172=FACE_OUTER_BOUND('',#280,.T.);
#173=FACE_OUTER_BOUND('',#281,.T.);
#174=FACE_OUTER_BOUND('',#282,.T.);
#175=FACE_OUTER_BOUND('',#283,.T.);
#176=FACE_OUTER_BOUND('',#284,.T.);
#177=FACE_OUTER_BOUND('',#285,.T.);
#178=FACE_OUTER_BOUND('',#286,.T.);
#179=FACE_OUTER_BOUND('',#287,.T.);
#180=FACE_OUTER_BOUND('',#288,.T.);
#181=FACE_OUTER_BOUND('',#289,.T.);
#182=FACE_OUTER_BOUND('',#290,.T.);
#183=FACE_OUTER_BOUND('',#291,.T.);
#184=FACE_OUTER_BOUND('',#292,.T.);
#185=FACE_OUTER_BOUND('',#293,.T.);
#186=FACE_OUTER_BOUND('',#294,.T.);
#187=FACE_OUTER_BOUND('',#295,.T.);
#188=FACE_OUTER_BOUND('',#296,.T.);
#189=FACE_OUTER_BOUND('',#297,.T.);
#190=FACE_OUTER_BOUND('',#298,.T.);
#191=FACE_OUTER_BOUND('',#299,.T.);
#192=FACE_OUTER_BOUND('',#300,.T.);
#193=FACE_OUTER_BOUND('',#301,.T.);
#194=FACE_OUTER_BOUND('',#302,.T.);
#195=FACE_OUTER_BOUND('',#303,.T.);
#196=FACE_OUTER_BOUND('',#304,.T.);
#197=FACE_OUTER_BOUND('',#305,.T.);
#198=FACE_OUTER_BOUND('',#306,.T.);
#199=FACE_OUTER_BOUND('',#307,.T.);
#200=FACE_OUTER_BOUND('',#308,.T.);
#201=FACE_OUTER_BOUND('',#309,.T.);
#202=FACE_OUTER_BOUND('',#310,.T.);
#203=FACE_OUTER_BOUND('',#311,.T.);
#204=FACE_OUTER_BOUND('',#312,.T.);
#205=FACE_OUTER_BOUND('',#313,.T.);
#206=FACE_OUTER_BOUND('',#314,.T.);
#207=FACE_OUTER_BOUND('',#315,.T.);
#208=FACE_OUTER_BOUND('',#316,.T.);
#209=EDGE_LOOP('',(#1349,#1350,#1351,#1352));
#210=EDGE_LOOP('',(#1353,#1354,#1355,#1356));
#211=EDGE_LOOP('',(#1357,#1358,#1359,#1360,#1361));
#212=EDGE_LOOP('',(#1362,#1363,#1364,#1365,#1366));
#213=EDGE_LOOP('',(#1367,#1368,#1369,#1370,#1371,#1372,#1373,#1374));
#214=EDGE_LOOP('',(#1375,#1376,#1377,#1378));
#215=EDGE_LOOP('',(#1379,#1380,#1381,#1382));
#216=EDGE_LOOP('',(#1383,#1384,#1385,#1386));
#217=EDGE_LOOP('',(#1387));
#218=EDGE_LOOP('',(#1388));
#219=EDGE_LOOP('',(#1389,#1390,#1391,#1392,#1393,#1394,#1395,#1396,#1397));
#220=EDGE_LOOP('',(#1398));
#221=EDGE_LOOP('',(#1399,#1400,#1401,#1402,#1403,#1404,#1405,#1406,#1407,
#1408,#1409,#1410,#1411,#1412,#1413,#1414,#1415,#1416,#1417,#1418));
#222=EDGE_LOOP('',(#1419));
#223=EDGE_LOOP('',(#1420,#1421,#1422,#1423));
#224=EDGE_LOOP('',(#1424,#1425,#1426,#1427));
#225=EDGE_LOOP('',(#1428));
#226=EDGE_LOOP('',(#1429));
#227=EDGE_LOOP('',(#1430));
#228=EDGE_LOOP('',(#1431,#1432,#1433,#1434));
#229=EDGE_LOOP('',(#1435,#1436,#1437,#1438));
#230=EDGE_LOOP('',(#1439,#1440,#1441,#1442));
#231=EDGE_LOOP('',(#1443,#1444,#1445,#1446));
#232=EDGE_LOOP('',(#1447,#1448,#1449,#1450));
#233=EDGE_LOOP('',(#1451,#1452,#1453,#1454));
#234=EDGE_LOOP('',(#1455,#1456,#1457,#1458));
#235=EDGE_LOOP('',(#1459,#1460,#1461,#1462));
#236=EDGE_LOOP('',(#1463,#1464,#1465,#1466));
#237=EDGE_LOOP('',(#1467,#1468,#1469,#1470));
#238=EDGE_LOOP('',(#1471,#1472,#1473,#1474));
#239=EDGE_LOOP('',(#1475,#1476,#1477,#1478,#1479,#1480));
#240=EDGE_LOOP('',(#1481,#1482,#1483,#1484));
#241=EDGE_LOOP('',(#1485,#1486,#1487,#1488,#1489,#1490,#1491,#1492));
#242=EDGE_LOOP('',(#1493));
#243=EDGE_LOOP('',(#1494,#1495,#1496,#1497));
#244=EDGE_LOOP('',(#1498,#1499,#1500,#1501));
#245=EDGE_LOOP('',(#1502,#1503,#1504,#1505,#1506));
#246=EDGE_LOOP('',(#1507,#1508,#1509,#1510));
#247=EDGE_LOOP('',(#1511,#1512,#1513,#1514));
#248=EDGE_LOOP('',(#1515,#1516,#1517,#1518));
#249=EDGE_LOOP('',(#1519,#1520,#1521,#1522));
#250=EDGE_LOOP('',(#1523,#1524,#1525,#1526));
#251=EDGE_LOOP('',(#1527,#1528,#1529,#1530,#1531));
#252=EDGE_LOOP('',(#1532,#1533,#1534,#1535,#1536,#1537,#1538,#1539,#1540));
#253=EDGE_LOOP('',(#1541,#1542,#1543,#1544,#1545,#1546,#1547,#1548,#1549));
#254=EDGE_LOOP('',(#1550,#1551,#1552,#1553,#1554,#1555));
#255=EDGE_LOOP('',(#1556,#1557,#1558,#1559,#1560,#1561));
#256=EDGE_LOOP('',(#1562,#1563,#1564,#1565,#1566,#1567,#1568,#1569,#1570,
#1571,#1572,#1573,#1574,#1575,#1576,#1577,#1578,#1579,#1580,#1581,#1582,
#1583,#1584,#1585,#1586,#1587,#1588,#1589,#1590,#1591,#1592,#1593,#1594,
#1595,#1596,#1597,#1598,#1599));
#257=EDGE_LOOP('',(#1600,#1601,#1602,#1603,#1604,#1605,#1606));
#258=EDGE_LOOP('',(#1607,#1608,#1609,#1610,#1611,#1612));
#259=EDGE_LOOP('',(#1613,#1614,#1615,#1616));
#260=EDGE_LOOP('',(#1617,#1618,#1619,#1620));
#261=EDGE_LOOP('',(#1621,#1622,#1623,#1624));
#262=EDGE_LOOP('',(#1625,#1626,#1627,#1628,#1629,#1630,#1631,#1632));
#263=EDGE_LOOP('',(#1633,#1634,#1635,#1636));
#264=EDGE_LOOP('',(#1637,#1638,#1639,#1640,#1641,#1642,#1643,#1644));
#265=EDGE_LOOP('',(#1645,#1646,#1647,#1648));
#266=EDGE_LOOP('',(#1649,#1650,#1651,#1652,#1653));
#267=EDGE_LOOP('',(#1654,#1655,#1656,#1657));
#268=EDGE_LOOP('',(#1658,#1659,#1660,#1661));
#269=EDGE_LOOP('',(#1662,#1663,#1664,#1665));
#270=EDGE_LOOP('',(#1666,#1667,#1668,#1669,#1670,#1671,#1672,#1673));
#271=EDGE_LOOP('',(#1674,#1675,#1676,#1677));
#272=EDGE_LOOP('',(#1678,#1679,#1680,#1681));
#273=EDGE_LOOP('',(#1682,#1683,#1684,#1685));
#274=EDGE_LOOP('',(#1686,#1687,#1688,#1689));
#275=EDGE_LOOP('',(#1690,#1691,#1692,#1693));
#276=EDGE_LOOP('',(#1694,#1695,#1696,#1697));
#277=EDGE_LOOP('',(#1698,#1699,#1700,#1701,#1702,#1703));
#278=EDGE_LOOP('',(#1704,#1705,#1706,#1707));
#279=EDGE_LOOP('',(#1708,#1709,#1710,#1711,#1712,#1713));
#280=EDGE_LOOP('',(#1714,#1715,#1716,#1717));
#281=EDGE_LOOP('',(#1718,#1719,#1720,#1721));
#282=EDGE_LOOP('',(#1722,#1723,#1724,#1725,#1726,#1727,#1728,#1729,#1730,
#1731,#1732,#1733));
#283=EDGE_LOOP('',(#1734,#1735,#1736,#1737,#1738,#1739,#1740,#1741,#1742,
#1743,#1744,#1745,#1746,#1747,#1748,#1749,#1750,#1751,#1752,#1753,#1754,
#1755,#1756,#1757,#1758,#1759));
#284=EDGE_LOOP('',(#1760,#1761,#1762,#1763,#1764,#1765));
#285=EDGE_LOOP('',(#1766,#1767,#1768,#1769));
#286=EDGE_LOOP('',(#1770,#1771,#1772,#1773));
#287=EDGE_LOOP('',(#1774,#1775,#1776,#1777));
#288=EDGE_LOOP('',(#1778,#1779,#1780,#1781));
#289=EDGE_LOOP('',(#1782,#1783,#1784,#1785));
#290=EDGE_LOOP('',(#1786,#1787,#1788,#1789));
#291=EDGE_LOOP('',(#1790,#1791,#1792,#1793));
#292=EDGE_LOOP('',(#1794,#1795,#1796,#1797));
#293=EDGE_LOOP('',(#1798,#1799,#1800,#1801));
#294=EDGE_LOOP('',(#1802,#1803,#1804,#1805));
#295=EDGE_LOOP('',(#1806,#1807,#1808,#1809));
#296=EDGE_LOOP('',(#1810,#1811,#1812,#1813,#1814,#1815,#1816,#1817,#1818,
#1819,#1820,#1821,#1822,#1823,#1824,#1825,#1826,#1827,#1828,#1829,#1830,
#1831,#1832,#1833,#1834,#1835,#1836,#1837,#1838,#1839,#1840,#1841,#1842,
#1843,#1844,#1845,#1846,#1847,#1848));
#297=EDGE_LOOP('',(#1849,#1850,#1851,#1852));
#298=EDGE_LOOP('',(#1853,#1854,#1855,#1856));
#299=EDGE_LOOP('',(#1857,#1858,#1859,#1860));
#300=EDGE_LOOP('',(#1861,#1862,#1863,#1864));
#301=EDGE_LOOP('',(#1865,#1866,#1867,#1868));
#302=EDGE_LOOP('',(#1869,#1870,#1871,#1872));
#303=EDGE_LOOP('',(#1873,#1874,#1875,#1876));
#304=EDGE_LOOP('',(#1877,#1878,#1879,#1880));
#305=EDGE_LOOP('',(#1881,#1882,#1883,#1884));
#306=EDGE_LOOP('',(#1885,#1886,#1887,#1888));
#307=EDGE_LOOP('',(#1889,#1890,#1891,#1892));
#308=EDGE_LOOP('',(#1893,#1894,#1895,#1896));
#309=EDGE_LOOP('',(#1897,#1898,#1899,#1900));
#310=EDGE_LOOP('',(#1901,#1902,#1903,#1904));
#311=EDGE_LOOP('',(#1905,#1906,#1907,#1908));
#312=EDGE_LOOP('',(#1909,#1910,#1911,#1912));
#313=EDGE_LOOP('',(#1913,#1914,#1915,#1916));
#314=EDGE_LOOP('',(#1917,#1918,#1919,#1920));
#315=EDGE_LOOP('',(#1921,#1922,#1923,#1924));
#316=EDGE_LOOP('',(#1925,#1926,#1927,#1928,#1929,#1930));
#317=LINE('',#2731,#574);
#318=LINE('',#2734,#575);
#319=LINE('',#2740,#576);
#320=LINE('',#2743,#577);
#321=LINE('',#2745,#578);
#322=LINE('',#2747,#579);
#323=LINE('',#2748,#580);
#324=LINE('',#2751,#581);
#325=LINE('',#2752,#582);
#326=LINE('',#2753,#583);
#327=LINE('',#2756,#584);
#328=LINE('',#2758,#585);
#329=LINE('',#2760,#586);
#330=LINE('',#2762,#587);
#331=LINE('',#2763,#588);
#332=LINE('',#2768,#589);
#333=LINE('',#2774,#590);
#334=LINE('',#2780,#591);
#335=LINE('',#2782,#592);
#336=LINE('',#2786,#593);
#337=LINE('',#2790,#594);
#338=LINE('',#2792,#595);
#339=LINE('',#2794,#596);
#340=LINE('',#2795,#597);
#341=LINE('',#2800,#598);
#342=LINE('',#2804,#599);
#343=LINE('',#2806,#600);
#344=LINE('',#2808,#601);
#345=LINE('',#2810,#602);
#346=LINE('',#2812,#603);
#347=LINE('',#2814,#604);
#348=LINE('',#2816,#605);
#349=LINE('',#2818,#606);
#350=LINE('',#2820,#607);
#351=LINE('',#2822,#608);
#352=LINE('',#2824,#609);
#353=LINE('',#2826,#610);
#354=LINE('',#2828,#611);
#355=LINE('',#2830,#612);
#356=LINE('',#2832,#613);
#357=LINE('',#2834,#614);
#358=LINE('',#2836,#615);
#359=LINE('',#2837,#616);
#360=LINE('',#2842,#617);
#361=LINE('',#2847,#618);
#362=LINE('',#2852,#619);
#363=LINE('',#2854,#620);
#364=LINE('',#2855,#621);
#365=LINE('',#2858,#622);
#366=LINE('',#2859,#623);
#367=LINE('',#2862,#624);
#368=LINE('',#2863,#625);
#369=LINE('',#2866,#626);
#370=LINE('',#2867,#627);
#371=LINE('',#2870,#628);
#372=LINE('',#2871,#629);
#373=LINE('',#2874,#630);
#374=LINE('',#2876,#631);
#375=LINE('',#2877,#632);
#376=LINE('',#2880,#633);
#377=LINE('',#2881,#634);
#378=LINE('',#2884,#635);
#379=LINE('',#2885,#636);
#380=LINE('',#2888,#637);
#381=LINE('',#2889,#638);
#382=LINE('',#2892,#639);
#383=LINE('',#2893,#640);
#384=LINE('',#2896,#641);
#385=LINE('',#2898,#642);
#386=LINE('',#2899,#643);
#387=LINE('',#2904,#644);
#388=LINE('',#2906,#645);
#389=LINE('',#2909,#646);
#390=LINE('',#2911,#647);
#391=LINE('',#2912,#648);
#392=LINE('',#2915,#649);
#393=LINE('',#2917,#650);
#394=LINE('',#2919,#651);
#395=LINE('',#2921,#652);
#396=LINE('',#2922,#653);
#397=LINE('',#2927,#654);
#398=LINE('',#2929,#655);
#399=LINE('',#2931,#656);
#400=LINE('',#2932,#657);
#401=LINE('',#2935,#658);
#402=LINE('',#2937,#659);
#403=LINE('',#2938,#660);
#404=LINE('',#2942,#661);
#405=LINE('',#2943,#662);
#406=LINE('',#2945,#663);
#407=LINE('',#2946,#664);
#408=LINE('',#2952,#665);
#409=LINE('',#2955,#666);
#410=LINE('',#2957,#667);
#411=LINE('',#2958,#668);
#412=LINE('',#2961,#669);
#413=LINE('',#2963,#670);
#414=LINE('',#2964,#671);
#415=LINE('',#2967,#672);
#416=LINE('',#2969,#673);
#417=LINE('',#2970,#674);
#418=LINE('',#2976,#675);
#419=LINE('',#2979,#676);
#420=LINE('',#2980,#677);
#421=LINE('',#2981,#678);
#422=LINE('',#2984,#679);
#423=LINE('',#2985,#680);
#424=LINE('',#2988,#681);
#425=LINE('',#2990,#682);
#426=LINE('',#2991,#683);
#427=LINE('',#2994,#684);
#428=LINE('',#2995,#685);
#429=LINE('',#2999,#686);
#430=LINE('',#3001,#687);
#431=LINE('',#3003,#688);
#432=LINE('',#3005,#689);
#433=LINE('',#3007,#690);
#434=LINE('',#3009,#691);
#435=LINE('',#3014,#692);
#436=LINE('',#3018,#693);
#437=LINE('',#3020,#694);
#438=LINE('',#3021,#695);
#439=LINE('',#3023,#696);
#440=LINE('',#3025,#697);
#441=LINE('',#3027,#698);
#442=LINE('',#3029,#699);
#443=LINE('',#3031,#700);
#444=LINE('',#3033,#701);
#445=LINE('',#3035,#702);
#446=LINE('',#3037,#703);
#447=LINE('',#3039,#704);
#448=LINE('',#3041,#705);
#449=LINE('',#3043,#706);
#450=LINE('',#3045,#707);
#451=LINE('',#3047,#708);
#452=LINE('',#3049,#709);
#453=LINE('',#3051,#710);
#454=LINE('',#3053,#711);
#455=LINE('',#3055,#712);
#456=LINE('',#3057,#713);
#457=LINE('',#3059,#714);
#458=LINE('',#3061,#715);
#459=LINE('',#3063,#716);
#460=LINE('',#3065,#717);
#461=LINE('',#3066,#718);
#462=LINE('',#3068,#719);
#463=LINE('',#3071,#720);
#464=LINE('',#3073,#721);
#465=LINE('',#3074,#722);
#466=LINE('',#3078,#723);
#467=LINE('',#3080,#724);
#468=LINE('',#3081,#725);
#469=LINE('',#3084,#726);
#470=LINE('',#3085,#727);
#471=LINE('',#3088,#728);
#472=LINE('',#3090,#729);
#473=LINE('',#3092,#730);
#474=LINE('',#3094,#731);
#475=LINE('',#3096,#732);
#476=LINE('',#3097,#733);
#477=LINE('',#3100,#734);
#478=LINE('',#3101,#735);
#479=LINE('',#3103,#736);
#480=LINE('',#3106,#737);
#481=LINE('',#3107,#738);
#482=LINE('',#3110,#739);
#483=LINE('',#3112,#740);
#484=LINE('',#3113,#741);
#485=LINE('',#3116,#742);
#486=LINE('',#3117,#743);
#487=LINE('',#3120,#744);
#488=LINE('',#3124,#745);
#489=LINE('',#3125,#746);
#490=LINE('',#3130,#747);
#491=LINE('',#3134,#748);
#492=LINE('',#3135,#749);
#493=LINE('',#3138,#750);
#494=LINE('',#3139,#751);
#495=LINE('',#3142,#752);
#496=LINE('',#3143,#753);
#497=LINE('',#3146,#754);
#498=LINE('',#3147,#755);
#499=LINE('',#3150,#756);
#500=LINE('',#3151,#757);
#501=LINE('',#3154,#758);
#502=LINE('',#3156,#759);
#503=LINE('',#3158,#760);
#504=LINE('',#3160,#761);
#505=LINE('',#3161,#762);
#506=LINE('',#3166,#763);
#507=LINE('',#3172,#764);
#508=LINE('',#3175,#765);
#509=LINE('',#3176,#766);
#510=LINE('',#3179,#767);
#511=LINE('',#3180,#768);
#512=LINE('',#3182,#769);
#513=LINE('',#3185,#770);
#514=LINE('',#3186,#771);
#515=LINE('',#3188,#772);
#516=LINE('',#3190,#773);
#517=LINE('',#3192,#774);
#518=LINE('',#3194,#775);
#519=LINE('',#3195,#776);
#520=LINE('',#3197,#777);
#521=LINE('',#3199,#778);
#522=LINE('',#3203,#779);
#523=LINE('',#3204,#780);
#524=LINE('',#3206,#781);
#525=LINE('',#3208,#782);
#526=LINE('',#3210,#783);
#527=LINE('',#3212,#784);
#528=LINE('',#3215,#785);
#529=LINE('',#3219,#786);
#530=LINE('',#3220,#787);
#531=LINE('',#3223,#788);
#532=LINE('',#3224,#789);
#533=LINE('',#3227,#790);
#534=LINE('',#3231,#791);
#535=LINE('',#3232,#792);
#536=LINE('',#3234,#793);
#537=LINE('',#3237,#794);
#538=LINE('',#3239,#795);
#539=LINE('',#3241,#796);
#540=LINE('',#3243,#797);
#541=LINE('',#3245,#798);
#542=LINE('',#3247,#799);
#543=LINE('',#3249,#800);
#544=LINE('',#3251,#801);
#545=LINE('',#3253,#802);
#546=LINE('',#3255,#803);
#547=LINE('',#3257,#804);
#548=LINE('',#3259,#805);
#549=LINE('',#3261,#806);
#550=LINE('',#3263,#807);
#551=LINE('',#3265,#808);
#552=LINE('',#3267,#809);
#553=LINE('',#3269,#810);
#554=LINE('',#3271,#811);
#555=LINE('',#3272,#812);
#556=LINE('',#3274,#813);
#557=LINE('',#3276,#814);
#558=LINE('',#3278,#815);
#559=LINE('',#3280,#816);
#560=LINE('',#3282,#817);
#561=LINE('',#3284,#818);
#562=LINE('',#3286,#819);
#563=LINE('',#3288,#820);
#564=LINE('',#3290,#821);
#565=LINE('',#3292,#822);
#566=LINE('',#3294,#823);
#567=LINE('',#3296,#824);
#568=LINE('',#3298,#825);
#569=LINE('',#3300,#826);
#570=LINE('',#3302,#827);
#571=LINE('',#3304,#828);
#572=LINE('',#3306,#829);
#573=LINE('',#3308,#830);
#574=VECTOR('',#2202,10.);
#575=VECTOR('',#2205,10.);
#576=VECTOR('',#2210,10.);
#577=VECTOR('',#2213,10.);
#578=VECTOR('',#2216,10.);
#579=VECTOR('',#2217,10.);
#580=VECTOR('',#2218,10.);
#581=VECTOR('',#2221,10.);
#582=VECTOR('',#2222,10.);
#583=VECTOR('',#2223,10.);
#584=VECTOR('',#2226,10.);
#585=VECTOR('',#2227,10.);
#586=VECTOR('',#2228,10.);
#587=VECTOR('',#2229,10.);
#588=VECTOR('',#2230,10.);
#589=VECTOR('',#2235,1.6);
#590=VECTOR('',#2242,3.);
#591=VECTOR('',#2249,10.);
#592=VECTOR('',#2250,10.);
#593=VECTOR('',#2253,10.);
#594=VECTOR('',#2256,10.);
#595=VECTOR('',#2257,10.);
#596=VECTOR('',#2258,10.);
#597=VECTOR('',#2259,10.);
#598=VECTOR('',#2262,10.);
#599=VECTOR('',#2265,10.);
#600=VECTOR('',#2266,10.);
#601=VECTOR('',#2267,10.);
#602=VECTOR('',#2268,10.);
#603=VECTOR('',#2269,10.);
#604=VECTOR('',#2270,10.);
#605=VECTOR('',#2271,10.);
#606=VECTOR('',#2272,10.);
#607=VECTOR('',#2273,10.);
#608=VECTOR('',#2274,10.);
#609=VECTOR('',#2275,10.);
#610=VECTOR('',#2276,10.);
#611=VECTOR('',#2277,10.);
#612=VECTOR('',#2278,10.);
#613=VECTOR('',#2279,10.);
#614=VECTOR('',#2280,10.);
#615=VECTOR('',#2281,10.);
#616=VECTOR('',#2282,10.);
#617=VECTOR('',#2287,1.6);
#618=VECTOR('',#2294,3.);
#619=VECTOR('',#2301,10.);
#620=VECTOR('',#2302,10.);
#621=VECTOR('',#2303,10.);
#622=VECTOR('',#2306,10.);
#623=VECTOR('',#2307,10.);
#624=VECTOR('',#2310,10.);
#625=VECTOR('',#2311,10.);
#626=VECTOR('',#2314,10.);
#627=VECTOR('',#2315,10.);
#628=VECTOR('',#2318,10.);
#629=VECTOR('',#2319,10.);
#630=VECTOR('',#2322,10.);
#631=VECTOR('',#2323,10.);
#632=VECTOR('',#2324,10.);
#633=VECTOR('',#2327,10.);
#634=VECTOR('',#2328,10.);
#635=VECTOR('',#2331,10.);
#636=VECTOR('',#2332,10.);
#637=VECTOR('',#2335,10.);
#638=VECTOR('',#2336,10.);
#639=VECTOR('',#2339,10.);
#640=VECTOR('',#2340,10.);
#641=VECTOR('',#2343,10.);
#642=VECTOR('',#2344,10.);
#643=VECTOR('',#2345,10.);
#644=VECTOR('',#2350,10.);
#645=VECTOR('',#2351,10.);
#646=VECTOR('',#2354,10.);
#647=VECTOR('',#2357,10.);
#648=VECTOR('',#2358,10.);
#649=VECTOR('',#2361,10.);
#650=VECTOR('',#2362,10.);
#651=VECTOR('',#2363,10.);
#652=VECTOR('',#2364,10.);
#653=VECTOR('',#2365,10.);
#654=VECTOR('',#2370,10.);
#655=VECTOR('',#2371,10.);
#656=VECTOR('',#2372,10.);
#657=VECTOR('',#2373,10.);
#658=VECTOR('',#2376,10.);
#659=VECTOR('',#2377,10.);
#660=VECTOR('',#2378,10.);
#661=VECTOR('',#2381,10.);
#662=VECTOR('',#2382,10.);
#663=VECTOR('',#2383,10.);
#664=VECTOR('',#2384,10.);
#665=VECTOR('',#2391,10.);
#666=VECTOR('',#2394,10.);
#667=VECTOR('',#2395,10.);
#668=VECTOR('',#2396,10.);
#669=VECTOR('',#2399,10.);
#670=VECTOR('',#2400,10.);
#671=VECTOR('',#2401,10.);
#672=VECTOR('',#2404,10.);
#673=VECTOR('',#2405,10.);
#674=VECTOR('',#2406,10.);
#675=VECTOR('',#2413,10.);
#676=VECTOR('',#2416,10.);
#677=VECTOR('',#2417,10.);
#678=VECTOR('',#2418,10.);
#679=VECTOR('',#2421,10.);
#680=VECTOR('',#2422,10.);
#681=VECTOR('',#2427,10.);
#682=VECTOR('',#2428,10.);
#683=VECTOR('',#2429,10.);
#684=VECTOR('',#2432,10.);
#685=VECTOR('',#2433,10.);
#686=VECTOR('',#2436,10.);
#687=VECTOR('',#2437,10.);
#688=VECTOR('',#2438,10.);
#689=VECTOR('',#2439,10.);
#690=VECTOR('',#2440,10.);
#691=VECTOR('',#2441,10.);
#692=VECTOR('',#2446,10.);
#693=VECTOR('',#2449,10.);
#694=VECTOR('',#2450,10.);
#695=VECTOR('',#2451,10.);
#696=VECTOR('',#2452,10.);
#697=VECTOR('',#2453,10.);
#698=VECTOR('',#2454,10.);
#699=VECTOR('',#2455,10.);
#700=VECTOR('',#2456,10.);
#701=VECTOR('',#2457,10.);
#702=VECTOR('',#2458,10.);
#703=VECTOR('',#2459,10.);
#704=VECTOR('',#2460,10.);
#705=VECTOR('',#2461,10.);
#706=VECTOR('',#2462,10.);
#707=VECTOR('',#2463,10.);
#708=VECTOR('',#2464,10.);
#709=VECTOR('',#2465,10.);
#710=VECTOR('',#2466,10.);
#711=VECTOR('',#2467,10.);
#712=VECTOR('',#2468,10.);
#713=VECTOR('',#2469,10.);
#714=VECTOR('',#2470,10.);
#715=VECTOR('',#2471,10.);
#716=VECTOR('',#2472,10.);
#717=VECTOR('',#2473,10.);
#718=VECTOR('',#2474,10.);
#719=VECTOR('',#2475,10.);
#720=VECTOR('',#2478,10.);
#721=VECTOR('',#2481,10.);
#722=VECTOR('',#2482,10.);
#723=VECTOR('',#2487,10.);
#724=VECTOR('',#2488,10.);
#725=VECTOR('',#2489,10.);
#726=VECTOR('',#2492,10.);
#727=VECTOR('',#2493,10.);
#728=VECTOR('',#2496,10.);
#729=VECTOR('',#2497,10.);
#730=VECTOR('',#2498,10.);
#731=VECTOR('',#2499,10.);
#732=VECTOR('',#2500,10.);
#733=VECTOR('',#2501,10.);
#734=VECTOR('',#2504,10.);
#735=VECTOR('',#2505,10.);
#736=VECTOR('',#2508,10.);
#737=VECTOR('',#2511,10.);
#738=VECTOR('',#2512,10.);
#739=VECTOR('',#2515,10.);
#740=VECTOR('',#2516,10.);
#741=VECTOR('',#2517,10.);
#742=VECTOR('',#2520,10.);
#743=VECTOR('',#2521,10.);
#744=VECTOR('',#2524,10.);
#745=VECTOR('',#2529,10.);
#746=VECTOR('',#2530,10.);
#747=VECTOR('',#2537,10.);
#748=VECTOR('',#2542,10.);
#749=VECTOR('',#2543,10.);
#750=VECTOR('',#2546,10.);
#751=VECTOR('',#2547,10.);
#752=VECTOR('',#2550,10.);
#753=VECTOR('',#2551,10.);
#754=VECTOR('',#2554,10.);
#755=VECTOR('',#2555,10.);
#756=VECTOR('',#2558,10.);
#757=VECTOR('',#2559,10.);
#758=VECTOR('',#2562,10.);
#759=VECTOR('',#2563,10.);
#760=VECTOR('',#2564,10.);
#761=VECTOR('',#2565,10.);
#762=VECTOR('',#2566,10.);
#763=VECTOR('',#2571,10.);
#764=VECTOR('',#2580,10.);
#765=VECTOR('',#2583,10.);
#766=VECTOR('',#2584,10.);
#767=VECTOR('',#2587,10.);
#768=VECTOR('',#2588,10.);
#769=VECTOR('',#2591,10.);
#770=VECTOR('',#2594,10.);
#771=VECTOR('',#2595,10.);
#772=VECTOR('',#2596,10.);
#773=VECTOR('',#2597,10.);
#774=VECTOR('',#2598,10.);
#775=VECTOR('',#2599,10.);
#776=VECTOR('',#2600,10.);
#777=VECTOR('',#2601,10.);
#778=VECTOR('',#2602,10.);
#779=VECTOR('',#2605,10.);
#780=VECTOR('',#2606,10.);
#781=VECTOR('',#2609,10.);
#782=VECTOR('',#2612,10.);
#783=VECTOR('',#2615,10.);
#784=VECTOR('',#2618,10.);
#785=VECTOR('',#2623,10.);
#786=VECTOR('',#2628,10.);
#787=VECTOR('',#2629,10.);
#788=VECTOR('',#2632,10.);
#789=VECTOR('',#2633,10.);
#790=VECTOR('',#2636,10.);
#791=VECTOR('',#2641,10.);
#792=VECTOR('',#2642,10.);
#793=VECTOR('',#2645,10.);
#794=VECTOR('',#2648,10.);
#795=VECTOR('',#2649,10.);
#796=VECTOR('',#2650,10.);
#797=VECTOR('',#2651,10.);
#798=VECTOR('',#2652,10.);
#799=VECTOR('',#2653,10.);
#800=VECTOR('',#2654,10.);
#801=VECTOR('',#2655,10.);
#802=VECTOR('',#2656,10.);
#803=VECTOR('',#2657,10.);
#804=VECTOR('',#2658,10.);
#805=VECTOR('',#2659,10.);
#806=VECTOR('',#2660,10.);
#807=VECTOR('',#2661,10.);
#808=VECTOR('',#2662,10.);
#809=VECTOR('',#2663,10.);
#810=VECTOR('',#2664,10.);
#811=VECTOR('',#2665,10.);
#812=VECTOR('',#2666,10.);
#813=VECTOR('',#2669,10.);
#814=VECTOR('',#2672,10.);
#815=VECTOR('',#2675,10.);
#816=VECTOR('',#2678,10.);
#817=VECTOR('',#2681,10.);
#818=VECTOR('',#2684,10.);
#819=VECTOR('',#2687,10.);
#820=VECTOR('',#2690,10.);
#821=VECTOR('',#2693,10.);
#822=VECTOR('',#2696,10.);
#823=VECTOR('',#2699,10.);
#824=VECTOR('',#2702,10.);
#825=VECTOR('',#2705,10.);
#826=VECTOR('',#2708,10.);
#827=VECTOR('',#2711,10.);
#828=VECTOR('',#2714,10.);
#829=VECTOR('',#2717,10.);
#830=VECTOR('',#2720,10.);
#831=CIRCLE('',#2062,5.70087721044538);
#832=CIRCLE('',#2063,5.70087721044538);
#833=CIRCLE('',#2065,7.20087721044538);
#834=CIRCLE('',#2066,7.20087721044538);
#835=CIRCLE('',#2071,1.6);
#836=CIRCLE('',#2072,1.6);
#837=CIRCLE('',#2074,3.);
#838=CIRCLE('',#2075,3.);
#839=CIRCLE('',#2078,15.0000000000001);
#840=CIRCLE('',#2079,13.0000000000001);
#841=CIRCLE('',#2080,3.);
#842=CIRCLE('',#2081,2.3);
#843=CIRCLE('',#2083,1.6);
#844=CIRCLE('',#2084,1.6);
#845=CIRCLE('',#2086,3.);
#846=CIRCLE('',#2101,15.0000000000001);
#847=CIRCLE('',#2102,13.0000000000001);
#848=CIRCLE('',#2110,2.1);
#849=CIRCLE('',#2111,2.1);
#850=CIRCLE('',#2116,2.3);
#851=CIRCLE('',#2117,2.3);
#852=CIRCLE('',#2124,3.);
#853=CIRCLE('',#2125,15.0000000000001);
#854=CIRCLE('',#2126,3.);
#855=CIRCLE('',#2127,13.0000000000001);
#856=CIRCLE('',#2139,3.);
#857=CIRCLE('',#2142,15.0000000000001);
#858=CIRCLE('',#2144,3.);
#859=CIRCLE('',#2152,2.1);
#860=CIRCLE('',#2153,2.1);
#861=CIRCLE('',#2155,2.3);
#862=CIRCLE('',#2156,2.3);
#863=CIRCLE('',#2161,13.0000000000001);
#864=CIRCLE('',#2172,13.0000000000001);
#865=VERTEX_POINT('',#2727);
#866=VERTEX_POINT('',#2728);
#867=VERTEX_POINT('',#2730);
#868=VERTEX_POINT('',#2732);
#869=VERTEX_POINT('',#2736);
#870=VERTEX_POINT('',#2737);
#871=VERTEX_POINT('',#2739);
#872=VERTEX_POINT('',#2741);
#873=VERTEX_POINT('',#2746);
#874=VERTEX_POINT('',#2750);
#875=VERTEX_POINT('',#2755);
#876=VERTEX_POINT('',#2757);
#877=VERTEX_POINT('',#2759);
#878=VERTEX_POINT('',#2761);
#879=VERTEX_POINT('',#2765);
#880=VERTEX_POINT('',#2767);
#881=VERTEX_POINT('',#2771);
#882=VERTEX_POINT('',#2773);
#883=VERTEX_POINT('',#2778);
#884=VERTEX_POINT('',#2779);
#885=VERTEX_POINT('',#2781);
#886=VERTEX_POINT('',#2783);
#887=VERTEX_POINT('',#2785);
#888=VERTEX_POINT('',#2787);
#889=VERTEX_POINT('',#2789);
#890=VERTEX_POINT('',#2791);
#891=VERTEX_POINT('',#2793);
#892=VERTEX_POINT('',#2796);
#893=VERTEX_POINT('',#2798);
#894=VERTEX_POINT('',#2799);
#895=VERTEX_POINT('',#2801);
#896=VERTEX_POINT('',#2803);
#897=VERTEX_POINT('',#2805);
#898=VERTEX_POINT('',#2807);
#899=VERTEX_POINT('',#2809);
#900=VERTEX_POINT('',#2811);
#901=VERTEX_POINT('',#2813);
#902=VERTEX_POINT('',#2815);
#903=VERTEX_POINT('',#2817);
#904=VERTEX_POINT('',#2819);
#905=VERTEX_POINT('',#2821);
#906=VERTEX_POINT('',#2823);
#907=VERTEX_POINT('',#2825);
#908=VERTEX_POINT('',#2827);
#909=VERTEX_POINT('',#2829);
#910=VERTEX_POINT('',#2831);
#911=VERTEX_POINT('',#2833);
#912=VERTEX_POINT('',#2835);
#913=VERTEX_POINT('',#2839);
#914=VERTEX_POINT('',#2841);
#915=VERTEX_POINT('',#2845);
#916=VERTEX_POINT('',#2851);
#917=VERTEX_POINT('',#2853);
#918=VERTEX_POINT('',#2857);
#919=VERTEX_POINT('',#2861);
#920=VERTEX_POINT('',#2865);
#921=VERTEX_POINT('',#2869);
#922=VERTEX_POINT('',#2873);
#923=VERTEX_POINT('',#2875);
#924=VERTEX_POINT('',#2879);
#925=VERTEX_POINT('',#2883);
#926=VERTEX_POINT('',#2887);
#927=VERTEX_POINT('',#2891);
#928=VERTEX_POINT('',#2895);
#929=VERTEX_POINT('',#2897);
#930=VERTEX_POINT('',#2901);
#931=VERTEX_POINT('',#2902);
#932=VERTEX_POINT('',#2905);
#933=VERTEX_POINT('',#2907);
#934=VERTEX_POINT('',#2914);
#935=VERTEX_POINT('',#2916);
#936=VERTEX_POINT('',#2918);
#937=VERTEX_POINT('',#2920);
#938=VERTEX_POINT('',#2925);
#939=VERTEX_POINT('',#2926);
#940=VERTEX_POINT('',#2928);
#941=VERTEX_POINT('',#2930);
#942=VERTEX_POINT('',#2934);
#943=VERTEX_POINT('',#2936);
#944=VERTEX_POINT('',#2940);
#945=VERTEX_POINT('',#2941);
#946=VERTEX_POINT('',#2944);
#947=VERTEX_POINT('',#2948);
#948=VERTEX_POINT('',#2950);
#949=VERTEX_POINT('',#2954);
#950=VERTEX_POINT('',#2956);
#951=VERTEX_POINT('',#2960);
#952=VERTEX_POINT('',#2962);
#953=VERTEX_POINT('',#2966);
#954=VERTEX_POINT('',#2968);
#955=VERTEX_POINT('',#2972);
#956=VERTEX_POINT('',#2974);
#957=VERTEX_POINT('',#2978);
#958=VERTEX_POINT('',#2983);
#959=VERTEX_POINT('',#2989);
#960=VERTEX_POINT('',#2993);
#961=VERTEX_POINT('',#2997);
#962=VERTEX_POINT('',#2998);
#963=VERTEX_POINT('',#3000);
#964=VERTEX_POINT('',#3002);
#965=VERTEX_POINT('',#3004);
#966=VERTEX_POINT('',#3006);
#967=VERTEX_POINT('',#3008);
#968=VERTEX_POINT('',#3011);
#969=VERTEX_POINT('',#3013);
#970=VERTEX_POINT('',#3015);
#971=VERTEX_POINT('',#3017);
#972=VERTEX_POINT('',#3019);
#973=VERTEX_POINT('',#3022);
#974=VERTEX_POINT('',#3024);
#975=VERTEX_POINT('',#3026);
#976=VERTEX_POINT('',#3028);
#977=VERTEX_POINT('',#3030);
#978=VERTEX_POINT('',#3032);
#979=VERTEX_POINT('',#3034);
#980=VERTEX_POINT('',#3036);
#981=VERTEX_POINT('',#3038);
#982=VERTEX_POINT('',#3040);
#983=VERTEX_POINT('',#3042);
#984=VERTEX_POINT('',#3044);
#985=VERTEX_POINT('',#3046);
#986=VERTEX_POINT('',#3048);
#987=VERTEX_POINT('',#3050);
#988=VERTEX_POINT('',#3052);
#989=VERTEX_POINT('',#3054);
#990=VERTEX_POINT('',#3056);
#991=VERTEX_POINT('',#3058);
#992=VERTEX_POINT('',#3060);
#993=VERTEX_POINT('',#3062);
#994=VERTEX_POINT('',#3064);
#995=VERTEX_POINT('',#3067);
#996=VERTEX_POINT('',#3069);
#997=VERTEX_POINT('',#3077);
#998=VERTEX_POINT('',#3079);
#999=VERTEX_POINT('',#3083);
#1000=VERTEX_POINT('',#3087);
#1001=VERTEX_POINT('',#3089);
#1002=VERTEX_POINT('',#3091);
#1003=VERTEX_POINT('',#3093);
#1004=VERTEX_POINT('',#3095);
#1005=VERTEX_POINT('',#3099);
#1006=VERTEX_POINT('',#3105);
#1007=VERTEX_POINT('',#3109);
#1008=VERTEX_POINT('',#3111);
#1009=VERTEX_POINT('',#3115);
#1010=VERTEX_POINT('',#3119);
#1011=VERTEX_POINT('',#3123);
#1012=VERTEX_POINT('',#3129);
#1013=VERTEX_POINT('',#3133);
#1014=VERTEX_POINT('',#3137);
#1015=VERTEX_POINT('',#3141);
#1016=VERTEX_POINT('',#3145);
#1017=VERTEX_POINT('',#3149);
#1018=VERTEX_POINT('',#3153);
#1019=VERTEX_POINT('',#3155);
#1020=VERTEX_POINT('',#3157);
#1021=VERTEX_POINT('',#3159);
#1022=VERTEX_POINT('',#3163);
#1023=VERTEX_POINT('',#3165);
#1024=VERTEX_POINT('',#3170);
#1025=VERTEX_POINT('',#3174);
#1026=VERTEX_POINT('',#3178);
#1027=VERTEX_POINT('',#3184);
#1028=VERTEX_POINT('',#3187);
#1029=VERTEX_POINT('',#3189);
#1030=VERTEX_POINT('',#3191);
#1031=VERTEX_POINT('',#3193);
#1032=VERTEX_POINT('',#3196);
#1033=VERTEX_POINT('',#3198);
#1034=VERTEX_POINT('',#3200);
#1035=VERTEX_POINT('',#3202);
#1036=VERTEX_POINT('',#3218);
#1037=VERTEX_POINT('',#3222);
#1038=VERTEX_POINT('',#3226);
#1039=VERTEX_POINT('',#3230);
#1040=VERTEX_POINT('',#3236);
#1041=VERTEX_POINT('',#3238);
#1042=VERTEX_POINT('',#3240);
#1043=VERTEX_POINT('',#3242);
#1044=VERTEX_POINT('',#3244);
#1045=VERTEX_POINT('',#3246);
#1046=VERTEX_POINT('',#3248);
#1047=VERTEX_POINT('',#3250);
#1048=VERTEX_POINT('',#3252);
#1049=VERTEX_POINT('',#3254);
#1050=VERTEX_POINT('',#3256);
#1051=VERTEX_POINT('',#3258);
#1052=VERTEX_POINT('',#3260);
#1053=VERTEX_POINT('',#3262);
#1054=VERTEX_POINT('',#3264);
#1055=VERTEX_POINT('',#3266);
#1056=VERTEX_POINT('',#3268);
#1057=VERTEX_POINT('',#3270);
#1058=EDGE_CURVE('',#865,#866,#831,.T.);
#1059=EDGE_CURVE('',#867,#865,#317,.T.);
#1060=EDGE_CURVE('',#868,#867,#832,.T.);
#1061=EDGE_CURVE('',#866,#868,#318,.T.);
#1062=EDGE_CURVE('',#869,#870,#833,.T.);
#1063=EDGE_CURVE('',#871,#870,#319,.T.);
#1064=EDGE_CURVE('',#872,#871,#834,.T.);
#1065=EDGE_CURVE('',#869,#872,#320,.T.);
#1066=EDGE_CURVE('',#868,#871,#321,.T.);
#1067=EDGE_CURVE('',#873,#867,#322,.T.);
#1068=EDGE_CURVE('',#872,#873,#323,.T.);
#1069=EDGE_CURVE('',#874,#869,#324,.T.);
#1070=EDGE_CURVE('',#865,#874,#325,.T.);
#1071=EDGE_CURVE('',#870,#866,#326,.T.);
#1072=EDGE_CURVE('',#875,#874,#327,.T.);
#1073=EDGE_CURVE('',#875,#876,#328,.T.);
#1074=EDGE_CURVE('',#876,#877,#329,.T.);
#1075=EDGE_CURVE('',#878,#877,#330,.T.);
#1076=EDGE_CURVE('',#873,#878,#331,.T.);
#1077=EDGE_CURVE('',#879,#879,#835,.T.);
#1078=EDGE_CURVE('',#879,#880,#332,.T.);
#1079=EDGE_CURVE('',#880,#880,#836,.T.);
#1080=EDGE_CURVE('',#881,#881,#837,.T.);
#1081=EDGE_CURVE('',#881,#882,#333,.T.);
#1082=EDGE_CURVE('',#882,#882,#838,.T.);
#1083=EDGE_CURVE('',#883,#884,#334,.T.);
#1084=EDGE_CURVE('',#885,#883,#335,.T.);
#1085=EDGE_CURVE('',#886,#885,#839,.T.);
#1086=EDGE_CURVE('',#886,#887,#336,.T.);
#1087=EDGE_CURVE('',#888,#887,#840,.T.);
#1088=EDGE_CURVE('',#889,#888,#337,.T.);
#1089=EDGE_CURVE('',#889,#890,#338,.T.);
#1090=EDGE_CURVE('',#891,#890,#339,.T.);
#1091=EDGE_CURVE('',#884,#891,#340,.T.);
#1092=EDGE_CURVE('',#892,#892,#841,.T.);
#1093=EDGE_CURVE('',#893,#894,#341,.T.);
#1094=EDGE_CURVE('',#895,#893,#842,.T.);
#1095=EDGE_CURVE('',#895,#896,#342,.T.);
#1096=EDGE_CURVE('',#896,#897,#343,.T.);
#1097=EDGE_CURVE('',#898,#897,#344,.T.);
#1098=EDGE_CURVE('',#899,#898,#345,.T.);
#1099=EDGE_CURVE('',#900,#899,#346,.T.);
#1100=EDGE_CURVE('',#901,#900,#347,.T.);
#1101=EDGE_CURVE('',#902,#901,#348,.T.);
#1102=EDGE_CURVE('',#903,#902,#349,.T.);
#1103=EDGE_CURVE('',#903,#904,#350,.T.);
#1104=EDGE_CURVE('',#904,#905,#351,.T.);
#1105=EDGE_CURVE('',#905,#906,#352,.T.);
#1106=EDGE_CURVE('',#907,#906,#353,.T.);
#1107=EDGE_CURVE('',#908,#907,#354,.T.);
#1108=EDGE_CURVE('',#909,#908,#355,.T.);
#1109=EDGE_CURVE('',#910,#909,#356,.T.);
#1110=EDGE_CURVE('',#911,#910,#357,.T.);
#1111=EDGE_CURVE('',#912,#911,#358,.T.);
#1112=EDGE_CURVE('',#894,#912,#359,.T.);
#1113=EDGE_CURVE('',#913,#913,#843,.T.);
#1114=EDGE_CURVE('',#913,#914,#360,.T.);
#1115=EDGE_CURVE('',#914,#914,#844,.T.);
#1116=EDGE_CURVE('',#915,#915,#845,.T.);
#1117=EDGE_CURVE('',#915,#892,#361,.T.);
#1118=EDGE_CURVE('',#916,#903,#362,.T.);
#1119=EDGE_CURVE('',#917,#916,#363,.T.);
#1120=EDGE_CURVE('',#904,#917,#364,.T.);
#1121=EDGE_CURVE('',#918,#917,#365,.T.);
#1122=EDGE_CURVE('',#905,#918,#366,.T.);
#1123=EDGE_CURVE('',#919,#918,#367,.T.);
#1124=EDGE_CURVE('',#906,#919,#368,.T.);
#1125=EDGE_CURVE('',#920,#919,#369,.T.);
#1126=EDGE_CURVE('',#907,#920,#370,.T.);
#1127=EDGE_CURVE('',#902,#921,#371,.T.);
#1128=EDGE_CURVE('',#916,#921,#372,.T.);
#1129=EDGE_CURVE('',#911,#922,#373,.T.);
#1130=EDGE_CURVE('',#923,#922,#374,.T.);
#1131=EDGE_CURVE('',#912,#923,#375,.T.);
#1132=EDGE_CURVE('',#924,#923,#376,.T.);
#1133=EDGE_CURVE('',#894,#924,#377,.T.);
#1134=EDGE_CURVE('',#925,#910,#378,.T.);
#1135=EDGE_CURVE('',#922,#925,#379,.T.);
#1136=EDGE_CURVE('',#926,#924,#380,.T.);
#1137=EDGE_CURVE('',#926,#893,#381,.T.);
#1138=EDGE_CURVE('',#909,#927,#382,.T.);
#1139=EDGE_CURVE('',#925,#927,#383,.T.);
#1140=EDGE_CURVE('',#928,#884,#384,.T.);
#1141=EDGE_CURVE('',#929,#928,#385,.T.);
#1142=EDGE_CURVE('',#883,#929,#386,.T.);
#1143=EDGE_CURVE('',#930,#931,#846,.T.);
#1144=EDGE_CURVE('',#929,#930,#387,.T.);
#1145=EDGE_CURVE('',#932,#928,#388,.T.);
#1146=EDGE_CURVE('',#933,#932,#847,.T.);
#1147=EDGE_CURVE('',#931,#933,#389,.T.);
#1148=EDGE_CURVE('',#931,#886,#390,.T.);
#1149=EDGE_CURVE('',#887,#933,#391,.T.);
#1150=EDGE_CURVE('',#934,#930,#392,.T.);
#1151=EDGE_CURVE('',#934,#935,#393,.T.);
#1152=EDGE_CURVE('',#936,#935,#394,.T.);
#1153=EDGE_CURVE('',#937,#936,#395,.T.);
#1154=EDGE_CURVE('',#885,#937,#396,.T.);
#1155=EDGE_CURVE('',#938,#939,#397,.T.);
#1156=EDGE_CURVE('',#939,#940,#398,.T.);
#1157=EDGE_CURVE('',#941,#940,#399,.T.);
#1158=EDGE_CURVE('',#938,#941,#400,.T.);
#1159=EDGE_CURVE('',#942,#939,#401,.T.);
#1160=EDGE_CURVE('',#942,#943,#402,.T.);
#1161=EDGE_CURVE('',#940,#943,#403,.T.);
#1162=EDGE_CURVE('',#944,#945,#404,.T.);
#1163=EDGE_CURVE('',#938,#944,#405,.T.);
#1164=EDGE_CURVE('',#946,#941,#406,.T.);
#1165=EDGE_CURVE('',#945,#946,#407,.T.);
#1166=EDGE_CURVE('',#945,#947,#848,.T.);
#1167=EDGE_CURVE('',#948,#946,#849,.T.);
#1168=EDGE_CURVE('',#947,#948,#408,.T.);
#1169=EDGE_CURVE('',#947,#949,#409,.T.);
#1170=EDGE_CURVE('',#950,#948,#410,.T.);
#1171=EDGE_CURVE('',#949,#950,#411,.T.);
#1172=EDGE_CURVE('',#951,#949,#412,.T.);
#1173=EDGE_CURVE('',#952,#950,#413,.T.);
#1174=EDGE_CURVE('',#951,#952,#414,.T.);
#1175=EDGE_CURVE('',#953,#951,#415,.T.);
#1176=EDGE_CURVE('',#954,#952,#416,.T.);
#1177=EDGE_CURVE('',#953,#954,#417,.T.);
#1178=EDGE_CURVE('',#953,#955,#850,.T.);
#1179=EDGE_CURVE('',#956,#954,#851,.T.);
#1180=EDGE_CURVE('',#955,#956,#418,.T.);
#1181=EDGE_CURVE('',#957,#955,#419,.T.);
#1182=EDGE_CURVE('',#943,#956,#420,.T.);
#1183=EDGE_CURVE('',#957,#942,#421,.T.);
#1184=EDGE_CURVE('',#958,#957,#422,.T.);
#1185=EDGE_CURVE('',#944,#958,#423,.T.);
#1186=EDGE_CURVE('',#890,#958,#424,.T.);
#1187=EDGE_CURVE('',#959,#889,#425,.T.);
#1188=EDGE_CURVE('',#959,#938,#426,.T.);
#1189=EDGE_CURVE('',#960,#942,#427,.T.);
#1190=EDGE_CURVE('',#960,#891,#428,.T.);
#1191=EDGE_CURVE('',#961,#962,#429,.T.);
#1192=EDGE_CURVE('',#963,#961,#430,.T.);
#1193=EDGE_CURVE('',#964,#963,#431,.T.);
#1194=EDGE_CURVE('',#965,#964,#432,.T.);
#1195=EDGE_CURVE('',#966,#965,#433,.T.);
#1196=EDGE_CURVE('',#967,#966,#434,.T.);
#1197=EDGE_CURVE('',#935,#967,#852,.T.);
#1198=EDGE_CURVE('',#968,#934,#853,.T.);
#1199=EDGE_CURVE('',#969,#968,#435,.T.);
#1200=EDGE_CURVE('',#970,#969,#854,.T.);
#1201=EDGE_CURVE('',#971,#970,#436,.T.);
#1202=EDGE_CURVE('',#972,#971,#437,.T.);
#1203=EDGE_CURVE('',#876,#972,#438,.T.);
#1204=EDGE_CURVE('',#973,#875,#439,.T.);
#1205=EDGE_CURVE('',#974,#973,#440,.T.);
#1206=EDGE_CURVE('',#975,#974,#441,.T.);
#1207=EDGE_CURVE('',#976,#975,#442,.T.);
#1208=EDGE_CURVE('',#977,#976,#443,.T.);
#1209=EDGE_CURVE('',#978,#977,#444,.T.);
#1210=EDGE_CURVE('',#979,#978,#445,.T.);
#1211=EDGE_CURVE('',#980,#979,#446,.T.);
#1212=EDGE_CURVE('',#981,#980,#447,.T.);
#1213=EDGE_CURVE('',#982,#981,#448,.T.);
#1214=EDGE_CURVE('',#983,#982,#449,.T.);
#1215=EDGE_CURVE('',#984,#983,#450,.T.);
#1216=EDGE_CURVE('',#985,#984,#451,.T.);
#1217=EDGE_CURVE('',#986,#985,#452,.T.);
#1218=EDGE_CURVE('',#987,#986,#453,.T.);
#1219=EDGE_CURVE('',#988,#987,#454,.T.);
#1220=EDGE_CURVE('',#989,#988,#455,.T.);
#1221=EDGE_CURVE('',#990,#989,#456,.T.);
#1222=EDGE_CURVE('',#991,#990,#457,.T.);
#1223=EDGE_CURVE('',#992,#991,#458,.T.);
#1224=EDGE_CURVE('',#993,#992,#459,.T.);
#1225=EDGE_CURVE('',#994,#993,#460,.T.);
#1226=EDGE_CURVE('',#962,#994,#461,.T.);
#1227=EDGE_CURVE('',#995,#959,#462,.T.);
#1228=EDGE_CURVE('',#996,#995,#855,.T.);
#1229=EDGE_CURVE('',#960,#996,#463,.T.);
#1230=EDGE_CURVE('',#996,#932,#464,.T.);
#1231=EDGE_CURVE('',#995,#888,#465,.T.);
#1232=EDGE_CURVE('',#976,#997,#466,.T.);
#1233=EDGE_CURVE('',#998,#997,#467,.T.);
#1234=EDGE_CURVE('',#977,#998,#468,.T.);
#1235=EDGE_CURVE('',#975,#999,#469,.T.);
#1236=EDGE_CURVE('',#997,#999,#470,.T.);
#1237=EDGE_CURVE('',#974,#1000,#471,.T.);
#1238=EDGE_CURVE('',#1001,#1000,#472,.T.);
#1239=EDGE_CURVE('',#1002,#1001,#473,.T.);
#1240=EDGE_CURVE('',#1003,#1002,#474,.T.);
#1241=EDGE_CURVE('',#1003,#1004,#475,.T.);
#1242=EDGE_CURVE('',#999,#1004,#476,.T.);
#1243=EDGE_CURVE('',#973,#1005,#477,.T.);
#1244=EDGE_CURVE('',#1000,#1005,#478,.T.);
#1245=EDGE_CURVE('',#1005,#878,#479,.T.);
#1246=EDGE_CURVE('',#972,#1006,#480,.T.);
#1247=EDGE_CURVE('',#877,#1006,#481,.T.);
#1248=EDGE_CURVE('',#1007,#971,#482,.T.);
#1249=EDGE_CURVE('',#1007,#1008,#483,.T.);
#1250=EDGE_CURVE('',#1006,#1008,#484,.T.);
#1251=EDGE_CURVE('',#1009,#970,#485,.T.);
#1252=EDGE_CURVE('',#1007,#1009,#486,.T.);
#1253=EDGE_CURVE('',#969,#1010,#487,.T.);
#1254=EDGE_CURVE('',#1010,#1009,#856,.T.);
#1255=EDGE_CURVE('',#968,#1011,#488,.T.);
#1256=EDGE_CURVE('',#1010,#1011,#489,.T.);
#1257=EDGE_CURVE('',#1011,#937,#857,.T.);
#1258=EDGE_CURVE('',#967,#1012,#490,.T.);
#1259=EDGE_CURVE('',#1012,#936,#858,.T.);
#1260=EDGE_CURVE('',#966,#1013,#491,.T.);
#1261=EDGE_CURVE('',#1012,#1013,#492,.T.);
#1262=EDGE_CURVE('',#965,#1014,#493,.T.);
#1263=EDGE_CURVE('',#1013,#1014,#494,.T.);
#1264=EDGE_CURVE('',#964,#1015,#495,.T.);
#1265=EDGE_CURVE('',#1014,#1015,#496,.T.);
#1266=EDGE_CURVE('',#963,#1016,#497,.T.);
#1267=EDGE_CURVE('',#1015,#1016,#498,.T.);
#1268=EDGE_CURVE('',#961,#1017,#499,.T.);
#1269=EDGE_CURVE('',#1016,#1017,#500,.T.);
#1270=EDGE_CURVE('',#1018,#1007,#501,.T.);
#1271=EDGE_CURVE('',#1019,#1018,#502,.T.);
#1272=EDGE_CURVE('',#1020,#1019,#503,.T.);
#1273=EDGE_CURVE('',#1020,#1021,#504,.T.);
#1274=EDGE_CURVE('',#1008,#1021,#505,.T.);
#1275=EDGE_CURVE('',#1022,#1020,#859,.T.);
#1276=EDGE_CURVE('',#1022,#1023,#506,.T.);
#1277=EDGE_CURVE('',#1021,#1023,#860,.T.);
#1278=EDGE_CURVE('',#1002,#926,#861,.T.);
#1279=EDGE_CURVE('',#1024,#1001,#862,.T.);
#1280=EDGE_CURVE('',#895,#1024,#507,.T.);
#1281=EDGE_CURVE('',#1025,#1024,#508,.T.);
#1282=EDGE_CURVE('',#896,#1025,#509,.T.);
#1283=EDGE_CURVE('',#1026,#1025,#510,.T.);
#1284=EDGE_CURVE('',#897,#1026,#511,.T.);
#1285=EDGE_CURVE('',#1023,#1026,#512,.T.);
#1286=EDGE_CURVE('',#927,#1027,#513,.T.);
#1287=EDGE_CURVE('',#1027,#920,#514,.T.);
#1288=EDGE_CURVE('',#921,#1028,#515,.T.);
#1289=EDGE_CURVE('',#1028,#1029,#516,.T.);
#1290=EDGE_CURVE('',#1029,#1030,#517,.T.);
#1291=EDGE_CURVE('',#1030,#1031,#518,.T.);
#1292=EDGE_CURVE('',#1031,#1022,#519,.T.);
#1293=EDGE_CURVE('',#1032,#1019,#520,.T.);
#1294=EDGE_CURVE('',#1033,#1032,#521,.T.);
#1295=EDGE_CURVE('',#1034,#1033,#863,.T.);
#1296=EDGE_CURVE('',#1035,#1034,#522,.T.);
#1297=EDGE_CURVE('',#1003,#1035,#523,.T.);
#1298=EDGE_CURVE('',#898,#1031,#524,.T.);
#1299=EDGE_CURVE('',#899,#1030,#525,.T.);
#1300=EDGE_CURVE('',#900,#1029,#526,.T.);
#1301=EDGE_CURVE('',#901,#1028,#527,.T.);
#1302=EDGE_CURVE('',#908,#1027,#528,.T.);
#1303=EDGE_CURVE('',#1035,#1036,#529,.T.);
#1304=EDGE_CURVE('',#1004,#1036,#530,.T.);
#1305=EDGE_CURVE('',#1034,#1037,#531,.T.);
#1306=EDGE_CURVE('',#1036,#1037,#532,.T.);
#1307=EDGE_CURVE('',#1033,#1038,#533,.T.);
#1308=EDGE_CURVE('',#1037,#1038,#864,.T.);
#1309=EDGE_CURVE('',#1032,#1039,#534,.T.);
#1310=EDGE_CURVE('',#1038,#1039,#535,.T.);
#1311=EDGE_CURVE('',#1039,#1018,#536,.T.);
#1312=EDGE_CURVE('',#1017,#1040,#537,.T.);
#1313=EDGE_CURVE('',#1040,#1041,#538,.T.);
#1314=EDGE_CURVE('',#1041,#1042,#539,.T.);
#1315=EDGE_CURVE('',#1042,#1043,#540,.T.);
#1316=EDGE_CURVE('',#1043,#1044,#541,.T.);
#1317=EDGE_CURVE('',#1044,#1045,#542,.T.);
#1318=EDGE_CURVE('',#1045,#1046,#543,.T.);
#1319=EDGE_CURVE('',#1046,#1047,#544,.T.);
#1320=EDGE_CURVE('',#1047,#1048,#545,.T.);
#1321=EDGE_CURVE('',#1048,#1049,#546,.T.);
#1322=EDGE_CURVE('',#1049,#1050,#547,.T.);
#1323=EDGE_CURVE('',#1050,#1051,#548,.T.);
#1324=EDGE_CURVE('',#1051,#1052,#549,.T.);
#1325=EDGE_CURVE('',#1052,#1053,#550,.T.);
#1326=EDGE_CURVE('',#1053,#1054,#551,.T.);
#1327=EDGE_CURVE('',#1054,#1055,#552,.T.);
#1328=EDGE_CURVE('',#1055,#1056,#553,.T.);
#1329=EDGE_CURVE('',#1056,#1057,#554,.T.);
#1330=EDGE_CURVE('',#1057,#998,#555,.T.);
#1331=EDGE_CURVE('',#962,#1040,#556,.T.);
#1332=EDGE_CURVE('',#978,#1057,#557,.T.);
#1333=EDGE_CURVE('',#979,#1056,#558,.T.);
#1334=EDGE_CURVE('',#980,#1055,#559,.T.);
#1335=EDGE_CURVE('',#981,#1054,#560,.T.);
#1336=EDGE_CURVE('',#982,#1053,#561,.T.);
#1337=EDGE_CURVE('',#983,#1052,#562,.T.);
#1338=EDGE_CURVE('',#984,#1051,#563,.T.);
#1339=EDGE_CURVE('',#985,#1050,#564,.T.);
#1340=EDGE_CURVE('',#986,#1049,#565,.T.);
#1341=EDGE_CURVE('',#987,#1048,#566,.T.);
#1342=EDGE_CURVE('',#988,#1047,#567,.T.);
#1343=EDGE_CURVE('',#989,#1046,#568,.T.);
#1344=EDGE_CURVE('',#990,#1045,#569,.T.);
#1345=EDGE_CURVE('',#991,#1044,#570,.T.);
#1346=EDGE_CURVE('',#992,#1043,#571,.T.);
#1347=EDGE_CURVE('',#993,#1042,#572,.T.);
#1348=EDGE_CURVE('',#994,#1041,#573,.T.);
#1349=ORIENTED_EDGE('',*,*,#1058,.F.);
#1350=ORIENTED_EDGE('',*,*,#1059,.F.);
#1351=ORIENTED_EDGE('',*,*,#1060,.F.);
#1352=ORIENTED_EDGE('',*,*,#1061,.F.);
#1353=ORIENTED_EDGE('',*,*,#1062,.T.);
#1354=ORIENTED_EDGE('',*,*,#1063,.F.);
#1355=ORIENTED_EDGE('',*,*,#1064,.F.);
#1356=ORIENTED_EDGE('',*,*,#1065,.F.);
#1357=ORIENTED_EDGE('',*,*,#1064,.T.);
#1358=ORIENTED_EDGE('',*,*,#1066,.F.);
#1359=ORIENTED_EDGE('',*,*,#1060,.T.);
#1360=ORIENTED_EDGE('',*,*,#1067,.F.);
#1361=ORIENTED_EDGE('',*,*,#1068,.F.);
#1362=ORIENTED_EDGE('',*,*,#1062,.F.);
#1363=ORIENTED_EDGE('',*,*,#1069,.F.);
#1364=ORIENTED_EDGE('',*,*,#1070,.F.);
#1365=ORIENTED_EDGE('',*,*,#1058,.T.);
#1366=ORIENTED_EDGE('',*,*,#1071,.F.);
#1367=ORIENTED_EDGE('',*,*,#1067,.T.);
#1368=ORIENTED_EDGE('',*,*,#1059,.T.);
#1369=ORIENTED_EDGE('',*,*,#1070,.T.);
#1370=ORIENTED_EDGE('',*,*,#1072,.F.);
#1371=ORIENTED_EDGE('',*,*,#1073,.T.);
#1372=ORIENTED_EDGE('',*,*,#1074,.T.);
#1373=ORIENTED_EDGE('',*,*,#1075,.F.);
#1374=ORIENTED_EDGE('',*,*,#1076,.F.);
#1375=ORIENTED_EDGE('',*,*,#1063,.T.);
#1376=ORIENTED_EDGE('',*,*,#1071,.T.);
#1377=ORIENTED_EDGE('',*,*,#1061,.T.);
#1378=ORIENTED_EDGE('',*,*,#1066,.T.);
#1379=ORIENTED_EDGE('',*,*,#1077,.F.);
#1380=ORIENTED_EDGE('',*,*,#1078,.T.);
#1381=ORIENTED_EDGE('',*,*,#1079,.F.);
#1382=ORIENTED_EDGE('',*,*,#1078,.F.);
#1383=ORIENTED_EDGE('',*,*,#1080,.F.);
#1384=ORIENTED_EDGE('',*,*,#1081,.T.);
#1385=ORIENTED_EDGE('',*,*,#1082,.F.);
#1386=ORIENTED_EDGE('',*,*,#1081,.F.);
#1387=ORIENTED_EDGE('',*,*,#1080,.T.);
#1388=ORIENTED_EDGE('',*,*,#1077,.T.);
#1389=ORIENTED_EDGE('',*,*,#1083,.F.);
#1390=ORIENTED_EDGE('',*,*,#1084,.F.);
#1391=ORIENTED_EDGE('',*,*,#1085,.F.);
#1392=ORIENTED_EDGE('',*,*,#1086,.T.);
#1393=ORIENTED_EDGE('',*,*,#1087,.F.);
#1394=ORIENTED_EDGE('',*,*,#1088,.F.);
#1395=ORIENTED_EDGE('',*,*,#1089,.T.);
#1396=ORIENTED_EDGE('',*,*,#1090,.F.);
#1397=ORIENTED_EDGE('',*,*,#1091,.F.);
#1398=ORIENTED_EDGE('',*,*,#1092,.T.);
#1399=ORIENTED_EDGE('',*,*,#1093,.F.);
#1400=ORIENTED_EDGE('',*,*,#1094,.F.);
#1401=ORIENTED_EDGE('',*,*,#1095,.T.);
#1402=ORIENTED_EDGE('',*,*,#1096,.T.);
#1403=ORIENTED_EDGE('',*,*,#1097,.F.);
#1404=ORIENTED_EDGE('',*,*,#1098,.F.);
#1405=ORIENTED_EDGE('',*,*,#1099,.F.);
#1406=ORIENTED_EDGE('',*,*,#1100,.F.);
#1407=ORIENTED_EDGE('',*,*,#1101,.F.);
#1408=ORIENTED_EDGE('',*,*,#1102,.F.);
#1409=ORIENTED_EDGE('',*,*,#1103,.T.);
#1410=ORIENTED_EDGE('',*,*,#1104,.T.);
#1411=ORIENTED_EDGE('',*,*,#1105,.T.);
#1412=ORIENTED_EDGE('',*,*,#1106,.F.);
#1413=ORIENTED_EDGE('',*,*,#1107,.F.);
#1414=ORIENTED_EDGE('',*,*,#1108,.F.);
#1415=ORIENTED_EDGE('',*,*,#1109,.F.);
#1416=ORIENTED_EDGE('',*,*,#1110,.F.);
#1417=ORIENTED_EDGE('',*,*,#1111,.F.);
#1418=ORIENTED_EDGE('',*,*,#1112,.F.);
#1419=ORIENTED_EDGE('',*,*,#1082,.T.);
#1420=ORIENTED_EDGE('',*,*,#1113,.F.);
#1421=ORIENTED_EDGE('',*,*,#1114,.T.);
#1422=ORIENTED_EDGE('',*,*,#1115,.F.);
#1423=ORIENTED_EDGE('',*,*,#1114,.F.);
#1424=ORIENTED_EDGE('',*,*,#1116,.F.);
#1425=ORIENTED_EDGE('',*,*,#1117,.T.);
#1426=ORIENTED_EDGE('',*,*,#1092,.F.);
#1427=ORIENTED_EDGE('',*,*,#1117,.F.);
#1428=ORIENTED_EDGE('',*,*,#1116,.T.);
#1429=ORIENTED_EDGE('',*,*,#1113,.T.);
#1430=ORIENTED_EDGE('',*,*,#1079,.T.);
#1431=ORIENTED_EDGE('',*,*,#1103,.F.);
#1432=ORIENTED_EDGE('',*,*,#1118,.F.);
#1433=ORIENTED_EDGE('',*,*,#1119,.F.);
#1434=ORIENTED_EDGE('',*,*,#1120,.F.);
#1435=ORIENTED_EDGE('',*,*,#1104,.F.);
#1436=ORIENTED_EDGE('',*,*,#1120,.T.);
#1437=ORIENTED_EDGE('',*,*,#1121,.F.);
#1438=ORIENTED_EDGE('',*,*,#1122,.F.);
#1439=ORIENTED_EDGE('',*,*,#1105,.F.);
#1440=ORIENTED_EDGE('',*,*,#1122,.T.);
#1441=ORIENTED_EDGE('',*,*,#1123,.F.);
#1442=ORIENTED_EDGE('',*,*,#1124,.F.);
#1443=ORIENTED_EDGE('',*,*,#1124,.T.);
#1444=ORIENTED_EDGE('',*,*,#1125,.F.);
#1445=ORIENTED_EDGE('',*,*,#1126,.F.);
#1446=ORIENTED_EDGE('',*,*,#1106,.T.);
#1447=ORIENTED_EDGE('',*,*,#1118,.T.);
#1448=ORIENTED_EDGE('',*,*,#1102,.T.);
#1449=ORIENTED_EDGE('',*,*,#1127,.T.);
#1450=ORIENTED_EDGE('',*,*,#1128,.F.);
#1451=ORIENTED_EDGE('',*,*,#1111,.T.);
#1452=ORIENTED_EDGE('',*,*,#1129,.T.);
#1453=ORIENTED_EDGE('',*,*,#1130,.F.);
#1454=ORIENTED_EDGE('',*,*,#1131,.F.);
#1455=ORIENTED_EDGE('',*,*,#1112,.T.);
#1456=ORIENTED_EDGE('',*,*,#1131,.T.);
#1457=ORIENTED_EDGE('',*,*,#1132,.F.);
#1458=ORIENTED_EDGE('',*,*,#1133,.F.);
#1459=ORIENTED_EDGE('',*,*,#1110,.T.);
#1460=ORIENTED_EDGE('',*,*,#1134,.F.);
#1461=ORIENTED_EDGE('',*,*,#1135,.F.);
#1462=ORIENTED_EDGE('',*,*,#1129,.F.);
#1463=ORIENTED_EDGE('',*,*,#1133,.T.);
#1464=ORIENTED_EDGE('',*,*,#1136,.F.);
#1465=ORIENTED_EDGE('',*,*,#1137,.T.);
#1466=ORIENTED_EDGE('',*,*,#1093,.T.);
#1467=ORIENTED_EDGE('',*,*,#1134,.T.);
#1468=ORIENTED_EDGE('',*,*,#1109,.T.);
#1469=ORIENTED_EDGE('',*,*,#1138,.T.);
#1470=ORIENTED_EDGE('',*,*,#1139,.F.);
#1471=ORIENTED_EDGE('',*,*,#1140,.F.);
#1472=ORIENTED_EDGE('',*,*,#1141,.F.);
#1473=ORIENTED_EDGE('',*,*,#1142,.F.);
#1474=ORIENTED_EDGE('',*,*,#1083,.T.);
#1475=ORIENTED_EDGE('',*,*,#1143,.F.);
#1476=ORIENTED_EDGE('',*,*,#1144,.F.);
#1477=ORIENTED_EDGE('',*,*,#1141,.T.);
#1478=ORIENTED_EDGE('',*,*,#1145,.F.);
#1479=ORIENTED_EDGE('',*,*,#1146,.F.);
#1480=ORIENTED_EDGE('',*,*,#1147,.F.);
#1481=ORIENTED_EDGE('',*,*,#1148,.F.);
#1482=ORIENTED_EDGE('',*,*,#1147,.T.);
#1483=ORIENTED_EDGE('',*,*,#1149,.F.);
#1484=ORIENTED_EDGE('',*,*,#1086,.F.);
#1485=ORIENTED_EDGE('',*,*,#1084,.T.);
#1486=ORIENTED_EDGE('',*,*,#1142,.T.);
#1487=ORIENTED_EDGE('',*,*,#1144,.T.);
#1488=ORIENTED_EDGE('',*,*,#1150,.F.);
#1489=ORIENTED_EDGE('',*,*,#1151,.T.);
#1490=ORIENTED_EDGE('',*,*,#1152,.F.);
#1491=ORIENTED_EDGE('',*,*,#1153,.F.);
#1492=ORIENTED_EDGE('',*,*,#1154,.F.);
#1493=ORIENTED_EDGE('',*,*,#1115,.T.);
#1494=ORIENTED_EDGE('',*,*,#1155,.T.);
#1495=ORIENTED_EDGE('',*,*,#1156,.T.);
#1496=ORIENTED_EDGE('',*,*,#1157,.F.);
#1497=ORIENTED_EDGE('',*,*,#1158,.F.);
#1498=ORIENTED_EDGE('',*,*,#1159,.F.);
#1499=ORIENTED_EDGE('',*,*,#1160,.T.);
#1500=ORIENTED_EDGE('',*,*,#1161,.F.);
#1501=ORIENTED_EDGE('',*,*,#1156,.F.);
#1502=ORIENTED_EDGE('',*,*,#1162,.F.);
#1503=ORIENTED_EDGE('',*,*,#1163,.F.);
#1504=ORIENTED_EDGE('',*,*,#1158,.T.);
#1505=ORIENTED_EDGE('',*,*,#1164,.F.);
#1506=ORIENTED_EDGE('',*,*,#1165,.F.);
#1507=ORIENTED_EDGE('',*,*,#1166,.F.);
#1508=ORIENTED_EDGE('',*,*,#1165,.T.);
#1509=ORIENTED_EDGE('',*,*,#1167,.F.);
#1510=ORIENTED_EDGE('',*,*,#1168,.F.);
#1511=ORIENTED_EDGE('',*,*,#1169,.F.);
#1512=ORIENTED_EDGE('',*,*,#1168,.T.);
#1513=ORIENTED_EDGE('',*,*,#1170,.F.);
#1514=ORIENTED_EDGE('',*,*,#1171,.F.);
#1515=ORIENTED_EDGE('',*,*,#1172,.T.);
#1516=ORIENTED_EDGE('',*,*,#1171,.T.);
#1517=ORIENTED_EDGE('',*,*,#1173,.F.);
#1518=ORIENTED_EDGE('',*,*,#1174,.F.);
#1519=ORIENTED_EDGE('',*,*,#1175,.T.);
#1520=ORIENTED_EDGE('',*,*,#1174,.T.);
#1521=ORIENTED_EDGE('',*,*,#1176,.F.);
#1522=ORIENTED_EDGE('',*,*,#1177,.F.);
#1523=ORIENTED_EDGE('',*,*,#1178,.F.);
#1524=ORIENTED_EDGE('',*,*,#1177,.T.);
#1525=ORIENTED_EDGE('',*,*,#1179,.F.);
#1526=ORIENTED_EDGE('',*,*,#1180,.F.);
#1527=ORIENTED_EDGE('',*,*,#1181,.T.);
#1528=ORIENTED_EDGE('',*,*,#1180,.T.);
#1529=ORIENTED_EDGE('',*,*,#1182,.F.);
#1530=ORIENTED_EDGE('',*,*,#1160,.F.);
#1531=ORIENTED_EDGE('',*,*,#1183,.F.);
#1532=ORIENTED_EDGE('',*,*,#1184,.F.);
#1533=ORIENTED_EDGE('',*,*,#1185,.F.);
#1534=ORIENTED_EDGE('',*,*,#1162,.T.);
#1535=ORIENTED_EDGE('',*,*,#1166,.T.);
#1536=ORIENTED_EDGE('',*,*,#1169,.T.);
#1537=ORIENTED_EDGE('',*,*,#1172,.F.);
#1538=ORIENTED_EDGE('',*,*,#1175,.F.);
#1539=ORIENTED_EDGE('',*,*,#1178,.T.);
#1540=ORIENTED_EDGE('',*,*,#1181,.F.);
#1541=ORIENTED_EDGE('',*,*,#1161,.T.);
#1542=ORIENTED_EDGE('',*,*,#1182,.T.);
#1543=ORIENTED_EDGE('',*,*,#1179,.T.);
#1544=ORIENTED_EDGE('',*,*,#1176,.T.);
#1545=ORIENTED_EDGE('',*,*,#1173,.T.);
#1546=ORIENTED_EDGE('',*,*,#1170,.T.);
#1547=ORIENTED_EDGE('',*,*,#1167,.T.);
#1548=ORIENTED_EDGE('',*,*,#1164,.T.);
#1549=ORIENTED_EDGE('',*,*,#1157,.T.);
#1550=ORIENTED_EDGE('',*,*,#1163,.T.);
#1551=ORIENTED_EDGE('',*,*,#1185,.T.);
#1552=ORIENTED_EDGE('',*,*,#1186,.F.);
#1553=ORIENTED_EDGE('',*,*,#1089,.F.);
#1554=ORIENTED_EDGE('',*,*,#1187,.F.);
#1555=ORIENTED_EDGE('',*,*,#1188,.T.);
#1556=ORIENTED_EDGE('',*,*,#1184,.T.);
#1557=ORIENTED_EDGE('',*,*,#1183,.T.);
#1558=ORIENTED_EDGE('',*,*,#1189,.F.);
#1559=ORIENTED_EDGE('',*,*,#1190,.T.);
#1560=ORIENTED_EDGE('',*,*,#1090,.T.);
#1561=ORIENTED_EDGE('',*,*,#1186,.T.);
#1562=ORIENTED_EDGE('',*,*,#1191,.F.);
#1563=ORIENTED_EDGE('',*,*,#1192,.F.);
#1564=ORIENTED_EDGE('',*,*,#1193,.F.);
#1565=ORIENTED_EDGE('',*,*,#1194,.F.);
#1566=ORIENTED_EDGE('',*,*,#1195,.F.);
#1567=ORIENTED_EDGE('',*,*,#1196,.F.);
#1568=ORIENTED_EDGE('',*,*,#1197,.F.);
#1569=ORIENTED_EDGE('',*,*,#1151,.F.);
#1570=ORIENTED_EDGE('',*,*,#1198,.F.);
#1571=ORIENTED_EDGE('',*,*,#1199,.F.);
#1572=ORIENTED_EDGE('',*,*,#1200,.F.);
#1573=ORIENTED_EDGE('',*,*,#1201,.F.);
#1574=ORIENTED_EDGE('',*,*,#1202,.F.);
#1575=ORIENTED_EDGE('',*,*,#1203,.F.);
#1576=ORIENTED_EDGE('',*,*,#1073,.F.);
#1577=ORIENTED_EDGE('',*,*,#1204,.F.);
#1578=ORIENTED_EDGE('',*,*,#1205,.F.);
#1579=ORIENTED_EDGE('',*,*,#1206,.F.);
#1580=ORIENTED_EDGE('',*,*,#1207,.F.);
#1581=ORIENTED_EDGE('',*,*,#1208,.F.);
#1582=ORIENTED_EDGE('',*,*,#1209,.F.);
#1583=ORIENTED_EDGE('',*,*,#1210,.F.);
#1584=ORIENTED_EDGE('',*,*,#1211,.F.);
#1585=ORIENTED_EDGE('',*,*,#1212,.F.);
#1586=ORIENTED_EDGE('',*,*,#1213,.F.);
#1587=ORIENTED_EDGE('',*,*,#1214,.F.);
#1588=ORIENTED_EDGE('',*,*,#1215,.F.);
#1589=ORIENTED_EDGE('',*,*,#1216,.F.);
#1590=ORIENTED_EDGE('',*,*,#1217,.F.);
#1591=ORIENTED_EDGE('',*,*,#1218,.F.);
#1592=ORIENTED_EDGE('',*,*,#1219,.F.);
#1593=ORIENTED_EDGE('',*,*,#1220,.F.);
#1594=ORIENTED_EDGE('',*,*,#1221,.F.);
#1595=ORIENTED_EDGE('',*,*,#1222,.F.);
#1596=ORIENTED_EDGE('',*,*,#1223,.F.);
#1597=ORIENTED_EDGE('',*,*,#1224,.F.);
#1598=ORIENTED_EDGE('',*,*,#1225,.F.);
#1599=ORIENTED_EDGE('',*,*,#1226,.F.);
#1600=ORIENTED_EDGE('',*,*,#1188,.F.);
#1601=ORIENTED_EDGE('',*,*,#1227,.F.);
#1602=ORIENTED_EDGE('',*,*,#1228,.F.);
#1603=ORIENTED_EDGE('',*,*,#1229,.F.);
#1604=ORIENTED_EDGE('',*,*,#1189,.T.);
#1605=ORIENTED_EDGE('',*,*,#1159,.T.);
#1606=ORIENTED_EDGE('',*,*,#1155,.F.);
#1607=ORIENTED_EDGE('',*,*,#1146,.T.);
#1608=ORIENTED_EDGE('',*,*,#1230,.F.);
#1609=ORIENTED_EDGE('',*,*,#1228,.T.);
#1610=ORIENTED_EDGE('',*,*,#1231,.T.);
#1611=ORIENTED_EDGE('',*,*,#1087,.T.);
#1612=ORIENTED_EDGE('',*,*,#1149,.T.);
#1613=ORIENTED_EDGE('',*,*,#1227,.T.);
#1614=ORIENTED_EDGE('',*,*,#1187,.T.);
#1615=ORIENTED_EDGE('',*,*,#1088,.T.);
#1616=ORIENTED_EDGE('',*,*,#1231,.F.);
#1617=ORIENTED_EDGE('',*,*,#1208,.T.);
#1618=ORIENTED_EDGE('',*,*,#1232,.T.);
#1619=ORIENTED_EDGE('',*,*,#1233,.F.);
#1620=ORIENTED_EDGE('',*,*,#1234,.F.);
#1621=ORIENTED_EDGE('',*,*,#1207,.T.);
#1622=ORIENTED_EDGE('',*,*,#1235,.T.);
#1623=ORIENTED_EDGE('',*,*,#1236,.F.);
#1624=ORIENTED_EDGE('',*,*,#1232,.F.);
#1625=ORIENTED_EDGE('',*,*,#1206,.T.);
#1626=ORIENTED_EDGE('',*,*,#1237,.T.);
#1627=ORIENTED_EDGE('',*,*,#1238,.F.);
#1628=ORIENTED_EDGE('',*,*,#1239,.F.);
#1629=ORIENTED_EDGE('',*,*,#1240,.F.);
#1630=ORIENTED_EDGE('',*,*,#1241,.T.);
#1631=ORIENTED_EDGE('',*,*,#1242,.F.);
#1632=ORIENTED_EDGE('',*,*,#1235,.F.);
#1633=ORIENTED_EDGE('',*,*,#1205,.T.);
#1634=ORIENTED_EDGE('',*,*,#1243,.T.);
#1635=ORIENTED_EDGE('',*,*,#1244,.F.);
#1636=ORIENTED_EDGE('',*,*,#1237,.F.);
#1637=ORIENTED_EDGE('',*,*,#1068,.T.);
#1638=ORIENTED_EDGE('',*,*,#1076,.T.);
#1639=ORIENTED_EDGE('',*,*,#1245,.F.);
#1640=ORIENTED_EDGE('',*,*,#1243,.F.);
#1641=ORIENTED_EDGE('',*,*,#1204,.T.);
#1642=ORIENTED_EDGE('',*,*,#1072,.T.);
#1643=ORIENTED_EDGE('',*,*,#1069,.T.);
#1644=ORIENTED_EDGE('',*,*,#1065,.T.);
#1645=ORIENTED_EDGE('',*,*,#1203,.T.);
#1646=ORIENTED_EDGE('',*,*,#1246,.T.);
#1647=ORIENTED_EDGE('',*,*,#1247,.F.);
#1648=ORIENTED_EDGE('',*,*,#1074,.F.);
#1649=ORIENTED_EDGE('',*,*,#1202,.T.);
#1650=ORIENTED_EDGE('',*,*,#1248,.F.);
#1651=ORIENTED_EDGE('',*,*,#1249,.T.);
#1652=ORIENTED_EDGE('',*,*,#1250,.F.);
#1653=ORIENTED_EDGE('',*,*,#1246,.F.);
#1654=ORIENTED_EDGE('',*,*,#1201,.T.);
#1655=ORIENTED_EDGE('',*,*,#1251,.F.);
#1656=ORIENTED_EDGE('',*,*,#1252,.F.);
#1657=ORIENTED_EDGE('',*,*,#1248,.T.);
#1658=ORIENTED_EDGE('',*,*,#1200,.T.);
#1659=ORIENTED_EDGE('',*,*,#1253,.T.);
#1660=ORIENTED_EDGE('',*,*,#1254,.T.);
#1661=ORIENTED_EDGE('',*,*,#1251,.T.);
#1662=ORIENTED_EDGE('',*,*,#1199,.T.);
#1663=ORIENTED_EDGE('',*,*,#1255,.T.);
#1664=ORIENTED_EDGE('',*,*,#1256,.F.);
#1665=ORIENTED_EDGE('',*,*,#1253,.F.);
#1666=ORIENTED_EDGE('',*,*,#1085,.T.);
#1667=ORIENTED_EDGE('',*,*,#1154,.T.);
#1668=ORIENTED_EDGE('',*,*,#1257,.F.);
#1669=ORIENTED_EDGE('',*,*,#1255,.F.);
#1670=ORIENTED_EDGE('',*,*,#1198,.T.);
#1671=ORIENTED_EDGE('',*,*,#1150,.T.);
#1672=ORIENTED_EDGE('',*,*,#1143,.T.);
#1673=ORIENTED_EDGE('',*,*,#1148,.T.);
#1674=ORIENTED_EDGE('',*,*,#1197,.T.);
#1675=ORIENTED_EDGE('',*,*,#1258,.T.);
#1676=ORIENTED_EDGE('',*,*,#1259,.T.);
#1677=ORIENTED_EDGE('',*,*,#1152,.T.);
#1678=ORIENTED_EDGE('',*,*,#1196,.T.);
#1679=ORIENTED_EDGE('',*,*,#1260,.T.);
#1680=ORIENTED_EDGE('',*,*,#1261,.F.);
#1681=ORIENTED_EDGE('',*,*,#1258,.F.);
#1682=ORIENTED_EDGE('',*,*,#1195,.T.);
#1683=ORIENTED_EDGE('',*,*,#1262,.T.);
#1684=ORIENTED_EDGE('',*,*,#1263,.F.);
#1685=ORIENTED_EDGE('',*,*,#1260,.F.);
#1686=ORIENTED_EDGE('',*,*,#1194,.T.);
#1687=ORIENTED_EDGE('',*,*,#1264,.T.);
#1688=ORIENTED_EDGE('',*,*,#1265,.F.);
#1689=ORIENTED_EDGE('',*,*,#1262,.F.);
#1690=ORIENTED_EDGE('',*,*,#1193,.T.);
#1691=ORIENTED_EDGE('',*,*,#1266,.T.);
#1692=ORIENTED_EDGE('',*,*,#1267,.F.);
#1693=ORIENTED_EDGE('',*,*,#1264,.F.);
#1694=ORIENTED_EDGE('',*,*,#1192,.T.);
#1695=ORIENTED_EDGE('',*,*,#1268,.T.);
#1696=ORIENTED_EDGE('',*,*,#1269,.F.);
#1697=ORIENTED_EDGE('',*,*,#1266,.F.);
#1698=ORIENTED_EDGE('',*,*,#1270,.F.);
#1699=ORIENTED_EDGE('',*,*,#1271,.F.);
#1700=ORIENTED_EDGE('',*,*,#1272,.F.);
#1701=ORIENTED_EDGE('',*,*,#1273,.T.);
#1702=ORIENTED_EDGE('',*,*,#1274,.F.);
#1703=ORIENTED_EDGE('',*,*,#1249,.F.);
#1704=ORIENTED_EDGE('',*,*,#1275,.F.);
#1705=ORIENTED_EDGE('',*,*,#1276,.T.);
#1706=ORIENTED_EDGE('',*,*,#1277,.F.);
#1707=ORIENTED_EDGE('',*,*,#1273,.F.);
#1708=ORIENTED_EDGE('',*,*,#1278,.F.);
#1709=ORIENTED_EDGE('',*,*,#1239,.T.);
#1710=ORIENTED_EDGE('',*,*,#1279,.F.);
#1711=ORIENTED_EDGE('',*,*,#1280,.F.);
#1712=ORIENTED_EDGE('',*,*,#1094,.T.);
#1713=ORIENTED_EDGE('',*,*,#1137,.F.);
#1714=ORIENTED_EDGE('',*,*,#1095,.F.);
#1715=ORIENTED_EDGE('',*,*,#1280,.T.);
#1716=ORIENTED_EDGE('',*,*,#1281,.F.);
#1717=ORIENTED_EDGE('',*,*,#1282,.F.);
#1718=ORIENTED_EDGE('',*,*,#1096,.F.);
#1719=ORIENTED_EDGE('',*,*,#1282,.T.);
#1720=ORIENTED_EDGE('',*,*,#1283,.F.);
#1721=ORIENTED_EDGE('',*,*,#1284,.F.);
#1722=ORIENTED_EDGE('',*,*,#1274,.T.);
#1723=ORIENTED_EDGE('',*,*,#1277,.T.);
#1724=ORIENTED_EDGE('',*,*,#1285,.T.);
#1725=ORIENTED_EDGE('',*,*,#1283,.T.);
#1726=ORIENTED_EDGE('',*,*,#1281,.T.);
#1727=ORIENTED_EDGE('',*,*,#1279,.T.);
#1728=ORIENTED_EDGE('',*,*,#1238,.T.);
#1729=ORIENTED_EDGE('',*,*,#1244,.T.);
#1730=ORIENTED_EDGE('',*,*,#1245,.T.);
#1731=ORIENTED_EDGE('',*,*,#1075,.T.);
#1732=ORIENTED_EDGE('',*,*,#1247,.T.);
#1733=ORIENTED_EDGE('',*,*,#1250,.T.);
#1734=ORIENTED_EDGE('',*,*,#1240,.T.);
#1735=ORIENTED_EDGE('',*,*,#1278,.T.);
#1736=ORIENTED_EDGE('',*,*,#1136,.T.);
#1737=ORIENTED_EDGE('',*,*,#1132,.T.);
#1738=ORIENTED_EDGE('',*,*,#1130,.T.);
#1739=ORIENTED_EDGE('',*,*,#1135,.T.);
#1740=ORIENTED_EDGE('',*,*,#1139,.T.);
#1741=ORIENTED_EDGE('',*,*,#1286,.T.);
#1742=ORIENTED_EDGE('',*,*,#1287,.T.);
#1743=ORIENTED_EDGE('',*,*,#1125,.T.);
#1744=ORIENTED_EDGE('',*,*,#1123,.T.);
#1745=ORIENTED_EDGE('',*,*,#1121,.T.);
#1746=ORIENTED_EDGE('',*,*,#1119,.T.);
#1747=ORIENTED_EDGE('',*,*,#1128,.T.);
#1748=ORIENTED_EDGE('',*,*,#1288,.T.);
#1749=ORIENTED_EDGE('',*,*,#1289,.T.);
#1750=ORIENTED_EDGE('',*,*,#1290,.T.);
#1751=ORIENTED_EDGE('',*,*,#1291,.T.);
#1752=ORIENTED_EDGE('',*,*,#1292,.T.);
#1753=ORIENTED_EDGE('',*,*,#1275,.T.);
#1754=ORIENTED_EDGE('',*,*,#1272,.T.);
#1755=ORIENTED_EDGE('',*,*,#1293,.F.);
#1756=ORIENTED_EDGE('',*,*,#1294,.F.);
#1757=ORIENTED_EDGE('',*,*,#1295,.F.);
#1758=ORIENTED_EDGE('',*,*,#1296,.F.);
#1759=ORIENTED_EDGE('',*,*,#1297,.F.);
#1760=ORIENTED_EDGE('',*,*,#1292,.F.);
#1761=ORIENTED_EDGE('',*,*,#1298,.F.);
#1762=ORIENTED_EDGE('',*,*,#1097,.T.);
#1763=ORIENTED_EDGE('',*,*,#1284,.T.);
#1764=ORIENTED_EDGE('',*,*,#1285,.F.);
#1765=ORIENTED_EDGE('',*,*,#1276,.F.);
#1766=ORIENTED_EDGE('',*,*,#1098,.T.);
#1767=ORIENTED_EDGE('',*,*,#1298,.T.);
#1768=ORIENTED_EDGE('',*,*,#1291,.F.);
#1769=ORIENTED_EDGE('',*,*,#1299,.F.);
#1770=ORIENTED_EDGE('',*,*,#1099,.T.);
#1771=ORIENTED_EDGE('',*,*,#1299,.T.);
#1772=ORIENTED_EDGE('',*,*,#1290,.F.);
#1773=ORIENTED_EDGE('',*,*,#1300,.F.);
#1774=ORIENTED_EDGE('',*,*,#1100,.T.);
#1775=ORIENTED_EDGE('',*,*,#1300,.T.);
#1776=ORIENTED_EDGE('',*,*,#1289,.F.);
#1777=ORIENTED_EDGE('',*,*,#1301,.F.);
#1778=ORIENTED_EDGE('',*,*,#1101,.T.);
#1779=ORIENTED_EDGE('',*,*,#1301,.T.);
#1780=ORIENTED_EDGE('',*,*,#1288,.F.);
#1781=ORIENTED_EDGE('',*,*,#1127,.F.);
#1782=ORIENTED_EDGE('',*,*,#1107,.T.);
#1783=ORIENTED_EDGE('',*,*,#1126,.T.);
#1784=ORIENTED_EDGE('',*,*,#1287,.F.);
#1785=ORIENTED_EDGE('',*,*,#1302,.F.);
#1786=ORIENTED_EDGE('',*,*,#1108,.T.);
#1787=ORIENTED_EDGE('',*,*,#1302,.T.);
#1788=ORIENTED_EDGE('',*,*,#1286,.F.);
#1789=ORIENTED_EDGE('',*,*,#1138,.F.);
#1790=ORIENTED_EDGE('',*,*,#1297,.T.);
#1791=ORIENTED_EDGE('',*,*,#1303,.T.);
#1792=ORIENTED_EDGE('',*,*,#1304,.F.);
#1793=ORIENTED_EDGE('',*,*,#1241,.F.);
#1794=ORIENTED_EDGE('',*,*,#1296,.T.);
#1795=ORIENTED_EDGE('',*,*,#1305,.T.);
#1796=ORIENTED_EDGE('',*,*,#1306,.F.);
#1797=ORIENTED_EDGE('',*,*,#1303,.F.);
#1798=ORIENTED_EDGE('',*,*,#1295,.T.);
#1799=ORIENTED_EDGE('',*,*,#1307,.T.);
#1800=ORIENTED_EDGE('',*,*,#1308,.F.);
#1801=ORIENTED_EDGE('',*,*,#1305,.F.);
#1802=ORIENTED_EDGE('',*,*,#1294,.T.);
#1803=ORIENTED_EDGE('',*,*,#1309,.T.);
#1804=ORIENTED_EDGE('',*,*,#1310,.F.);
#1805=ORIENTED_EDGE('',*,*,#1307,.F.);
#1806=ORIENTED_EDGE('',*,*,#1293,.T.);
#1807=ORIENTED_EDGE('',*,*,#1271,.T.);
#1808=ORIENTED_EDGE('',*,*,#1311,.F.);
#1809=ORIENTED_EDGE('',*,*,#1309,.F.);
#1810=ORIENTED_EDGE('',*,*,#1254,.F.);
#1811=ORIENTED_EDGE('',*,*,#1256,.T.);
#1812=ORIENTED_EDGE('',*,*,#1257,.T.);
#1813=ORIENTED_EDGE('',*,*,#1153,.T.);
#1814=ORIENTED_EDGE('',*,*,#1259,.F.);
#1815=ORIENTED_EDGE('',*,*,#1261,.T.);
#1816=ORIENTED_EDGE('',*,*,#1263,.T.);
#1817=ORIENTED_EDGE('',*,*,#1265,.T.);
#1818=ORIENTED_EDGE('',*,*,#1267,.T.);
#1819=ORIENTED_EDGE('',*,*,#1269,.T.);
#1820=ORIENTED_EDGE('',*,*,#1312,.T.);
#1821=ORIENTED_EDGE('',*,*,#1313,.T.);
#1822=ORIENTED_EDGE('',*,*,#1314,.T.);
#1823=ORIENTED_EDGE('',*,*,#1315,.T.);
#1824=ORIENTED_EDGE('',*,*,#1316,.T.);
#1825=ORIENTED_EDGE('',*,*,#1317,.T.);
#1826=ORIENTED_EDGE('',*,*,#1318,.T.);
#1827=ORIENTED_EDGE('',*,*,#1319,.T.);
#1828=ORIENTED_EDGE('',*,*,#1320,.T.);
#1829=ORIENTED_EDGE('',*,*,#1321,.T.);
#1830=ORIENTED_EDGE('',*,*,#1322,.T.);
#1831=ORIENTED_EDGE('',*,*,#1323,.T.);
#1832=ORIENTED_EDGE('',*,*,#1324,.T.);
#1833=ORIENTED_EDGE('',*,*,#1325,.T.);
#1834=ORIENTED_EDGE('',*,*,#1326,.T.);
#1835=ORIENTED_EDGE('',*,*,#1327,.T.);
#1836=ORIENTED_EDGE('',*,*,#1328,.T.);
#1837=ORIENTED_EDGE('',*,*,#1329,.T.);
#1838=ORIENTED_EDGE('',*,*,#1330,.T.);
#1839=ORIENTED_EDGE('',*,*,#1233,.T.);
#1840=ORIENTED_EDGE('',*,*,#1236,.T.);
#1841=ORIENTED_EDGE('',*,*,#1242,.T.);
#1842=ORIENTED_EDGE('',*,*,#1304,.T.);
#1843=ORIENTED_EDGE('',*,*,#1306,.T.);
#1844=ORIENTED_EDGE('',*,*,#1308,.T.);
#1845=ORIENTED_EDGE('',*,*,#1310,.T.);
#1846=ORIENTED_EDGE('',*,*,#1311,.T.);
#1847=ORIENTED_EDGE('',*,*,#1270,.T.);
#1848=ORIENTED_EDGE('',*,*,#1252,.T.);
#1849=ORIENTED_EDGE('',*,*,#1191,.T.);
#1850=ORIENTED_EDGE('',*,*,#1331,.T.);
#1851=ORIENTED_EDGE('',*,*,#1312,.F.);
#1852=ORIENTED_EDGE('',*,*,#1268,.F.);
#1853=ORIENTED_EDGE('',*,*,#1209,.T.);
#1854=ORIENTED_EDGE('',*,*,#1234,.T.);
#1855=ORIENTED_EDGE('',*,*,#1330,.F.);
#1856=ORIENTED_EDGE('',*,*,#1332,.F.);
#1857=ORIENTED_EDGE('',*,*,#1210,.T.);
#1858=ORIENTED_EDGE('',*,*,#1332,.T.);
#1859=ORIENTED_EDGE('',*,*,#1329,.F.);
#1860=ORIENTED_EDGE('',*,*,#1333,.F.);
#1861=ORIENTED_EDGE('',*,*,#1211,.T.);
#1862=ORIENTED_EDGE('',*,*,#1333,.T.);
#1863=ORIENTED_EDGE('',*,*,#1328,.F.);
#1864=ORIENTED_EDGE('',*,*,#1334,.F.);
#1865=ORIENTED_EDGE('',*,*,#1212,.T.);
#1866=ORIENTED_EDGE('',*,*,#1334,.T.);
#1867=ORIENTED_EDGE('',*,*,#1327,.F.);
#1868=ORIENTED_EDGE('',*,*,#1335,.F.);
#1869=ORIENTED_EDGE('',*,*,#1213,.T.);
#1870=ORIENTED_EDGE('',*,*,#1335,.T.);
#1871=ORIENTED_EDGE('',*,*,#1326,.F.);
#1872=ORIENTED_EDGE('',*,*,#1336,.F.);
#1873=ORIENTED_EDGE('',*,*,#1214,.T.);
#1874=ORIENTED_EDGE('',*,*,#1336,.T.);
#1875=ORIENTED_EDGE('',*,*,#1325,.F.);
#1876=ORIENTED_EDGE('',*,*,#1337,.F.);
#1877=ORIENTED_EDGE('',*,*,#1215,.T.);
#1878=ORIENTED_EDGE('',*,*,#1337,.T.);
#1879=ORIENTED_EDGE('',*,*,#1324,.F.);
#1880=ORIENTED_EDGE('',*,*,#1338,.F.);
#1881=ORIENTED_EDGE('',*,*,#1216,.T.);
#1882=ORIENTED_EDGE('',*,*,#1338,.T.);
#1883=ORIENTED_EDGE('',*,*,#1323,.F.);
#1884=ORIENTED_EDGE('',*,*,#1339,.F.);
#1885=ORIENTED_EDGE('',*,*,#1217,.T.);
#1886=ORIENTED_EDGE('',*,*,#1339,.T.);
#1887=ORIENTED_EDGE('',*,*,#1322,.F.);
#1888=ORIENTED_EDGE('',*,*,#1340,.F.);
#1889=ORIENTED_EDGE('',*,*,#1218,.T.);
#1890=ORIENTED_EDGE('',*,*,#1340,.T.);
#1891=ORIENTED_EDGE('',*,*,#1321,.F.);
#1892=ORIENTED_EDGE('',*,*,#1341,.F.);
#1893=ORIENTED_EDGE('',*,*,#1219,.T.);
#1894=ORIENTED_EDGE('',*,*,#1341,.T.);
#1895=ORIENTED_EDGE('',*,*,#1320,.F.);
#1896=ORIENTED_EDGE('',*,*,#1342,.F.);
#1897=ORIENTED_EDGE('',*,*,#1220,.T.);
#1898=ORIENTED_EDGE('',*,*,#1342,.T.);
#1899=ORIENTED_EDGE('',*,*,#1319,.F.);
#1900=ORIENTED_EDGE('',*,*,#1343,.F.);
#1901=ORIENTED_EDGE('',*,*,#1221,.T.);
#1902=ORIENTED_EDGE('',*,*,#1343,.T.);
#1903=ORIENTED_EDGE('',*,*,#1318,.F.);
#1904=ORIENTED_EDGE('',*,*,#1344,.F.);
#1905=ORIENTED_EDGE('',*,*,#1222,.T.);
#1906=ORIENTED_EDGE('',*,*,#1344,.T.);
#1907=ORIENTED_EDGE('',*,*,#1317,.F.);
#1908=ORIENTED_EDGE('',*,*,#1345,.F.);
#1909=ORIENTED_EDGE('',*,*,#1223,.T.);
#1910=ORIENTED_EDGE('',*,*,#1345,.T.);
#1911=ORIENTED_EDGE('',*,*,#1316,.F.);
#1912=ORIENTED_EDGE('',*,*,#1346,.F.);
#1913=ORIENTED_EDGE('',*,*,#1224,.T.);
#1914=ORIENTED_EDGE('',*,*,#1346,.T.);
#1915=ORIENTED_EDGE('',*,*,#1315,.F.);
#1916=ORIENTED_EDGE('',*,*,#1347,.F.);
#1917=ORIENTED_EDGE('',*,*,#1225,.T.);
#1918=ORIENTED_EDGE('',*,*,#1347,.T.);
#1919=ORIENTED_EDGE('',*,*,#1314,.F.);
#1920=ORIENTED_EDGE('',*,*,#1348,.F.);
#1921=ORIENTED_EDGE('',*,*,#1226,.T.);
#1922=ORIENTED_EDGE('',*,*,#1348,.T.);
#1923=ORIENTED_EDGE('',*,*,#1313,.F.);
#1924=ORIENTED_EDGE('',*,*,#1331,.F.);
#1925=ORIENTED_EDGE('',*,*,#1140,.T.);
#1926=ORIENTED_EDGE('',*,*,#1091,.T.);
#1927=ORIENTED_EDGE('',*,*,#1190,.F.);
#1928=ORIENTED_EDGE('',*,*,#1229,.T.);
#1929=ORIENTED_EDGE('',*,*,#1230,.T.);
#1930=ORIENTED_EDGE('',*,*,#1145,.T.);
#1931=CYLINDRICAL_SURFACE('',#2061,5.70087721044538);
#1932=CYLINDRICAL_SURFACE('',#2064,7.20087721044538);
#1933=CYLINDRICAL_SURFACE('',#2070,1.6);
#1934=CYLINDRICAL_SURFACE('',#2073,3.);
#1935=CYLINDRICAL_SURFACE('',#2082,1.6);
#1936=CYLINDRICAL_SURFACE('',#2085,3.);
#1937=CYLINDRICAL_SURFACE('',#2109,2.1);
#1938=CYLINDRICAL_SURFACE('',#2115,2.3);
#1939=CYLINDRICAL_SURFACE('',#2128,13.0000000000001);
#1940=CYLINDRICAL_SURFACE('',#2138,3.);
#1941=CYLINDRICAL_SURFACE('',#2141,15.0000000000001);
#1942=CYLINDRICAL_SURFACE('',#2143,3.);
#1943=CYLINDRICAL_SURFACE('',#2151,2.1);
#1944=CYLINDRICAL_SURFACE('',#2154,2.3);
#1945=CYLINDRICAL_SURFACE('',#2171,13.0000000000001);
#1946=ADVANCED_FACE('',(#108),#1931,.F.);
#1947=ADVANCED_FACE('',(#109),#1932,.T.);
#1948=ADVANCED_FACE('',(#110),#22,.T.);
#1949=ADVANCED_FACE('',(#111),#23,.F.);
#1950=ADVANCED_FACE('',(#112,#15),#24,.T.);
#1951=ADVANCED_FACE('',(#113),#1933,.F.);
#1952=ADVANCED_FACE('',(#114),#1934,.T.);
#1953=ADVANCED_FACE('',(#115,#16),#25,.T.);
#1954=ADVANCED_FACE('',(#116,#17,#18,#19),#26,.F.);
#1955=ADVANCED_FACE('',(#117),#1935,.F.);
#1956=ADVANCED_FACE('',(#118),#1936,.T.);
#1957=ADVANCED_FACE('',(#119,#20),#27,.T.);
#1958=ADVANCED_FACE('',(#120),#28,.F.);
#1959=ADVANCED_FACE('',(#121),#29,.T.);
#1960=ADVANCED_FACE('',(#122),#30,.T.);
#1961=ADVANCED_FACE('',(#123),#31,.T.);
#1962=ADVANCED_FACE('',(#124),#32,.T.);
#1963=ADVANCED_FACE('',(#125),#33,.T.);
#1964=ADVANCED_FACE('',(#126),#34,.T.);
#1965=ADVANCED_FACE('',(#127),#35,.T.);
#1966=ADVANCED_FACE('',(#128),#36,.T.);
#1967=ADVANCED_FACE('',(#129),#37,.T.);
#1968=ADVANCED_FACE('',(#130),#38,.T.);
#1969=ADVANCED_FACE('',(#131),#39,.F.);
#1970=ADVANCED_FACE('',(#132),#40,.F.);
#1971=ADVANCED_FACE('',(#133),#41,.F.);
#1972=ADVANCED_FACE('',(#134),#42,.T.);
#1973=ADVANCED_FACE('',(#135),#43,.F.);
#1974=ADVANCED_FACE('',(#136),#44,.T.);
#1975=ADVANCED_FACE('',(#137),#45,.T.);
#1976=ADVANCED_FACE('',(#138),#46,.T.);
#1977=ADVANCED_FACE('',(#139),#1937,.T.);
#1978=ADVANCED_FACE('',(#140),#47,.T.);
#1979=ADVANCED_FACE('',(#141),#48,.T.);
#1980=ADVANCED_FACE('',(#142),#49,.T.);
#1981=ADVANCED_FACE('',(#143),#1938,.T.);
#1982=ADVANCED_FACE('',(#144),#50,.T.);
#1983=ADVANCED_FACE('',(#145),#51,.T.);
#1984=ADVANCED_FACE('',(#146),#52,.F.);
#1985=ADVANCED_FACE('',(#147),#53,.T.);
#1986=ADVANCED_FACE('',(#148),#54,.T.);
#1987=ADVANCED_FACE('',(#149,#21),#55,.F.);
#1988=ADVANCED_FACE('',(#150),#1939,.F.);
#1989=ADVANCED_FACE('',(#151),#56,.T.);
#1990=ADVANCED_FACE('',(#152),#57,.T.);
#1991=ADVANCED_FACE('',(#153),#58,.T.);
#1992=ADVANCED_FACE('',(#154),#59,.T.);
#1993=ADVANCED_FACE('',(#155),#60,.T.);
#1994=ADVANCED_FACE('',(#156),#61,.T.);
#1995=ADVANCED_FACE('',(#157),#62,.T.);
#1996=ADVANCED_FACE('',(#158),#63,.T.);
#1997=ADVANCED_FACE('',(#159),#64,.T.);
#1998=ADVANCED_FACE('',(#160),#1940,.T.);
#1999=ADVANCED_FACE('',(#161),#65,.T.);
#2000=ADVANCED_FACE('',(#162),#1941,.T.);
#2001=ADVANCED_FACE('',(#163),#1942,.T.);
#2002=ADVANCED_FACE('',(#164),#66,.T.);
#2003=ADVANCED_FACE('',(#165),#67,.T.);
#2004=ADVANCED_FACE('',(#166),#68,.T.);
#2005=ADVANCED_FACE('',(#167),#69,.T.);
#2006=ADVANCED_FACE('',(#168),#70,.T.);
#2007=ADVANCED_FACE('',(#169),#71,.T.);
#2008=ADVANCED_FACE('',(#170),#1943,.T.);
#2009=ADVANCED_FACE('',(#171),#1944,.T.);
#2010=ADVANCED_FACE('',(#172),#72,.T.);
#2011=ADVANCED_FACE('',(#173),#73,.T.);
#2012=ADVANCED_FACE('',(#174),#74,.T.);
#2013=ADVANCED_FACE('',(#175),#75,.T.);
#2014=ADVANCED_FACE('',(#176),#76,.T.);
#2015=ADVANCED_FACE('',(#177),#77,.T.);
#2016=ADVANCED_FACE('',(#178),#78,.T.);
#2017=ADVANCED_FACE('',(#179),#79,.T.);
#2018=ADVANCED_FACE('',(#180),#80,.T.);
#2019=ADVANCED_FACE('',(#181),#81,.T.);
#2020=ADVANCED_FACE('',(#182),#82,.T.);
#2021=ADVANCED_FACE('',(#183),#83,.T.);
#2022=ADVANCED_FACE('',(#184),#84,.T.);
#2023=ADVANCED_FACE('',(#185),#1945,.F.);
#2024=ADVANCED_FACE('',(#186),#85,.T.);
#2025=ADVANCED_FACE('',(#187),#86,.T.);
#2026=ADVANCED_FACE('',(#188),#87,.T.);
#2027=ADVANCED_FACE('',(#189),#88,.T.);
#2028=ADVANCED_FACE('',(#190),#89,.T.);
#2029=ADVANCED_FACE('',(#191),#90,.T.);
#2030=ADVANCED_FACE('',(#192),#91,.T.);
#2031=ADVANCED_FACE('',(#193),#92,.T.);
#2032=ADVANCED_FACE('',(#194),#93,.T.);
#2033=ADVANCED_FACE('',(#195),#94,.T.);
#2034=ADVANCED_FACE('',(#196),#95,.T.);
#2035=ADVANCED_FACE('',(#197),#96,.T.);
#2036=ADVANCED_FACE('',(#198),#97,.T.);
#2037=ADVANCED_FACE('',(#199),#98,.T.);
#2038=ADVANCED_FACE('',(#200),#99,.T.);
#2039=ADVANCED_FACE('',(#201),#100,.T.);
#2040=ADVANCED_FACE('',(#202),#101,.T.);
#2041=ADVANCED_FACE('',(#203),#102,.T.);
#2042=ADVANCED_FACE('',(#204),#103,.T.);
#2043=ADVANCED_FACE('',(#205),#104,.T.);
#2044=ADVANCED_FACE('',(#206),#105,.T.);
#2045=ADVANCED_FACE('',(#207),#106,.T.);
#2046=ADVANCED_FACE('',(#208),#107,.T.);
#2047=CLOSED_SHELL('',(#1946,#1947,#1948,#1949,#1950,#1951,#1952,#1953,
#1954,#1955,#1956,#1957,#1958,#1959,#1960,#1961,#1962,#1963,#1964,#1965,
#1966,#1967,#1968,#1969,#1970,#1971,#1972,#1973,#1974,#1975,#1976,#1977,
#1978,#1979,#1980,#1981,#1982,#1983,#1984,#1985,#1986,#1987,#1988,#1989,
#1990,#1991,#1992,#1993,#1994,#1995,#1996,#1997,#1998,#1999,#2000,#2001,
#2002,#2003,#2004,#2005,#2006,#2007,#2008,#2009,#2010,#2011,#2012,#2013,
#2014,#2015,#2016,#2017,#2018,#2019,#2020,#2021,#2022,#2023,#2024,#2025,
#2026,#2027,#2028,#2029,#2030,#2031,#2032,#2033,#2034,#2035,#2036,#2037,
#2038,#2039,#2040,#2041,#2042,#2043,#2044,#2045,#2046));
#2048=DERIVED_UNIT_ELEMENT(#2050,1.);
#2049=DERIVED_UNIT_ELEMENT(#3316,-3.);
#2050=(
MASS_UNIT()
NAMED_UNIT(*)
SI_UNIT(.KILO.,.GRAM.)
);
#2051=DERIVED_UNIT((#2048,#2049));
#2052=MEASURE_REPRESENTATION_ITEM('density measure',
POSITIVE_RATIO_MEASURE(7850.),#2051);
#2053=PROPERTY_DEFINITION_REPRESENTATION(#2058,#2055);
#2054=PROPERTY_DEFINITION_REPRESENTATION(#2059,#2056);
#2055=REPRESENTATION('material name',(#2057),#3313);
#2056=REPRESENTATION('density',(#2052),#3313);
#2057=DESCRIPTIVE_REPRESENTATION_ITEM('Steel','Steel');
#2058=PROPERTY_DEFINITION('material property','material name',#3323);
#2059=PROPERTY_DEFINITION('material property','density of part',#3323);
#2060=AXIS2_PLACEMENT_3D('',#2725,#2196,#2197);
#2061=AXIS2_PLACEMENT_3D('',#2726,#2198,#2199);
#2062=AXIS2_PLACEMENT_3D('',#2729,#2200,#2201);
#2063=AXIS2_PLACEMENT_3D('',#2733,#2203,#2204);
#2064=AXIS2_PLACEMENT_3D('',#2735,#2206,#2207);
#2065=AXIS2_PLACEMENT_3D('',#2738,#2208,#2209);
#2066=AXIS2_PLACEMENT_3D('',#2742,#2211,#2212);
#2067=AXIS2_PLACEMENT_3D('',#2744,#2214,#2215);
#2068=AXIS2_PLACEMENT_3D('',#2749,#2219,#2220);
#2069=AXIS2_PLACEMENT_3D('',#2754,#2224,#2225);
#2070=AXIS2_PLACEMENT_3D('',#2764,#2231,#2232);
#2071=AXIS2_PLACEMENT_3D('',#2766,#2233,#2234);
#2072=AXIS2_PLACEMENT_3D('',#2769,#2236,#2237);
#2073=AXIS2_PLACEMENT_3D('',#2770,#2238,#2239);
#2074=AXIS2_PLACEMENT_3D('',#2772,#2240,#2241);
#2075=AXIS2_PLACEMENT_3D('',#2775,#2243,#2244);
#2076=AXIS2_PLACEMENT_3D('',#2776,#2245,#2246);
#2077=AXIS2_PLACEMENT_3D('',#2777,#2247,#2248);
#2078=AXIS2_PLACEMENT_3D('',#2784,#2251,#2252);
#2079=AXIS2_PLACEMENT_3D('',#2788,#2254,#2255);
#2080=AXIS2_PLACEMENT_3D('',#2797,#2260,#2261);
#2081=AXIS2_PLACEMENT_3D('',#2802,#2263,#2264);
#2082=AXIS2_PLACEMENT_3D('',#2838,#2283,#2284);
#2083=AXIS2_PLACEMENT_3D('',#2840,#2285,#2286);
#2084=AXIS2_PLACEMENT_3D('',#2843,#2288,#2289);
#2085=AXIS2_PLACEMENT_3D('',#2844,#2290,#2291);
#2086=AXIS2_PLACEMENT_3D('',#2846,#2292,#2293);
#2087=AXIS2_PLACEMENT_3D('',#2848,#2295,#2296);
#2088=AXIS2_PLACEMENT_3D('',#2849,#2297,#2298);
#2089=AXIS2_PLACEMENT_3D('',#2850,#2299,#2300);
#2090=AXIS2_PLACEMENT_3D('',#2856,#2304,#2305);
#2091=AXIS2_PLACEMENT_3D('',#2860,#2308,#2309);
#2092=AXIS2_PLACEMENT_3D('',#2864,#2312,#2313);
#2093=AXIS2_PLACEMENT_3D('',#2868,#2316,#2317);
#2094=AXIS2_PLACEMENT_3D('',#2872,#2320,#2321);
#2095=AXIS2_PLACEMENT_3D('',#2878,#2325,#2326);
#2096=AXIS2_PLACEMENT_3D('',#2882,#2329,#2330);
#2097=AXIS2_PLACEMENT_3D('',#2886,#2333,#2334);
#2098=AXIS2_PLACEMENT_3D('',#2890,#2337,#2338);
#2099=AXIS2_PLACEMENT_3D('',#2894,#2341,#2342);
#2100=AXIS2_PLACEMENT_3D('',#2900,#2346,#2347);
#2101=AXIS2_PLACEMENT_3D('',#2903,#2348,#2349);
#2102=AXIS2_PLACEMENT_3D('',#2908,#2352,#2353);
#2103=AXIS2_PLACEMENT_3D('',#2910,#2355,#2356);
#2104=AXIS2_PLACEMENT_3D('',#2913,#2359,#2360);
#2105=AXIS2_PLACEMENT_3D('',#2923,#2366,#2367);
#2106=AXIS2_PLACEMENT_3D('',#2924,#2368,#2369);
#2107=AXIS2_PLACEMENT_3D('',#2933,#2374,#2375);
#2108=AXIS2_PLACEMENT_3D('',#2939,#2379,#2380);
#2109=AXIS2_PLACEMENT_3D('',#2947,#2385,#2386);
#2110=AXIS2_PLACEMENT_3D('',#2949,#2387,#2388);
#2111=AXIS2_PLACEMENT_3D('',#2951,#2389,#2390);
#2112=AXIS2_PLACEMENT_3D('',#2953,#2392,#2393);
#2113=AXIS2_PLACEMENT_3D('',#2959,#2397,#2398);
#2114=AXIS2_PLACEMENT_3D('',#2965,#2402,#2403);
#2115=AXIS2_PLACEMENT_3D('',#2971,#2407,#2408);
#2116=AXIS2_PLACEMENT_3D('',#2973,#2409,#2410);
#2117=AXIS2_PLACEMENT_3D('',#2975,#2411,#2412);
#2118=AXIS2_PLACEMENT_3D('',#2977,#2414,#2415);
#2119=AXIS2_PLACEMENT_3D('',#2982,#2419,#2420);
#2120=AXIS2_PLACEMENT_3D('',#2986,#2423,#2424);
#2121=AXIS2_PLACEMENT_3D('',#2987,#2425,#2426);
#2122=AXIS2_PLACEMENT_3D('',#2992,#2430,#2431);
#2123=AXIS2_PLACEMENT_3D('',#2996,#2434,#2435);
#2124=AXIS2_PLACEMENT_3D('',#3010,#2442,#2443);
#2125=AXIS2_PLACEMENT_3D('',#3012,#2444,#2445);
#2126=AXIS2_PLACEMENT_3D('',#3016,#2447,#2448);
#2127=AXIS2_PLACEMENT_3D('',#3070,#2476,#2477);
#2128=AXIS2_PLACEMENT_3D('',#3072,#2479,#2480);
#2129=AXIS2_PLACEMENT_3D('',#3075,#2483,#2484);
#2130=AXIS2_PLACEMENT_3D('',#3076,#2485,#2486);
#2131=AXIS2_PLACEMENT_3D('',#3082,#2490,#2491);
#2132=AXIS2_PLACEMENT_3D('',#3086,#2494,#2495);
#2133=AXIS2_PLACEMENT_3D('',#3098,#2502,#2503);
#2134=AXIS2_PLACEMENT_3D('',#3102,#2506,#2507);
#2135=AXIS2_PLACEMENT_3D('',#3104,#2509,#2510);
#2136=AXIS2_PLACEMENT_3D('',#3108,#2513,#2514);
#2137=AXIS2_PLACEMENT_3D('',#3114,#2518,#2519);
#2138=AXIS2_PLACEMENT_3D('',#3118,#2522,#2523);
#2139=AXIS2_PLACEMENT_3D('',#3121,#2525,#2526);
#2140=AXIS2_PLACEMENT_3D('',#3122,#2527,#2528);
#2141=AXIS2_PLACEMENT_3D('',#3126,#2531,#2532);
#2142=AXIS2_PLACEMENT_3D('',#3127,#2533,#2534);
#2143=AXIS2_PLACEMENT_3D('',#3128,#2535,#2536);
#2144=AXIS2_PLACEMENT_3D('',#3131,#2538,#2539);
#2145=AXIS2_PLACEMENT_3D('',#3132,#2540,#2541);
#2146=AXIS2_PLACEMENT_3D('',#3136,#2544,#2545);
#2147=AXIS2_PLACEMENT_3D('',#3140,#2548,#2549);
#2148=AXIS2_PLACEMENT_3D('',#3144,#2552,#2553);
#2149=AXIS2_PLACEMENT_3D('',#3148,#2556,#2557);
#2150=AXIS2_PLACEMENT_3D('',#3152,#2560,#2561);
#2151=AXIS2_PLACEMENT_3D('',#3162,#2567,#2568);
#2152=AXIS2_PLACEMENT_3D('',#3164,#2569,#2570);
#2153=AXIS2_PLACEMENT_3D('',#3167,#2572,#2573);
#2154=AXIS2_PLACEMENT_3D('',#3168,#2574,#2575);
#2155=AXIS2_PLACEMENT_3D('',#3169,#2576,#2577);
#2156=AXIS2_PLACEMENT_3D('',#3171,#2578,#2579);
#2157=AXIS2_PLACEMENT_3D('',#3173,#2581,#2582);
#2158=AXIS2_PLACEMENT_3D('',#3177,#2585,#2586);
#2159=AXIS2_PLACEMENT_3D('',#3181,#2589,#2590);
#2160=AXIS2_PLACEMENT_3D('',#3183,#2592,#2593);
#2161=AXIS2_PLACEMENT_3D('',#3201,#2603,#2604);
#2162=AXIS2_PLACEMENT_3D('',#3205,#2607,#2608);
#2163=AXIS2_PLACEMENT_3D('',#3207,#2610,#2611);
#2164=AXIS2_PLACEMENT_3D('',#3209,#2613,#2614);
#2165=AXIS2_PLACEMENT_3D('',#3211,#2616,#2617);
#2166=AXIS2_PLACEMENT_3D('',#3213,#2619,#2620);
#2167=AXIS2_PLACEMENT_3D('',#3214,#2621,#2622);
#2168=AXIS2_PLACEMENT_3D('',#3216,#2624,#2625);
#2169=AXIS2_PLACEMENT_3D('',#3217,#2626,#2627);
#2170=AXIS2_PLACEMENT_3D('',#3221,#2630,#2631);
#2171=AXIS2_PLACEMENT_3D('',#3225,#2634,#2635);
#2172=AXIS2_PLACEMENT_3D('',#3228,#2637,#2638);
#2173=AXIS2_PLACEMENT_3D('',#3229,#2639,#2640);
#2174=AXIS2_PLACEMENT_3D('',#3233,#2643,#2644);
#2175=AXIS2_PLACEMENT_3D('',#3235,#2646,#2647);
#2176=AXIS2_PLACEMENT_3D('',#3273,#2667,#2668);
#2177=AXIS2_PLACEMENT_3D('',#3275,#2670,#2671);
#2178=AXIS2_PLACEMENT_3D('',#3277,#2673,#2674);
#2179=AXIS2_PLACEMENT_3D('',#3279,#2676,#2677);
#2180=AXIS2_PLACEMENT_3D('',#3281,#2679,#2680);
#2181=AXIS2_PLACEMENT_3D('',#3283,#2682,#2683);
#2182=AXIS2_PLACEMENT_3D('',#3285,#2685,#2686);
#2183=AXIS2_PLACEMENT_3D('',#3287,#2688,#2689);
#2184=AXIS2_PLACEMENT_3D('',#3289,#2691,#2692);
#2185=AXIS2_PLACEMENT_3D('',#3291,#2694,#2695);
#2186=AXIS2_PLACEMENT_3D('',#3293,#2697,#2698);
#2187=AXIS2_PLACEMENT_3D('',#3295,#2700,#2701);
#2188=AXIS2_PLACEMENT_3D('',#3297,#2703,#2704);
#2189=AXIS2_PLACEMENT_3D('',#3299,#2706,#2707);
#2190=AXIS2_PLACEMENT_3D('',#3301,#2709,#2710);
#2191=AXIS2_PLACEMENT_3D('',#3303,#2712,#2713);
#2192=AXIS2_PLACEMENT_3D('',#3305,#2715,#2716);
#2193=AXIS2_PLACEMENT_3D('',#3307,#2718,#2719);
#2194=AXIS2_PLACEMENT_3D('',#3309,#2721,#2722);
#2195=AXIS2_PLACEMENT_3D('',#3310,#2723,#2724);
#2196=DIRECTION('axis',(0.,0.,1.));
#2197=DIRECTION('refdir',(1.,0.,0.));
#2198=DIRECTION('center_axis',(0.,0.,1.));
#2199=DIRECTION('ref_axis',(-0.70710678118655,0.707106781186545,0.));
#2200=DIRECTION('center_axis',(0.,0.,1.));
#2201=DIRECTION('ref_axis',(0.789352217376326,0.61394061351492,0.));
#2202=DIRECTION('',(0.,0.,-1.));
#2203=DIRECTION('center_axis',(0.,0.,-1.));
#2204=DIRECTION('ref_axis',(0.789352217376326,0.61394061351492,0.));
#2205=DIRECTION('',(0.,0.,1.));
#2206=DIRECTION('center_axis',(0.,0.,1.));
#2207=DIRECTION('ref_axis',(-0.66564291077061,0.74627040363452,0.));
#2208=DIRECTION('center_axis',(0.,0.,1.));
#2209=DIRECTION('ref_axis',(0.789352217376326,0.61394061351492,0.));
#2210=DIRECTION('',(0.,0.,-1.));
#2211=DIRECTION('center_axis',(0.,0.,1.));
#2212=DIRECTION('ref_axis',(0.789352217376326,0.61394061351492,0.));
#2213=DIRECTION('',(0.,0.,1.));
#2214=DIRECTION('center_axis',(0.,0.,1.));
#2215=DIRECTION('ref_axis',(-1.,0.,0.));
#2216=DIRECTION('',(-0.707106781186545,-0.70710678118655,0.));
#2217=DIRECTION('',(-0.707106781186545,-0.70710678118655,0.));
#2218=DIRECTION('',(-1.,-2.88344002195042E-15,0.));
#2219=DIRECTION('center_axis',(0.,0.,1.));
#2220=DIRECTION('ref_axis',(-1.,0.,0.));
#2221=DIRECTION('',(1.,2.88344002195042E-15,0.));
#2222=DIRECTION('',(0.707106781186545,0.70710678118655,0.));
#2223=DIRECTION('',(0.707106781186545,0.70710678118655,0.));
#2224=DIRECTION('center_axis',(-0.70710678118655,0.707106781186545,0.));
#2225=DIRECTION('ref_axis',(-0.707106781186545,-0.70710678118655,0.));
#2226=DIRECTION('',(0.,0.,1.));
#2227=DIRECTION('',(-0.707106781186545,-0.70710678118655,0.));
#2228=DIRECTION('',(0.,0.,1.));
#2229=DIRECTION('',(-0.707106781186545,-0.70710678118655,0.));
#2230=DIRECTION('',(0.,0.,1.));
#2231=DIRECTION('center_axis',(0.,0.,-1.));
#2232=DIRECTION('ref_axis',(1.,0.,0.));
#2233=DIRECTION('center_axis',(0.,0.,1.));
#2234=DIRECTION('ref_axis',(1.,0.,0.));
#2235=DIRECTION('',(0.,0.,1.));
#2236=DIRECTION('center_axis',(0.,0.,-1.));
#2237=DIRECTION('ref_axis',(1.,0.,0.));
#2238=DIRECTION('center_axis',(0.,0.,-1.));
#2239=DIRECTION('ref_axis',(1.,0.,0.));
#2240=DIRECTION('center_axis',(0.,0.,-1.));
#2241=DIRECTION('ref_axis',(1.,0.,0.));
#2242=DIRECTION('',(0.,0.,1.));
#2243=DIRECTION('center_axis',(0.,0.,1.));
#2244=DIRECTION('ref_axis',(1.,0.,0.));
#2245=DIRECTION('center_axis',(0.,0.,-1.));
#2246=DIRECTION('ref_axis',(1.,0.,0.));
#2247=DIRECTION('center_axis',(0.,0.,1.));
#2248=DIRECTION('ref_axis',(-1.,0.,0.));
#2249=DIRECTION('',(-1.,0.,0.));
#2250=DIRECTION('',(0.,1.,0.));
#2251=DIRECTION('center_axis',(0.,0.,1.));
#2252=DIRECTION('ref_axis',(0.,-1.,0.));
#2253=DIRECTION('',(-1.,0.,0.));
#2254=DIRECTION('center_axis',(0.,0.,1.));
#2255=DIRECTION('ref_axis',(0.,-1.,0.));
#2256=DIRECTION('',(1.,-1.8897413185109E-16,0.));
#2257=DIRECTION('',(-3.13474736364751E-15,1.,0.));
#2258=DIRECTION('',(-1.,0.,0.));
#2259=DIRECTION('',(-2.27738056333367E-15,1.,0.));
#2260=DIRECTION('center_axis',(0.,0.,1.));
#2261=DIRECTION('ref_axis',(1.,0.,0.));
#2262=DIRECTION('',(1.,-1.88401482966693E-15,0.));
#2263=DIRECTION('center_axis',(0.,0.,1.));
#2264=DIRECTION('ref_axis',(-9.65411325761004E-16,-1.,0.));
#2265=DIRECTION('',(-1.,2.982237911375E-15,0.));
#2266=DIRECTION('',(-0.707106781186548,-0.707106781186547,0.));
#2267=DIRECTION('',(0.,1.,0.));
#2268=DIRECTION('',(-1.,0.,0.));
#2269=DIRECTION('',(-0.740535388875147,-0.672017364227692,0.));
#2270=DIRECTION('',(-1.,1.48029736616688E-16,0.));
#2271=DIRECTION('',(-0.740079786679975,0.67251907731136,0.));
#2272=DIRECTION('',(-1.,0.,0.));
#2273=DIRECTION('',(0.508831709048763,0.860866012725857,0.));
#2274=DIRECTION('',(1.,0.,0.));
#2275=DIRECTION('',(0.494625672577484,-0.869106117817192,0.));
#2276=DIRECTION('',(-1.,0.,0.));
#2277=DIRECTION('',(-0.707106781186547,-0.707106781186548,0.));
#2278=DIRECTION('',(2.24250094978738E-15,-1.,0.));
#2279=DIRECTION('',(1.,-1.88401482966693E-15,0.));
#2280=DIRECTION('',(0.554700196225228,0.832050294337844,0.));
#2281=DIRECTION('',(1.,-1.77635681293047E-15,0.));
#2282=DIRECTION('',(0.554700196225229,-0.832050294337844,0.));
#2283=DIRECTION('center_axis',(0.,0.,-1.));
#2284=DIRECTION('ref_axis',(1.,0.,0.));
#2285=DIRECTION('center_axis',(0.,0.,1.));
#2286=DIRECTION('ref_axis',(1.,0.,0.));
#2287=DIRECTION('',(0.,0.,1.));
#2288=DIRECTION('center_axis',(0.,0.,-1.));
#2289=DIRECTION('ref_axis',(1.,0.,0.));
#2290=DIRECTION('center_axis',(0.,0.,-1.));
#2291=DIRECTION('ref_axis',(1.,0.,0.));
#2292=DIRECTION('center_axis',(0.,0.,-1.));
#2293=DIRECTION('ref_axis',(1.,0.,0.));
#2294=DIRECTION('',(0.,0.,1.));
#2295=DIRECTION('center_axis',(0.,0.,-1.));
#2296=DIRECTION('ref_axis',(1.,0.,0.));
#2297=DIRECTION('center_axis',(0.,0.,1.));
#2298=DIRECTION('ref_axis',(-1.,0.,0.));
#2299=DIRECTION('center_axis',(-0.860866012725857,0.508831709048763,0.));
#2300=DIRECTION('ref_axis',(-0.508831709048763,-0.860866012725857,0.));
#2301=DIRECTION('',(0.,0.,-1.));
#2302=DIRECTION('',(-0.508831709048763,-0.860866012725857,0.));
#2303=DIRECTION('',(0.,0.,1.));
#2304=DIRECTION('center_axis',(0.,1.,0.));
#2305=DIRECTION('ref_axis',(-1.,0.,0.));
#2306=DIRECTION('',(-1.,0.,0.));
#2307=DIRECTION('',(0.,0.,1.));
#2308=DIRECTION('center_axis',(0.869106117817192,0.494625672577484,0.));
#2309=DIRECTION('ref_axis',(-0.494625672577484,0.869106117817192,0.));
#2310=DIRECTION('',(-0.494625672577484,0.869106117817192,0.));
#2311=DIRECTION('',(0.,0.,1.));
#2312=DIRECTION('center_axis',(0.,1.,0.));
#2313=DIRECTION('ref_axis',(-1.,0.,0.));
#2314=DIRECTION('',(-1.,0.,0.));
#2315=DIRECTION('',(0.,0.,1.));
#2316=DIRECTION('center_axis',(0.,1.,0.));
#2317=DIRECTION('ref_axis',(-1.,0.,0.));
#2318=DIRECTION('',(0.,0.,1.));
#2319=DIRECTION('',(-1.,0.,0.));
#2320=DIRECTION('center_axis',(-1.77635681293047E-15,-1.,0.));
#2321=DIRECTION('ref_axis',(1.,-1.77635681293047E-15,0.));
#2322=DIRECTION('',(0.,0.,1.));
#2323=DIRECTION('',(1.,-1.77635681293047E-15,0.));
#2324=DIRECTION('',(0.,0.,1.));
#2325=DIRECTION('center_axis',(-0.832050294337844,-0.554700196225229,0.));
#2326=DIRECTION('ref_axis',(0.554700196225229,-0.832050294337844,0.));
#2327=DIRECTION('',(0.554700196225229,-0.832050294337844,0.));
#2328=DIRECTION('',(0.,0.,1.));
#2329=DIRECTION('center_axis',(0.832050294337844,-0.554700196225228,0.));
#2330=DIRECTION('ref_axis',(0.554700196225228,0.832050294337844,0.));
#2331=DIRECTION('',(0.,0.,-1.));
#2332=DIRECTION('',(0.554700196225228,0.832050294337844,0.));
#2333=DIRECTION('center_axis',(-1.88401482966693E-15,-1.,0.));
#2334=DIRECTION('ref_axis',(1.,-1.88401482966693E-15,0.));
#2335=DIRECTION('',(1.,-1.88401482966693E-15,0.));
#2336=DIRECTION('',(0.,0.,-1.));
#2337=DIRECTION('center_axis',(-1.88401482966693E-15,-1.,0.));
#2338=DIRECTION('ref_axis',(1.,-1.88401482966693E-15,0.));
#2339=DIRECTION('',(0.,0.,1.));
#2340=DIRECTION('',(1.,-1.88401482966693E-15,0.));
#2341=DIRECTION('center_axis',(0.,1.,0.));
#2342=DIRECTION('ref_axis',(0.,0.,-1.));
#2343=DIRECTION('',(0.,0.,1.));
#2344=DIRECTION('',(-1.,0.,0.));
#2345=DIRECTION('',(0.,0.,-1.));
#2346=DIRECTION('center_axis',(0.,0.,-1.));
#2347=DIRECTION('ref_axis',(0.,-1.,0.));
#2348=DIRECTION('center_axis',(0.,0.,-1.));
#2349=DIRECTION('ref_axis',(0.,-1.,0.));
#2350=DIRECTION('',(0.,-1.,0.));
#2351=DIRECTION('',(-2.27738056333367E-15,1.,0.));
#2352=DIRECTION('center_axis',(0.,0.,1.));
#2353=DIRECTION('ref_axis',(0.,-1.,0.));
#2354=DIRECTION('',(-1.,0.,0.));
#2355=DIRECTION('center_axis',(0.,-1.,0.));
#2356=DIRECTION('ref_axis',(0.,0.,1.));
#2357=DIRECTION('',(0.,0.,1.));
#2358=DIRECTION('',(0.,0.,-1.));
#2359=DIRECTION('center_axis',(1.,0.,0.));
#2360=DIRECTION('ref_axis',(0.,-1.,0.));
#2361=DIRECTION('',(0.,0.,1.));
#2362=DIRECTION('',(0.,1.,0.));
#2363=DIRECTION('',(0.,0.,-1.));
#2364=DIRECTION('',(-2.1662888285369E-15,1.,0.));
#2365=DIRECTION('',(0.,0.,1.));
#2366=DIRECTION('center_axis',(0.,0.,1.));
#2367=DIRECTION('ref_axis',(-1.,0.,0.));
#2368=DIRECTION('center_axis',(-1.,0.,0.));
#2369=DIRECTION('ref_axis',(0.,1.,0.));
#2370=DIRECTION('',(-3.13474736364751E-15,1.,0.));
#2371=DIRECTION('',(0.,0.,-1.));
#2372=DIRECTION('',(0.,1.,0.));
#2373=DIRECTION('',(0.,0.,-1.));
#2374=DIRECTION('center_axis',(1.29733926473052E-15,1.,0.));
#2375=DIRECTION('ref_axis',(1.,-1.29733926473052E-15,0.));
#2376=DIRECTION('',(-1.,0.,0.));
#2377=DIRECTION('',(0.,0.,-1.));
#2378=DIRECTION('',(1.,-1.29733926473052E-15,0.));
#2379=DIRECTION('center_axis',(3.38712109207671E-15,-1.,0.));
#2380=DIRECTION('ref_axis',(-1.,-3.38712109207671E-15,0.));
#2381=DIRECTION('',(1.,3.38712109207671E-15,0.));
#2382=DIRECTION('',(0.,0.,1.));
#2383=DIRECTION('',(-1.,-3.38712109207671E-15,0.));
#2384=DIRECTION('',(0.,0.,-1.));
#2385=DIRECTION('center_axis',(0.,0.,-1.));
#2386=DIRECTION('ref_axis',(4.22942104619107E-15,-1.,0.));
#2387=DIRECTION('center_axis',(0.,0.,1.));
#2388=DIRECTION('ref_axis',(4.22942104619107E-15,-1.,0.));
#2389=DIRECTION('center_axis',(0.,0.,-1.));
#2390=DIRECTION('ref_axis',(4.22942104619107E-15,-1.,0.));
#2391=DIRECTION('',(0.,0.,-1.));
#2392=DIRECTION('center_axis',(1.,0.,0.));
#2393=DIRECTION('ref_axis',(0.,-1.,0.));
#2394=DIRECTION('',(0.,1.,0.));
#2395=DIRECTION('',(0.,-1.,0.));
#2396=DIRECTION('',(0.,0.,-1.));
#2397=DIRECTION('center_axis',(0.707106781186547,-0.707106781186548,0.));
#2398=DIRECTION('ref_axis',(-0.707106781186548,-0.707106781186547,0.));
#2399=DIRECTION('',(-0.707106781186548,-0.707106781186547,0.));
#2400=DIRECTION('',(-0.707106781186548,-0.707106781186547,0.));
#2401=DIRECTION('',(0.,0.,-1.));
#2402=DIRECTION('center_axis',(-2.982237911375E-15,-1.,0.));
#2403=DIRECTION('ref_axis',(-1.,2.982237911375E-15,0.));
#2404=DIRECTION('',(-1.,2.982237911375E-15,0.));
#2405=DIRECTION('',(-1.,2.982237911375E-15,0.));
#2406=DIRECTION('',(0.,0.,-1.));
#2407=DIRECTION('center_axis',(0.,0.,-1.));
#2408=DIRECTION('ref_axis',(-9.65411325761004E-16,-1.,0.));
#2409=DIRECTION('center_axis',(0.,0.,1.));
#2410=DIRECTION('ref_axis',(-9.65411325761004E-16,-1.,0.));
#2411=DIRECTION('center_axis',(0.,0.,-1.));
#2412=DIRECTION('ref_axis',(-9.65411325761004E-16,-1.,0.));
#2413=DIRECTION('',(0.,0.,-1.));
#2414=DIRECTION('center_axis',(1.,-1.32563943238823E-15,0.));
#2415=DIRECTION('ref_axis',(-1.32563943238823E-15,-1.,0.));
#2416=DIRECTION('',(-1.32563943238823E-15,-1.,0.));
#2417=DIRECTION('',(-1.32563943238823E-15,-1.,0.));
#2418=DIRECTION('',(0.,0.,-1.));
#2419=DIRECTION('center_axis',(0.,0.,1.));
#2420=DIRECTION('ref_axis',(-1.,0.,0.));
#2421=DIRECTION('',(1.,-1.29733926473052E-15,0.));
#2422=DIRECTION('',(-3.13474736364751E-15,1.,0.));
#2423=DIRECTION('center_axis',(0.,0.,1.));
#2424=DIRECTION('ref_axis',(-1.,0.,0.));
#2425=DIRECTION('center_axis',(1.,3.13474736364751E-15,0.));
#2426=DIRECTION('ref_axis',(-3.13474736364751E-15,1.,0.));
#2427=DIRECTION('',(0.,0.,-1.));
#2428=DIRECTION('',(0.,0.,1.));
#2429=DIRECTION('',(-3.13474736364751E-15,1.,0.));
#2430=DIRECTION('center_axis',(-1.29733926473052E-15,-1.,0.));
#2431=DIRECTION('ref_axis',(1.,-1.29733926473052E-15,0.));
#2432=DIRECTION('',(-1.,0.,0.));
#2433=DIRECTION('',(0.,0.,1.));
#2434=DIRECTION('center_axis',(0.,0.,1.));
#2435=DIRECTION('ref_axis',(1.,0.,0.));
#2436=DIRECTION('',(-0.707992906312484,-0.706219544200812,0.));
#2437=DIRECTION('',(-1.,1.33338065638766E-15,0.));
#2438=DIRECTION('',(-0.706219394784442,0.707993055354568,0.));
#2439=DIRECTION('',(-0.707992906312484,-0.706219544200812,0.));
#2440=DIRECTION('',(-1.,1.33338065638766E-15,0.));
#2441=DIRECTION('',(-0.834992485599489,0.550261346082375,0.));
#2442=DIRECTION('center_axis',(0.,0.,1.));
#2443=DIRECTION('ref_axis',(0.880415057254922,0.474203887540804,0.));
#2444=DIRECTION('center_axis',(0.,0.,1.));
#2445=DIRECTION('ref_axis',(0.,-1.,0.));
#2446=DIRECTION('',(1.,-1.38777878078145E-16,0.));
#2447=DIRECTION('center_axis',(0.,0.,1.));
#2448=DIRECTION('ref_axis',(-0.707106781186545,-0.70710678118655,0.));
#2449=DIRECTION('',(2.96059473233375E-15,-1.,0.));
#2450=DIRECTION('',(0.707106781186547,-0.707106781186548,0.));
#2451=DIRECTION('',(2.96059473233375E-15,-1.,0.));
#2452=DIRECTION('',(-1.,-2.88344002195042E-15,0.));
#2453=DIRECTION('',(-0.707106781195017,0.707106781178078,0.));
#2454=DIRECTION('',(1.32563943238823E-15,1.,0.));
#2455=DIRECTION('',(-1.,1.33338065638766E-15,0.));
#2456=DIRECTION('',(-0.706219394784442,0.707993055354568,0.));
#2457=DIRECTION('',(-0.707992906312484,-0.706219544200812,0.));
#2458=DIRECTION('',(-1.,1.33338065638766E-15,0.));
#2459=DIRECTION('',(-0.706219394784443,0.707993055354567,0.));
#2460=DIRECTION('',(-0.707992906312484,-0.706219544200812,0.));
#2461=DIRECTION('',(-1.,1.33338065638766E-15,0.));
#2462=DIRECTION('',(-0.706219394784442,0.707993055354568,0.));
#2463=DIRECTION('',(-0.707992906312484,-0.706219544200812,0.));
#2464=DIRECTION('',(-1.,1.33338065638766E-15,0.));
#2465=DIRECTION('',(-0.706219394784443,0.707993055354567,0.));
#2466=DIRECTION('',(-0.707992906312484,-0.706219544200812,0.));
#2467=DIRECTION('',(-1.,1.33338065638766E-15,0.));
#2468=DIRECTION('',(-0.706219394784443,0.707993055354567,0.));
#2469=DIRECTION('',(-0.707992906312484,-0.706219544200812,0.));
#2470=DIRECTION('',(-1.,1.33338065638766E-15,0.));
#2471=DIRECTION('',(-0.706219394784443,0.707993055354567,0.));
#2472=DIRECTION('',(-0.707992906312484,-0.706219544200812,0.));
#2473=DIRECTION('',(-1.,1.33338065638766E-15,0.));
#2474=DIRECTION('',(-0.706219394784443,0.707993055354567,0.));
#2475=DIRECTION('',(-1.,1.8897413185109E-16,0.));
#2476=DIRECTION('center_axis',(0.,0.,-1.));
#2477=DIRECTION('ref_axis',(0.,-1.,0.));
#2478=DIRECTION('',(2.27738056333367E-15,-1.,0.));
#2479=DIRECTION('center_axis',(0.,0.,1.));
#2480=DIRECTION('ref_axis',(0.,-1.,0.));
#2481=DIRECTION('',(0.,0.,1.));
#2482=DIRECTION('',(0.,0.,1.));
#2483=DIRECTION('center_axis',(1.8897413185109E-16,1.,0.));
#2484=DIRECTION('ref_axis',(-1.,1.8897413185109E-16,0.));
#2485=DIRECTION('center_axis',(0.707993055354568,0.706219394784442,0.));
#2486=DIRECTION('ref_axis',(-0.706219394784442,0.707993055354568,0.));
#2487=DIRECTION('',(0.,0.,1.));
#2488=DIRECTION('',(-0.706219394784442,0.707993055354568,0.));
#2489=DIRECTION('',(0.,0.,1.));
#2490=DIRECTION('center_axis',(1.33338065638766E-15,1.,0.));
#2491=DIRECTION('ref_axis',(-1.,1.33338065638766E-15,0.));
#2492=DIRECTION('',(0.,0.,1.));
#2493=DIRECTION('',(-1.,1.33338065638766E-15,0.));
#2494=DIRECTION('center_axis',(1.,-1.32563943238823E-15,0.));
#2495=DIRECTION('ref_axis',(1.32563943238823E-15,1.,0.));
#2496=DIRECTION('',(0.,0.,1.));
#2497=DIRECTION('',(1.32563943238823E-15,1.,0.));
#2498=DIRECTION('',(0.,0.,1.));
#2499=DIRECTION('',(-1.32563943238823E-15,-1.,0.));
#2500=DIRECTION('',(0.,0.,1.));
#2501=DIRECTION('',(-1.32563943238823E-15,-1.,0.));
#2502=DIRECTION('center_axis',(0.707106781178078,0.707106781195017,0.));
#2503=DIRECTION('ref_axis',(-0.707106781195017,0.707106781178078,0.));
#2504=DIRECTION('',(0.,0.,1.));
#2505=DIRECTION('',(-0.707106781195017,0.707106781178078,0.));
#2506=DIRECTION('center_axis',(-2.88344002195042E-15,1.,0.));
#2507=DIRECTION('ref_axis',(-1.,-2.88344002195042E-15,0.));
#2508=DIRECTION('',(-1.,-2.88344002195042E-15,0.));
#2509=DIRECTION('center_axis',(-1.,-2.96059473233375E-15,0.));
#2510=DIRECTION('ref_axis',(2.96059473233375E-15,-1.,0.));
#2511=DIRECTION('',(0.,0.,1.));
#2512=DIRECTION('',(2.96059473233375E-15,-1.,0.));
#2513=DIRECTION('center_axis',(-0.707106781186548,-0.707106781186547,0.));
#2514=DIRECTION('ref_axis',(0.707106781186547,-0.707106781186548,0.));
#2515=DIRECTION('',(0.,0.,-1.));
#2516=DIRECTION('',(0.,0.,1.));
#2517=DIRECTION('',(0.707106781186547,-0.707106781186548,0.));
#2518=DIRECTION('center_axis',(-1.,-2.96059473233375E-15,0.));
#2519=DIRECTION('ref_axis',(-2.96059473233375E-15,1.,0.));
#2520=DIRECTION('',(0.,0.,-1.));
#2521=DIRECTION('',(2.96059473233375E-15,-1.,0.));
#2522=DIRECTION('center_axis',(0.,0.,1.));
#2523=DIRECTION('ref_axis',(-0.707106781186545,-0.70710678118655,0.));
#2524=DIRECTION('',(0.,0.,1.));
#2525=DIRECTION('center_axis',(0.,0.,-1.));
#2526=DIRECTION('ref_axis',(-0.707106781186545,-0.70710678118655,0.));
#2527=DIRECTION('center_axis',(-1.38777878078145E-16,-1.,0.));
#2528=DIRECTION('ref_axis',(-1.,1.38777878078145E-16,0.));
#2529=DIRECTION('',(0.,0.,1.));
#2530=DIRECTION('',(1.,-1.38777878078145E-16,0.));
#2531=DIRECTION('center_axis',(0.,0.,-1.));
#2532=DIRECTION('ref_axis',(0.,-1.,0.));
#2533=DIRECTION('center_axis',(0.,0.,1.));
#2534=DIRECTION('ref_axis',(-5.92118946466747E-16,-1.,0.));
#2535=DIRECTION('center_axis',(0.,0.,-1.));
#2536=DIRECTION('ref_axis',(0.880415057254922,0.474203887540804,0.));
#2537=DIRECTION('',(0.,0.,1.));
#2538=DIRECTION('center_axis',(0.,0.,-1.));
#2539=DIRECTION('ref_axis',(0.880415057254922,0.474203887540804,0.));
#2540=DIRECTION('center_axis',(0.550261346082375,0.834992485599489,0.));
#2541=DIRECTION('ref_axis',(-0.834992485599489,0.550261346082375,0.));
#2542=DIRECTION('',(0.,0.,1.));
#2543=DIRECTION('',(-0.834992485599489,0.550261346082375,0.));
#2544=DIRECTION('center_axis',(1.33338065638766E-15,1.,0.));
#2545=DIRECTION('ref_axis',(-1.,1.33338065638766E-15,0.));
#2546=DIRECTION('',(0.,0.,1.));
#2547=DIRECTION('',(-1.,1.33338065638766E-15,0.));
#2548=DIRECTION('center_axis',(-0.706219544200812,0.707992906312484,0.));
#2549=DIRECTION('ref_axis',(-0.707992906312484,-0.706219544200812,0.));
#2550=DIRECTION('',(0.,0.,1.));
#2551=DIRECTION('',(-0.707992906312484,-0.706219544200812,0.));
#2552=DIRECTION('center_axis',(0.707993055354568,0.706219394784442,0.));
#2553=DIRECTION('ref_axis',(-0.706219394784442,0.707993055354568,0.));
#2554=DIRECTION('',(0.,0.,1.));
#2555=DIRECTION('',(-0.706219394784442,0.707993055354568,0.));
#2556=DIRECTION('center_axis',(1.33338065638766E-15,1.,0.));
#2557=DIRECTION('ref_axis',(-1.,1.33338065638766E-15,0.));
#2558=DIRECTION('',(0.,0.,1.));
#2559=DIRECTION('',(-1.,1.33338065638766E-15,0.));
#2560=DIRECTION('center_axis',(3.38712109207671E-15,-1.,0.));
#2561=DIRECTION('ref_axis',(1.,3.38712109207671E-15,0.));
#2562=DIRECTION('',(-1.,-3.38712109207671E-15,0.));
#2563=DIRECTION('',(0.,0.,1.));
#2564=DIRECTION('',(-1.,-3.38712109207671E-15,0.));
#2565=DIRECTION('',(0.,0.,1.));
#2566=DIRECTION('',(1.,3.38712109207671E-15,0.));
#2567=DIRECTION('center_axis',(0.,0.,1.));
#2568=DIRECTION('ref_axis',(4.22942104619107E-15,-1.,0.));
#2569=DIRECTION('center_axis',(0.,0.,-1.));
#2570=DIRECTION('ref_axis',(4.22942104619107E-15,-1.,0.));
#2571=DIRECTION('',(0.,0.,1.));
#2572=DIRECTION('center_axis',(0.,0.,1.));
#2573=DIRECTION('ref_axis',(4.22942104619107E-15,-1.,0.));
#2574=DIRECTION('center_axis',(0.,0.,1.));
#2575=DIRECTION('ref_axis',(-9.65411325761004E-16,-1.,0.));
#2576=DIRECTION('center_axis',(0.,0.,-1.));
#2577=DIRECTION('ref_axis',(-9.65411325761004E-16,-1.,0.));
#2578=DIRECTION('center_axis',(0.,0.,1.));
#2579=DIRECTION('ref_axis',(-9.65411325761004E-16,-1.,0.));
#2580=DIRECTION('',(0.,0.,1.));
#2581=DIRECTION('center_axis',(-2.982237911375E-15,-1.,0.));
#2582=DIRECTION('ref_axis',(1.,-2.982237911375E-15,0.));
#2583=DIRECTION('',(1.,-2.982237911375E-15,0.));
#2584=DIRECTION('',(0.,0.,1.));
#2585=DIRECTION('center_axis',(0.707106781186547,-0.707106781186548,0.));
#2586=DIRECTION('ref_axis',(0.707106781186548,0.707106781186547,0.));
#2587=DIRECTION('',(0.707106781186548,0.707106781186547,0.));
#2588=DIRECTION('',(0.,0.,1.));
#2589=DIRECTION('center_axis',(0.,0.,1.));
#2590=DIRECTION('ref_axis',(-1.,0.,0.));
#2591=DIRECTION('',(0.,1.,0.));
#2592=DIRECTION('center_axis',(0.,0.,1.));
#2593=DIRECTION('ref_axis',(-1.,0.,0.));
#2594=DIRECTION('',(2.24250094978738E-15,-1.,0.));
#2595=DIRECTION('',(-0.707106781186547,-0.707106781186548,0.));
#2596=DIRECTION('',(-0.740079786679975,0.67251907731136,0.));
#2597=DIRECTION('',(-1.,1.48029736616688E-16,0.));
#2598=DIRECTION('',(-0.740535388875147,-0.672017364227692,0.));
#2599=DIRECTION('',(-1.,0.,0.));
#2600=DIRECTION('',(0.,1.,0.));
#2601=DIRECTION('',(-3.13474736364751E-15,1.,0.));
#2602=DIRECTION('',(-1.,1.8897413185109E-16,0.));
#2603=DIRECTION('center_axis',(0.,0.,-1.));
#2604=DIRECTION('ref_axis',(0.,-1.,0.));
#2605=DIRECTION('',(2.27738056333367E-15,-1.,0.));
#2606=DIRECTION('',(1.,-1.29733926473052E-15,0.));
#2607=DIRECTION('center_axis',(1.,0.,0.));
#2608=DIRECTION('ref_axis',(0.,1.,0.));
#2609=DIRECTION('',(0.,0.,1.));
#2610=DIRECTION('center_axis',(0.,1.,0.));
#2611=DIRECTION('ref_axis',(-1.,0.,0.));
#2612=DIRECTION('',(0.,0.,1.));
#2613=DIRECTION('center_axis',(-0.672017364227692,0.740535388875147,0.));
#2614=DIRECTION('ref_axis',(-0.740535388875147,-0.672017364227692,0.));
#2615=DIRECTION('',(0.,0.,1.));
#2616=DIRECTION('center_axis',(1.48029736616688E-16,1.,0.));
#2617=DIRECTION('ref_axis',(-1.,1.48029736616688E-16,0.));
#2618=DIRECTION('',(0.,0.,1.));
#2619=DIRECTION('center_axis',(0.67251907731136,0.740079786679975,0.));
#2620=DIRECTION('ref_axis',(-0.740079786679975,0.67251907731136,0.));
#2621=DIRECTION('center_axis',(-0.707106781186548,0.707106781186547,0.));
#2622=DIRECTION('ref_axis',(-0.707106781186547,-0.707106781186548,0.));
#2623=DIRECTION('',(0.,0.,1.));
#2624=DIRECTION('center_axis',(-1.,-2.24250094978738E-15,0.));
#2625=DIRECTION('ref_axis',(2.24250094978738E-15,-1.,0.));
#2626=DIRECTION('center_axis',(-1.29733926473052E-15,-1.,0.));
#2627=DIRECTION('ref_axis',(1.,-1.29733926473052E-15,0.));
#2628=DIRECTION('',(0.,0.,1.));
#2629=DIRECTION('',(1.,-1.29733926473052E-15,0.));
#2630=DIRECTION('center_axis',(-1.,-2.27738056333367E-15,0.));
#2631=DIRECTION('ref_axis',(2.27738056333367E-15,-1.,0.));
#2632=DIRECTION('',(0.,0.,1.));
#2633=DIRECTION('',(2.27738056333367E-15,-1.,0.));
#2634=DIRECTION('center_axis',(0.,0.,1.));
#2635=DIRECTION('ref_axis',(0.,-1.,0.));
#2636=DIRECTION('',(0.,0.,1.));
#2637=DIRECTION('center_axis',(0.,0.,-1.));
#2638=DIRECTION('ref_axis',(0.,-1.,0.));
#2639=DIRECTION('center_axis',(1.8897413185109E-16,1.,0.));
#2640=DIRECTION('ref_axis',(-1.,1.8897413185109E-16,0.));
#2641=DIRECTION('',(0.,0.,1.));
#2642=DIRECTION('',(-1.,1.8897413185109E-16,0.));
#2643=DIRECTION('center_axis',(1.,3.13474736364751E-15,0.));
#2644=DIRECTION('ref_axis',(-3.13474736364751E-15,1.,0.));
#2645=DIRECTION('',(-3.39597631061813E-15,1.,0.));
#2646=DIRECTION('center_axis',(0.,0.,1.));
#2647=DIRECTION('ref_axis',(-1.,0.,0.));
#2648=DIRECTION('',(-0.707992906312484,-0.706219544200812,0.));
#2649=DIRECTION('',(-0.706219394784443,0.707993055354567,0.));
#2650=DIRECTION('',(-1.,1.33338065638766E-15,0.));
#2651=DIRECTION('',(-0.707992906312484,-0.706219544200812,0.));
#2652=DIRECTION('',(-0.706219394784443,0.707993055354567,0.));
#2653=DIRECTION('',(-1.,1.33338065638766E-15,0.));
#2654=DIRECTION('',(-0.707992906312484,-0.706219544200812,0.));
#2655=DIRECTION('',(-0.706219394784443,0.707993055354567,0.));
#2656=DIRECTION('',(-1.,1.33338065638766E-15,0.));
#2657=DIRECTION('',(-0.707992906312484,-0.706219544200812,0.));
#2658=DIRECTION('',(-0.706219394784443,0.707993055354567,0.));
#2659=DIRECTION('',(-1.,1.33338065638766E-15,0.));
#2660=DIRECTION('',(-0.707992906312484,-0.706219544200812,0.));
#2661=DIRECTION('',(-0.706219394784442,0.707993055354568,0.));
#2662=DIRECTION('',(-1.,1.33338065638766E-15,0.));
#2663=DIRECTION('',(-0.707992906312484,-0.706219544200812,0.));
#2664=DIRECTION('',(-0.706219394784443,0.707993055354567,0.));
#2665=DIRECTION('',(-1.,1.33338065638766E-15,0.));
#2666=DIRECTION('',(-0.707992906312484,-0.706219544200812,0.));
#2667=DIRECTION('center_axis',(-0.706219544200812,0.707992906312484,0.));
#2668=DIRECTION('ref_axis',(-0.707992906312484,-0.706219544200812,0.));
#2669=DIRECTION('',(0.,0.,1.));
#2670=DIRECTION('center_axis',(-0.706219544200812,0.707992906312484,0.));
#2671=DIRECTION('ref_axis',(-0.707992906312484,-0.706219544200812,0.));
#2672=DIRECTION('',(0.,0.,1.));
#2673=DIRECTION('center_axis',(1.33338065638766E-15,1.,0.));
#2674=DIRECTION('ref_axis',(-1.,1.33338065638766E-15,0.));
#2675=DIRECTION('',(0.,0.,1.));
#2676=DIRECTION('center_axis',(0.707993055354567,0.706219394784443,0.));
#2677=DIRECTION('ref_axis',(-0.706219394784443,0.707993055354567,0.));
#2678=DIRECTION('',(0.,0.,1.));
#2679=DIRECTION('center_axis',(-0.706219544200812,0.707992906312484,0.));
#2680=DIRECTION('ref_axis',(-0.707992906312484,-0.706219544200812,0.));
#2681=DIRECTION('',(0.,0.,1.));
#2682=DIRECTION('center_axis',(1.33338065638766E-15,1.,0.));
#2683=DIRECTION('ref_axis',(-1.,1.33338065638766E-15,0.));
#2684=DIRECTION('',(0.,0.,1.));
#2685=DIRECTION('center_axis',(0.707993055354568,0.706219394784442,0.));
#2686=DIRECTION('ref_axis',(-0.706219394784442,0.707993055354568,0.));
#2687=DIRECTION('',(0.,0.,1.));
#2688=DIRECTION('center_axis',(-0.706219544200812,0.707992906312484,0.));
#2689=DIRECTION('ref_axis',(-0.707992906312484,-0.706219544200812,0.));
#2690=DIRECTION('',(0.,0.,1.));
#2691=DIRECTION('center_axis',(1.33338065638766E-15,1.,0.));
#2692=DIRECTION('ref_axis',(-1.,1.33338065638766E-15,0.));
#2693=DIRECTION('',(0.,0.,1.));
#2694=DIRECTION('center_axis',(0.707993055354567,0.706219394784443,0.));
#2695=DIRECTION('ref_axis',(-0.706219394784443,0.707993055354567,0.));
#2696=DIRECTION('',(0.,0.,1.));
#2697=DIRECTION('center_axis',(-0.706219544200812,0.707992906312484,0.));
#2698=DIRECTION('ref_axis',(-0.707992906312484,-0.706219544200812,0.));
#2699=DIRECTION('',(0.,0.,1.));
#2700=DIRECTION('center_axis',(1.33338065638766E-15,1.,0.));
#2701=DIRECTION('ref_axis',(-1.,1.33338065638766E-15,0.));
#2702=DIRECTION('',(0.,0.,1.));
#2703=DIRECTION('center_axis',(0.707993055354567,0.706219394784443,0.));
#2704=DIRECTION('ref_axis',(-0.706219394784443,0.707993055354567,0.));
#2705=DIRECTION('',(0.,0.,1.));
#2706=DIRECTION('center_axis',(-0.706219544200812,0.707992906312484,0.));
#2707=DIRECTION('ref_axis',(-0.707992906312484,-0.706219544200812,0.));
#2708=DIRECTION('',(0.,0.,1.));
#2709=DIRECTION('center_axis',(1.33338065638766E-15,1.,0.));
#2710=DIRECTION('ref_axis',(-1.,1.33338065638766E-15,0.));
#2711=DIRECTION('',(0.,0.,1.));
#2712=DIRECTION('center_axis',(0.707993055354567,0.706219394784443,0.));
#2713=DIRECTION('ref_axis',(-0.706219394784443,0.707993055354567,0.));
#2714=DIRECTION('',(0.,0.,1.));
#2715=DIRECTION('center_axis',(-0.706219544200812,0.707992906312484,0.));
#2716=DIRECTION('ref_axis',(-0.707992906312484,-0.706219544200812,0.));
#2717=DIRECTION('',(0.,0.,1.));
#2718=DIRECTION('center_axis',(1.33338065638766E-15,1.,0.));
#2719=DIRECTION('ref_axis',(-1.,1.33338065638766E-15,0.));
#2720=DIRECTION('',(0.,0.,1.));
#2721=DIRECTION('center_axis',(0.707993055354567,0.706219394784443,0.));
#2722=DIRECTION('ref_axis',(-0.706219394784443,0.707993055354567,0.));
#2723=DIRECTION('center_axis',(-1.,-2.27738056333367E-15,0.));
#2724=DIRECTION('ref_axis',(2.27738056333367E-15,-1.,0.));
#2725=CARTESIAN_POINT('',(0.,0.,0.));
#2726=CARTESIAN_POINT('Origin',(-56.5000008419156,29.5000004395843,8.));
#2727=CARTESIAN_POINT('',(-52.7188210249977,33.766460349241,8.));
#2728=CARTESIAN_POINT('',(-60.7664607515723,25.7188206226664,8.));
#2729=CARTESIAN_POINT('Origin',(-56.5000008419156,29.5000004395843,8.));
#2730=CARTESIAN_POINT('',(-52.7188210249977,33.766460349241,9.5));
#2731=CARTESIAN_POINT('',(-52.7188210249977,33.766460349241,8.));
#2732=CARTESIAN_POINT('',(-60.7664607515723,25.7188206226664,9.5));
#2733=CARTESIAN_POINT('Origin',(-56.5000008419156,29.5000004395843,9.5));
#2734=CARTESIAN_POINT('',(-60.7664607515724,25.7188206226664,8.));
#2735=CARTESIAN_POINT('Origin',(-56.5000008419156,29.5000004395843,8.));
#2736=CARTESIAN_POINT('',(-51.0815143297637,34.2426406871193,8.));
#2737=CARTESIAN_POINT('',(-61.8286454211039,24.6566359531348,8.));
#2738=CARTESIAN_POINT('Origin',(-56.5000008419156,29.5000004395843,8.));
#2739=CARTESIAN_POINT('',(-61.8286454211039,24.6566359531348,9.5));
#2740=CARTESIAN_POINT('',(-61.8286454211039,24.6566359531348,8.));
#2741=CARTESIAN_POINT('',(-51.0815143297637,34.2426406871193,9.5));
#2742=CARTESIAN_POINT('Origin',(-56.5000008419156,29.5000004395843,9.5));
#2743=CARTESIAN_POINT('',(-51.0815143297637,34.2426406871193,8.));
#2744=CARTESIAN_POINT('Origin',(-57.3911961910623,30.6787568015822,9.5));
#2745=CARTESIAN_POINT('',(-54.4207505344894,32.0645308397493,9.5));
#2746=CARTESIAN_POINT('',(-52.2426406871195,34.2426406871193,9.5));
#2747=CARTESIAN_POINT('',(-54.4207505344894,32.0645308397493,9.5));
#2748=CARTESIAN_POINT('',(-30.1747295830358,34.2426406871194,9.5));
#2749=CARTESIAN_POINT('Origin',(-57.3911961910623,30.6787568015822,8.));
#2750=CARTESIAN_POINT('',(-52.2426406871195,34.2426406871193,8.));
#2751=CARTESIAN_POINT('',(-30.1747295830358,34.2426406871194,8.));
#2752=CARTESIAN_POINT('',(-54.4207505344894,32.0645308397493,8.));
#2753=CARTESIAN_POINT('',(-54.4207505344894,32.0645308397493,8.));
#2754=CARTESIAN_POINT('Origin',(-52.2426406871195,34.2426406871193,10.));
#2755=CARTESIAN_POINT('',(-52.2426406871195,34.2426406871193,6.));
#2756=CARTESIAN_POINT('',(-52.2426406871195,34.2426406871193,10.));
#2757=CARTESIAN_POINT('',(-62.2426406871194,24.2426406871193,6.));
#2758=CARTESIAN_POINT('',(-48.1176406871195,38.3676406871193,6.));
#2759=CARTESIAN_POINT('',(-62.2426406871194,24.2426406871193,15.));
#2760=CARTESIAN_POINT('',(-62.2426406871194,24.2426406871193,10.));
#2761=CARTESIAN_POINT('',(-52.2426406871195,34.2426406871193,15.));
#2762=CARTESIAN_POINT('',(-62.2426406871194,24.2426406871193,15.));
#2763=CARTESIAN_POINT('',(-52.2426406871195,34.2426406871193,10.));
#2764=CARTESIAN_POINT('Origin',(14.72,18.53,10.));
#2765=CARTESIAN_POINT('',(13.12,18.53,4.));
#2766=CARTESIAN_POINT('Origin',(14.72,18.53,4.));
#2767=CARTESIAN_POINT('',(13.12,18.53,10.));
#2768=CARTESIAN_POINT('',(13.12,18.53,10.));
#2769=CARTESIAN_POINT('Origin',(14.72,18.53,10.));
#2770=CARTESIAN_POINT('Origin',(14.72,18.53,10.));
#2771=CARTESIAN_POINT('',(11.72,18.53,4.));
#2772=CARTESIAN_POINT('Origin',(14.72,18.53,4.));
#2773=CARTESIAN_POINT('',(11.72,18.53,10.));
#2774=CARTESIAN_POINT('',(11.72,18.53,10.));
#2775=CARTESIAN_POINT('Origin',(14.72,18.53,10.));
#2776=CARTESIAN_POINT('Origin',(14.72,18.53,4.));
#2777=CARTESIAN_POINT('Origin',(-5.62132034355967,4.12132034355971,10.));
#2778=CARTESIAN_POINT('',(53.,25.8999999999998,10.));
#2779=CARTESIAN_POINT('',(51.,25.8999999999998,10.));
#2780=CARTESIAN_POINT('',(53.,25.8999999999998,10.));
#2781=CARTESIAN_POINT('',(53.,-12.9999999999999,10.));
#2782=CARTESIAN_POINT('',(53.,1.04999999999991,10.));
#2783=CARTESIAN_POINT('',(45.6544104933039,-25.9,10.));
#2784=CARTESIAN_POINT('Origin',(38.,-12.9999999999999,10.));
#2785=CARTESIAN_POINT('',(39.6093476939431,-25.9,10.));
#2786=CARTESIAN_POINT('',(53.,-25.9,10.));
#2787=CARTESIAN_POINT('',(38.,-26.,10.));
#2788=CARTESIAN_POINT('Origin',(38.,-12.9999999999999,10.));
#2789=CARTESIAN_POINT('',(-56.,-26.,10.));
#2790=CARTESIAN_POINT('',(16.1893398282202,-26.,10.));
#2791=CARTESIAN_POINT('',(-56.0000000000001,26.,10.));
#2792=CARTESIAN_POINT('',(-56.0000000000001,7.99999999999995,10.));
#2793=CARTESIAN_POINT('',(51.,25.9999999999998,10.));
#2794=CARTESIAN_POINT('',(-38.0000000000001,26.,10.));
#2795=CARTESIAN_POINT('',(51.,15.0606601717798,10.));
#2796=CARTESIAN_POINT('',(11.72,-18.49,10.));
#2797=CARTESIAN_POINT('Origin',(14.72,-18.49,10.));
#2798=CARTESIAN_POINT('',(-0.0231922635989829,23.9999999999999,10.));
#2799=CARTESIAN_POINT('',(3.00000004470348,24.0000003576279,10.));
#2800=CARTESIAN_POINT('',(49.,23.9999999999998,10.));
#2801=CARTESIAN_POINT('',(-2.25826297493736,22.2426406871193,10.));
#2802=CARTESIAN_POINT('Origin',(-2.25826297493736,24.5426406871193,10.));
#2803=CARTESIAN_POINT('',(-42.4643398282201,22.2426406871194,10.));
#2804=CARTESIAN_POINT('',(-2.25826297493736,22.2426406871193,10.));
#2805=CARTESIAN_POINT('',(-50.,14.7069805153396,10.));
#2806=CARTESIAN_POINT('',(-42.4643398282201,22.2426406871194,10.));
#2807=CARTESIAN_POINT('',(-50.,-24.,10.));
#2808=CARTESIAN_POINT('',(-50.,-24.,10.));
#2809=CARTESIAN_POINT('',(-39.9176284046407,-24.,10.));
#2810=CARTESIAN_POINT('',(-39.9176284046407,-24.,10.));
#2811=CARTESIAN_POINT('',(-30.,-15.,10.));
#2812=CARTESIAN_POINT('',(-39.9176284046407,-24.,10.));
#2813=CARTESIAN_POINT('',(-15.,-15.,10.));
#2814=CARTESIAN_POINT('',(-30.,-15.,10.));
#2815=CARTESIAN_POINT('',(-5.52878620363859,-23.6066017177982,10.));
#2816=CARTESIAN_POINT('',(-15.,-15.,10.));
#2817=CARTESIAN_POINT('',(4.91289985384509,-23.6066017177982,10.));
#2818=CARTESIAN_POINT('',(-5.52878620363859,-23.6066017177982,10.));
#2819=CARTESIAN_POINT('',(10.0000001490116,-15.0000002235174,10.));
#2820=CARTESIAN_POINT('',(4.91289985384509,-23.6066017177982,10.));
#2821=CARTESIAN_POINT('',(20.0000002980232,-15.0000002235174,10.));
#2822=CARTESIAN_POINT('',(10.0000001490116,-15.0000002235174,10.));
#2823=CARTESIAN_POINT('',(24.898189328618,-23.6066017177982,10.));
#2824=CARTESIAN_POINT('',(20.0000002980232,-15.0000002235174,10.));
#2825=CARTESIAN_POINT('',(41.0000000000001,-23.6066017177982,10.));
#2826=CARTESIAN_POINT('',(-5.52878620363859,-23.6066017177982,10.));
#2827=CARTESIAN_POINT('',(49.0000000000001,-15.6066017177982,10.));
#2828=CARTESIAN_POINT('',(49.0000000000001,-15.6066017177982,10.));
#2829=CARTESIAN_POINT('',(49.,23.9999999999998,10.));
#2830=CARTESIAN_POINT('',(49.,23.9999999999998,10.));
#2831=CARTESIAN_POINT('',(25.000000372529,24.0000003576279,10.));
#2832=CARTESIAN_POINT('',(49.,23.9999999999998,10.));
#2833=CARTESIAN_POINT('',(19.0000002831221,15.0000002235174,10.));
#2834=CARTESIAN_POINT('',(19.0000002831221,15.0000002235174,10.));
#2835=CARTESIAN_POINT('',(9.00000013411045,15.0000002235174,10.));
#2836=CARTESIAN_POINT('',(9.00000013411045,15.0000002235174,10.));
#2837=CARTESIAN_POINT('',(3.00000004470348,24.0000003576279,10.));
#2838=CARTESIAN_POINT('Origin',(14.72,-18.49,10.));
#2839=CARTESIAN_POINT('',(13.12,-18.49,4.));
#2840=CARTESIAN_POINT('Origin',(14.72,-18.49,4.));
#2841=CARTESIAN_POINT('',(13.12,-18.49,10.));
#2842=CARTESIAN_POINT('',(13.12,-18.49,10.));
#2843=CARTESIAN_POINT('Origin',(14.72,-18.49,10.));
#2844=CARTESIAN_POINT('Origin',(14.72,-18.49,10.));
#2845=CARTESIAN_POINT('',(11.72,-18.49,4.));
#2846=CARTESIAN_POINT('Origin',(14.72,-18.49,4.));
#2847=CARTESIAN_POINT('',(11.72,-18.49,10.));
#2848=CARTESIAN_POINT('Origin',(14.72,-18.49,4.));
#2849=CARTESIAN_POINT('Origin',(-5.62132034355967,4.12132034355971,10.));
#2850=CARTESIAN_POINT('Origin',(10.0000001490116,-15.0000002235174,10.));
#2851=CARTESIAN_POINT('',(4.91289985384509,-23.6066017177982,11.5));
#2852=CARTESIAN_POINT('',(4.91289985384509,-23.6066017177982,10.));
#2853=CARTESIAN_POINT('',(10.0000001490116,-15.0000002235174,11.5));
#2854=CARTESIAN_POINT('',(4.91289985384509,-23.6066017177982,11.5));
#2855=CARTESIAN_POINT('',(10.0000001490116,-15.0000002235174,10.));
#2856=CARTESIAN_POINT('Origin',(20.0000002980232,-15.0000002235174,10.));
#2857=CARTESIAN_POINT('',(20.0000002980232,-15.0000002235174,11.5));
#2858=CARTESIAN_POINT('',(10.0000001490116,-15.0000002235174,11.5));
#2859=CARTESIAN_POINT('',(20.0000002980232,-15.0000002235174,10.));
#2860=CARTESIAN_POINT('Origin',(24.898189328618,-23.6066017177982,10.));
#2861=CARTESIAN_POINT('',(24.898189328618,-23.6066017177982,11.5));
#2862=CARTESIAN_POINT('',(20.0000002980232,-15.0000002235174,11.5));
#2863=CARTESIAN_POINT('',(24.898189328618,-23.6066017177982,10.));
#2864=CARTESIAN_POINT('Origin',(41.0000000000001,-23.6066017177982,10.));
#2865=CARTESIAN_POINT('',(41.0000000000001,-23.6066017177982,11.5));
#2866=CARTESIAN_POINT('',(-5.52878620363859,-23.6066017177982,11.5));
#2867=CARTESIAN_POINT('',(41.0000000000001,-23.6066017177982,10.));
#2868=CARTESIAN_POINT('Origin',(41.0000000000001,-23.6066017177982,10.));
#2869=CARTESIAN_POINT('',(-5.5287862036386,-23.6066017177982,11.5));
#2870=CARTESIAN_POINT('',(-5.52878620363859,-23.6066017177982,10.));
#2871=CARTESIAN_POINT('',(-5.52878620363859,-23.6066017177982,11.5));
#2872=CARTESIAN_POINT('Origin',(9.00000013411045,15.0000002235174,10.));
#2873=CARTESIAN_POINT('',(19.0000002831221,15.0000002235174,11.5));
#2874=CARTESIAN_POINT('',(19.0000002831221,15.0000002235174,10.));
#2875=CARTESIAN_POINT('',(9.00000013411045,15.0000002235174,11.5));
#2876=CARTESIAN_POINT('',(9.00000013411045,15.0000002235174,11.5));
#2877=CARTESIAN_POINT('',(9.00000013411045,15.0000002235174,10.));
#2878=CARTESIAN_POINT('Origin',(3.00000004470348,24.0000003576279,10.));
#2879=CARTESIAN_POINT('',(3.00000004470348,24.0000003576279,11.5));
#2880=CARTESIAN_POINT('',(3.00000004470348,24.0000003576279,11.5));
#2881=CARTESIAN_POINT('',(3.00000028312211,23.9999999999999,10.));
#2882=CARTESIAN_POINT('Origin',(19.0000002831221,15.0000002235174,10.));
#2883=CARTESIAN_POINT('',(25.000000372529,24.0000003576279,11.5));
#2884=CARTESIAN_POINT('',(25.0000001341104,23.9999999999999,10.));
#2885=CARTESIAN_POINT('',(19.0000002831221,15.0000002235174,11.5));
#2886=CARTESIAN_POINT('Origin',(-46.2462112512353,24.,10.));
#2887=CARTESIAN_POINT('',(-0.0231922635989823,23.9999999999999,11.5));
#2888=CARTESIAN_POINT('',(49.,23.9999999999998,11.5));
#2889=CARTESIAN_POINT('',(-0.0231922635989829,23.9999999999999,10.));
#2890=CARTESIAN_POINT('Origin',(-46.2462112512353,24.,10.));
#2891=CARTESIAN_POINT('',(49.,23.9999999999998,11.5));
#2892=CARTESIAN_POINT('',(49.,23.9999999999998,10.));
#2893=CARTESIAN_POINT('',(49.,23.9999999999998,11.5));
#2894=CARTESIAN_POINT('Origin',(53.,25.8999999999998,10.));
#2895=CARTESIAN_POINT('',(51.,25.8999999999998,9.));
#2896=CARTESIAN_POINT('',(51.,25.8999999999998,3.));
#2897=CARTESIAN_POINT('',(53.,25.8999999999998,9.));
#2898=CARTESIAN_POINT('',(53.,25.8999999999998,9.));
#2899=CARTESIAN_POINT('',(53.,25.8999999999998,3.));
#2900=CARTESIAN_POINT('Origin',(53.,25.8999999999998,9.));
#2901=CARTESIAN_POINT('',(53.,-12.9999999999999,9.));
#2902=CARTESIAN_POINT('',(45.6544104933039,-25.9,9.));
#2903=CARTESIAN_POINT('Origin',(38.,-12.9999999999999,9.));
#2904=CARTESIAN_POINT('',(53.,26.9499999999998,9.));
#2905=CARTESIAN_POINT('',(51.0000000000001,-12.9999999999999,9.));
#2906=CARTESIAN_POINT('',(51.,25.9499999999998,9.));
#2907=CARTESIAN_POINT('',(39.6093476939431,-25.9,9.));
#2908=CARTESIAN_POINT('Origin',(38.,-12.9999999999999,9.));
#2909=CARTESIAN_POINT('',(53.,-25.9,9.));
#2910=CARTESIAN_POINT('Origin',(53.,-25.9,9.));
#2911=CARTESIAN_POINT('',(45.6544104933039,-25.9,-4.));
#2912=CARTESIAN_POINT('',(39.6093476939431,-25.9,-4.));
#2913=CARTESIAN_POINT('Origin',(53.,27.9999999999998,-4.));
#2914=CARTESIAN_POINT('',(53.0000000000001,-12.9999999999999,6.));
#2915=CARTESIAN_POINT('',(53.0000000000001,-12.9999999999999,-4.));
#2916=CARTESIAN_POINT('',(53.,26.3841579594763,6.));
#2917=CARTESIAN_POINT('',(53.,15.5606601717798,6.));
#2918=CARTESIAN_POINT('',(53.,26.3841579594763,13.));
#2919=CARTESIAN_POINT('',(53.,26.3841579594763,3.));
#2920=CARTESIAN_POINT('',(53.0000000000001,-12.9999999999999,13.));
#2921=CARTESIAN_POINT('',(53.0000000000001,-12.9999999999999,13.));
#2922=CARTESIAN_POINT('',(53.0000000000001,-12.9999999999999,-4.));
#2923=CARTESIAN_POINT('Origin',(-5.62132034355967,4.12132034355971,10.));
#2924=CARTESIAN_POINT('Origin',(-56.0000000000001,-10.,8.9));
#2925=CARTESIAN_POINT('',(-56.0000000000001,-10.,6.));
#2926=CARTESIAN_POINT('',(-56.0000000000001,26.,6.));
#2927=CARTESIAN_POINT('',(-56.,-11.4393398282202,6.));
#2928=CARTESIAN_POINT('',(-56.0000000000001,26.,5.9));
#2929=CARTESIAN_POINT('',(-56.0000000000001,26.,8.9));
#2930=CARTESIAN_POINT('',(-56.0000000000001,-10.,5.9));
#2931=CARTESIAN_POINT('',(-56.0000000000001,7.99999999999995,5.9));
#2932=CARTESIAN_POINT('',(-56.0000000000001,-10.,8.9));
#2933=CARTESIAN_POINT('Origin',(-56.0000000000001,26.,8.9));
#2934=CARTESIAN_POINT('',(0.0417370250626511,25.9999999999999,6.));
#2935=CARTESIAN_POINT('',(-30.3106601717799,26.,6.));
#2936=CARTESIAN_POINT('',(0.0417370250626536,25.9999999999999,5.9));
#2937=CARTESIAN_POINT('',(0.0417370250626511,25.9999999999999,8.9));
#2938=CARTESIAN_POINT('',(-38.0000000000001,26.,5.9));
#2939=CARTESIAN_POINT('Origin',(-52.1,-10.,8.9));
#2940=CARTESIAN_POINT('',(-56.0000000000001,-10.,8.9));
#2941=CARTESIAN_POINT('',(-52.1,-10.,8.9));
#2942=CARTESIAN_POINT('',(-58.0000000000001,-10.,8.9));
#2943=CARTESIAN_POINT('',(-56.0000000000001,-10.,2.45));
#2944=CARTESIAN_POINT('',(-52.1,-10.,5.9));
#2945=CARTESIAN_POINT('',(-58.0000000000001,-10.,5.9));
#2946=CARTESIAN_POINT('',(-52.1,-10.,8.9));
#2947=CARTESIAN_POINT('Origin',(-52.1,-7.90000000000001,8.9));
#2948=CARTESIAN_POINT('',(-50.,-7.90000000000001,8.9));
#2949=CARTESIAN_POINT('Origin',(-52.1,-7.90000000000001,8.9));
#2950=CARTESIAN_POINT('',(-50.,-7.90000000000001,5.9));
#2951=CARTESIAN_POINT('Origin',(-52.1,-7.90000000000001,5.9));
#2952=CARTESIAN_POINT('',(-50.,-7.90000000000001,8.9));
#2953=CARTESIAN_POINT('Origin',(-50.,14.7069805153396,8.9));
#2954=CARTESIAN_POINT('',(-50.,14.7069805153396,8.9));
#2955=CARTESIAN_POINT('',(-50.,-24.,8.9));
#2956=CARTESIAN_POINT('',(-50.,14.7069805153396,5.9));
#2957=CARTESIAN_POINT('',(-50.,-24.,5.9));
#2958=CARTESIAN_POINT('',(-50.,14.7069805153396,8.9));
#2959=CARTESIAN_POINT('Origin',(-42.4643398282201,22.2426406871194,8.9));
#2960=CARTESIAN_POINT('',(-42.4643398282201,22.2426406871194,8.9));
#2961=CARTESIAN_POINT('',(-42.4643398282201,22.2426406871194,8.9));
#2962=CARTESIAN_POINT('',(-42.4643398282201,22.2426406871194,5.9));
#2963=CARTESIAN_POINT('',(-42.4643398282201,22.2426406871194,5.9));
#2964=CARTESIAN_POINT('',(-42.4643398282201,22.2426406871194,8.9));
#2965=CARTESIAN_POINT('Origin',(-2.25826297493736,22.2426406871193,8.9));
#2966=CARTESIAN_POINT('',(-2.25826297493736,22.2426406871193,8.9));
#2967=CARTESIAN_POINT('',(-2.25826297493736,22.2426406871193,8.9));
#2968=CARTESIAN_POINT('',(-2.25826297493736,22.2426406871193,5.9));
#2969=CARTESIAN_POINT('',(-2.25826297493736,22.2426406871193,5.9));
#2970=CARTESIAN_POINT('',(-2.25826297493736,22.2426406871193,8.9));
#2971=CARTESIAN_POINT('Origin',(-2.25826297493736,24.5426406871193,8.9));
#2972=CARTESIAN_POINT('',(0.0417370250626492,24.5426406871193,8.9));
#2973=CARTESIAN_POINT('Origin',(-2.25826297493736,24.5426406871193,8.9));
#2974=CARTESIAN_POINT('',(0.0417370250626448,24.5426406871193,5.9));
#2975=CARTESIAN_POINT('Origin',(-2.25826297493736,24.5426406871193,5.9));
#2976=CARTESIAN_POINT('',(0.0417370250626492,24.5426406871193,8.9));
#2977=CARTESIAN_POINT('Origin',(0.0417370250626511,25.9999999999999,8.9));
#2978=CARTESIAN_POINT('',(0.0417370250626511,25.9999999999999,8.9));
#2979=CARTESIAN_POINT('',(0.0417370250626581,31.2426406871194,8.9));
#2980=CARTESIAN_POINT('',(0.0417370250626581,31.2426406871194,5.9));
#2981=CARTESIAN_POINT('',(0.0417370250626492,25.9999999999999,2.45));
#2982=CARTESIAN_POINT('Origin',(-27.9791314874687,7.99999999999997,8.9));
#2983=CARTESIAN_POINT('',(-56.0000000000001,26.,8.9));
#2984=CARTESIAN_POINT('',(-32.9895657437344,26.,8.9));
#2985=CARTESIAN_POINT('',(-56.0000000000001,-9.00000000000006,8.9));
#2986=CARTESIAN_POINT('Origin',(-27.9791314874687,7.99999999999997,5.9));
#2987=CARTESIAN_POINT('Origin',(-56.,-26.,-4.));
#2988=CARTESIAN_POINT('',(-56.0000000000001,26.,10.));
#2989=CARTESIAN_POINT('',(-56.,-26.,6.));
#2990=CARTESIAN_POINT('',(-56.,-26.,-4.));
#2991=CARTESIAN_POINT('',(-56.,-11.4393398282202,6.));
#2992=CARTESIAN_POINT('Origin',(-38.0000000000001,26.,-4.));
#2993=CARTESIAN_POINT('',(51.,25.9999999999998,6.));
#2994=CARTESIAN_POINT('',(-30.3106601717799,26.,6.));
#2995=CARTESIAN_POINT('',(51.,25.9999999999998,-4.));
#2996=CARTESIAN_POINT('Origin',(-4.62132034355966,3.12132034355971,6.));
#2997=CARTESIAN_POINT('',(42.9819691225066,29.9770046637747,6.));
#2998=CARTESIAN_POINT('',(41.0000000745059,27.9999999999999,6.));
#2999=CARTESIAN_POINT('',(24.3374005892886,11.379136558104,6.));
#3000=CARTESIAN_POINT('',(45.0279481926722,29.9770046637747,6.));
#3001=CARTESIAN_POINT('',(20.2033139245563,29.9770046637747,6.));
#3002=CARTESIAN_POINT('',(47.0000000745059,27.9999999999998,6.));
#3003=CARTESIAN_POINT('',(40.3466911813932,34.6700185894643,6.));
#3004=CARTESIAN_POINT('',(48.9819691225066,29.9770046637747,6.));
#3005=CARTESIAN_POINT('',(28.8336387231222,9.87914127532376,6.));
#3006=CARTESIAN_POINT('',(50.,29.9770046637747,6.));
#3007=CARTESIAN_POINT('',(22.6893398282202,29.9770046637747,6.));
#3008=CARTESIAN_POINT('',(51.6507840382471,28.8891354162748,6.));
#3009=CARTESIAN_POINT('',(38.6282789495978,37.4709865143718,6.));
#3010=CARTESIAN_POINT('Origin',(50.,26.3841579594763,6.));
#3011=CARTESIAN_POINT('',(38.,-28.,6.));
#3012=CARTESIAN_POINT('Origin',(38.,-12.9999999999999,6.));
#3013=CARTESIAN_POINT('',(-55.,-28.,6.));
#3014=CARTESIAN_POINT('',(16.6893398282202,-28.,6.));
#3015=CARTESIAN_POINT('',(-58.,-25.,6.));
#3016=CARTESIAN_POINT('Origin',(-55.,-25.,6.));
#3017=CARTESIAN_POINT('',(-58.,-10.,6.));
#3018=CARTESIAN_POINT('',(-58.,-12.4393398282202,6.));
#3019=CARTESIAN_POINT('',(-62.2426406871193,-5.75735931288074,6.));
#3020=CARTESIAN_POINT('',(-50.0569805153395,-17.9430194846605,6.));
#3021=CARTESIAN_POINT('',(-62.2426406871194,13.6819805153394,6.));
#3022=CARTESIAN_POINT('',(-2.95826297500925,34.2426406871194,6.));
#3023=CARTESIAN_POINT('',(-3.7897916592845,34.2426406871194,6.));
#3024=CARTESIAN_POINT('',(0.0417370250626581,31.2426406871194,6.));
#3025=CARTESIAN_POINT('',(5.90630276876907,25.3780749435535,6.));
#3026=CARTESIAN_POINT('',(0.0417370250626581,29.9770046637747,6.));
#3027=CARTESIAN_POINT('',(0.0417370250626359,14.5606601717798,6.));
#3028=CARTESIAN_POINT('',(3.02794819267222,29.9770046637747,6.));
#3029=CARTESIAN_POINT('',(-0.796686075443702,29.9770046637747,6.));
#3030=CARTESIAN_POINT('',(5.00000007450581,27.9999999999999,6.));
#3031=CARTESIAN_POINT('',(8.82035368635692,24.1700516211184,6.));
#3032=CARTESIAN_POINT('',(6.98196912250663,29.9770046637747,6.));
#3033=CARTESIAN_POINT('',(-2.64002821371307,20.3791082547854,6.));
#3034=CARTESIAN_POINT('',(9.02794819267222,29.9770046637747,6.));
#3035=CARTESIAN_POINT('',(2.2033139245563,29.9770046637747,6.));
#3036=CARTESIAN_POINT('',(11.0000000745058,27.9999999999999,6.));
#3037=CARTESIAN_POINT('',(13.3241161856478,25.6700469023107,6.));
#3038=CARTESIAN_POINT('',(12.9819691225066,29.9770046637747,6.));
#3039=CARTESIAN_POINT('',(1.85620992012054,18.8791129720051,6.));
#3040=CARTESIAN_POINT('',(15.0279481926722,29.9770046637747,6.));
#3041=CARTESIAN_POINT('',(5.2033139245563,29.9770046637747,6.));
#3042=CARTESIAN_POINT('',(17.0000000745058,27.9999999999999,6.));
#3043=CARTESIAN_POINT('',(17.8278786849387,27.170042183503,6.));
#3044=CARTESIAN_POINT('',(18.9819691225066,29.9770046637747,6.));
#3045=CARTESIAN_POINT('',(6.35244805395414,17.3791176892249,6.));
#3046=CARTESIAN_POINT('',(21.0279481926722,29.9770046637747,6.));
#3047=CARTESIAN_POINT('',(8.2033139245563,29.9770046637747,6.));
#3048=CARTESIAN_POINT('',(23.0000000745058,27.9999999999999,6.));
#3049=CARTESIAN_POINT('',(22.3316411842296,28.6700374646953,6.));
#3050=CARTESIAN_POINT('',(24.9819691225066,29.9770046637747,6.));
#3051=CARTESIAN_POINT('',(10.8486861877877,15.8791224064447,6.));
#3052=CARTESIAN_POINT('',(27.0279481926722,29.9770046637747,6.));
#3053=CARTESIAN_POINT('',(11.2033139245563,29.9770046637747,6.));
#3054=CARTESIAN_POINT('',(29.0000000745058,27.9999999999999,6.));
#3055=CARTESIAN_POINT('',(26.8354036835205,30.1700327458875,6.));
#3056=CARTESIAN_POINT('',(30.9819691225066,29.9770046637747,6.));
#3057=CARTESIAN_POINT('',(15.3449243216214,14.3791271236645,6.));
#3058=CARTESIAN_POINT('',(33.0279481926722,29.9770046637747,6.));
#3059=CARTESIAN_POINT('',(14.2033139245563,29.9770046637747,6.));
#3060=CARTESIAN_POINT('',(35.0000000745058,27.9999999999999,6.));
#3061=CARTESIAN_POINT('',(31.3391661828113,31.6700280270798,6.));
#3062=CARTESIAN_POINT('',(36.9819691225066,29.9770046637747,6.));
#3063=CARTESIAN_POINT('',(19.841162455455,12.8791318408842,6.));
#3064=CARTESIAN_POINT('',(39.0279481926722,29.9770046637747,6.));
#3065=CARTESIAN_POINT('',(17.2033139245563,29.9770046637747,6.));
#3066=CARTESIAN_POINT('',(35.8429286821022,33.1700233082721,6.));
#3067=CARTESIAN_POINT('',(38.,-26.,6.));
#3068=CARTESIAN_POINT('',(16.6893398282202,-26.,6.));
#3069=CARTESIAN_POINT('',(51.0000000000001,-12.9999999999999,6.));
#3070=CARTESIAN_POINT('Origin',(38.,-12.9999999999999,6.));
#3071=CARTESIAN_POINT('',(51.,14.5606601717798,6.));
#3072=CARTESIAN_POINT('Origin',(38.,-12.9999999999999,-4.));
#3073=CARTESIAN_POINT('',(51.0000000000001,-12.9999999999999,-4.));
#3074=CARTESIAN_POINT('',(38.,-26.,-4.));
#3075=CARTESIAN_POINT('Origin',(38.,-26.,-4.));
#3076=CARTESIAN_POINT('Origin',(5.00000007450581,27.9999999999999,10.));
#3077=CARTESIAN_POINT('',(3.02794819267222,29.9770046637747,13.));
#3078=CARTESIAN_POINT('',(3.02794819267222,29.9770046637747,10.));
#3079=CARTESIAN_POINT('',(5.00000007450581,27.9999999999999,13.));
#3080=CARTESIAN_POINT('',(5.00000007450581,27.9999999999999,13.));
#3081=CARTESIAN_POINT('',(5.00000007450581,27.9999999999999,3.));
#3082=CARTESIAN_POINT('Origin',(3.02794819267222,29.9770046637747,10.));
#3083=CARTESIAN_POINT('',(0.0417370250626625,29.9770046637747,13.));
#3084=CARTESIAN_POINT('',(0.0417370250626581,29.9770046637747,10.));
#3085=CARTESIAN_POINT('',(0.0417370250626581,29.9770046637747,13.));
#3086=CARTESIAN_POINT('Origin',(0.0417370250626511,25.9999999999999,10.));
#3087=CARTESIAN_POINT('',(0.0417370250626625,31.2426406871194,15.));
#3088=CARTESIAN_POINT('',(0.0417370250626581,31.2426406871194,10.));
#3089=CARTESIAN_POINT('',(0.0417370250626448,24.5426406871193,15.));
#3090=CARTESIAN_POINT('',(0.0417370250626581,31.2426406871194,15.));
#3091=CARTESIAN_POINT('',(0.0417370250626492,24.5426406871193,11.5));
#3092=CARTESIAN_POINT('',(0.0417370250626492,24.5426406871193,10.));
#3093=CARTESIAN_POINT('',(0.0417370250626536,25.9999999999999,11.5));
#3094=CARTESIAN_POINT('',(0.0417370250626359,14.3319805153395,11.5));
#3095=CARTESIAN_POINT('',(0.0417370250626536,25.9999999999999,13.));
#3096=CARTESIAN_POINT('',(0.0417370250626511,25.9999999999999,10.));
#3097=CARTESIAN_POINT('',(0.0417370250626581,31.2426406871194,13.));
#3098=CARTESIAN_POINT('Origin',(0.0417370250626581,31.2426406871194,10.));
#3099=CARTESIAN_POINT('',(-2.95826297500925,34.2426406871194,15.));
#3100=CARTESIAN_POINT('',(-2.95826297500925,34.2426406871194,10.));
#3101=CARTESIAN_POINT('',(-2.95826297500925,34.2426406871194,15.));
#3102=CARTESIAN_POINT('Origin',(-2.95826297500925,34.2426406871194,10.));
#3103=CARTESIAN_POINT('',(-52.2426406871195,34.2426406871193,15.));
#3104=CARTESIAN_POINT('Origin',(-62.2426406871194,24.2426406871193,10.));
#3105=CARTESIAN_POINT('',(-62.2426406871193,-5.75735931288074,15.));
#3106=CARTESIAN_POINT('',(-62.2426406871193,-5.75735931288074,10.));
#3107=CARTESIAN_POINT('',(-62.2426406871193,-5.75735931288074,15.));
#3108=CARTESIAN_POINT('Origin',(-62.2426406871193,-5.75735931288074,10.));
#3109=CARTESIAN_POINT('',(-58.0000000000001,-10.,13.));
#3110=CARTESIAN_POINT('',(-58.,-10.,3.));
#3111=CARTESIAN_POINT('',(-58.0000000000001,-10.,15.));
#3112=CARTESIAN_POINT('',(-58.0000000000001,-10.,10.));
#3113=CARTESIAN_POINT('',(-58.0000000000001,-10.,15.));
#3114=CARTESIAN_POINT('Origin',(-58.,-28.,-4.));
#3115=CARTESIAN_POINT('',(-58.,-25.,13.));
#3116=CARTESIAN_POINT('',(-58.,-25.,-4.));
#3117=CARTESIAN_POINT('',(-58.0000000000001,7.99999999999995,13.));
#3118=CARTESIAN_POINT('Origin',(-55.,-25.,-4.));
#3119=CARTESIAN_POINT('',(-55.,-28.,13.));
#3120=CARTESIAN_POINT('',(-55.,-28.,-4.));
#3121=CARTESIAN_POINT('Origin',(-55.,-25.,13.));
#3122=CARTESIAN_POINT('Origin',(38.,-28.,-4.));
#3123=CARTESIAN_POINT('',(38.,-28.,13.));
#3124=CARTESIAN_POINT('',(38.,-28.,-4.));
#3125=CARTESIAN_POINT('',(-58.,-28.,13.));
#3126=CARTESIAN_POINT('Origin',(38.,-12.9999999999999,-4.));
#3127=CARTESIAN_POINT('Origin',(38.,-12.9999999999999,13.));
#3128=CARTESIAN_POINT('Origin',(50.,26.3841579594763,3.));
#3129=CARTESIAN_POINT('',(51.6507840382471,28.8891354162748,13.));
#3130=CARTESIAN_POINT('',(51.6507840382471,28.8891354162748,3.));
#3131=CARTESIAN_POINT('Origin',(50.,26.3841579594763,13.));
#3132=CARTESIAN_POINT('Origin',(53.,27.9999999999998,10.));
#3133=CARTESIAN_POINT('',(50.,29.9770046637747,13.));
#3134=CARTESIAN_POINT('',(50.,29.9770046637747,10.));
#3135=CARTESIAN_POINT('',(50.,29.9770046637747,13.));
#3136=CARTESIAN_POINT('Origin',(50.,29.9770046637747,10.));
#3137=CARTESIAN_POINT('',(48.9819691225066,29.9770046637747,13.));
#3138=CARTESIAN_POINT('',(48.9819691225066,29.9770046637747,10.));
#3139=CARTESIAN_POINT('',(0.0417370250626581,29.9770046637747,13.));
#3140=CARTESIAN_POINT('Origin',(48.9819691225066,29.9770046637747,10.));
#3141=CARTESIAN_POINT('',(47.0000000745058,27.9999999999999,13.));
#3142=CARTESIAN_POINT('',(47.0000000745059,27.9999999999998,3.));
#3143=CARTESIAN_POINT('',(47.0000000745058,27.9999999999999,13.));
#3144=CARTESIAN_POINT('Origin',(47.0000000745058,27.9999999999999,10.));
#3145=CARTESIAN_POINT('',(45.0279481926722,29.9770046637747,13.));
#3146=CARTESIAN_POINT('',(45.0279481926722,29.9770046637747,10.));
#3147=CARTESIAN_POINT('',(47.0000000745058,27.9999999999999,13.));
#3148=CARTESIAN_POINT('Origin',(45.0279481926722,29.9770046637747,10.));
#3149=CARTESIAN_POINT('',(42.9819691225066,29.9770046637747,13.));
#3150=CARTESIAN_POINT('',(42.9819691225066,29.9770046637747,10.));
#3151=CARTESIAN_POINT('',(0.0417370250626581,29.9770046637747,13.));
#3152=CARTESIAN_POINT('Origin',(-58.0000000000001,-10.,10.));
#3153=CARTESIAN_POINT('',(-56.0000000000001,-10.,13.));
#3154=CARTESIAN_POINT('',(-58.0000000000001,-10.,13.));
#3155=CARTESIAN_POINT('',(-56.,-10.,11.5));
#3156=CARTESIAN_POINT('',(-56.0000000000001,-10.,10.));
#3157=CARTESIAN_POINT('',(-52.1,-10.,11.5));
#3158=CARTESIAN_POINT('',(-31.8106601717798,-9.99999999999994,11.5));
#3159=CARTESIAN_POINT('',(-52.1,-10.,15.));
#3160=CARTESIAN_POINT('',(-52.1,-10.,10.));
#3161=CARTESIAN_POINT('',(-58.0000000000001,-10.,15.));
#3162=CARTESIAN_POINT('Origin',(-52.1,-7.90000000000001,10.));
#3163=CARTESIAN_POINT('',(-50.,-7.90000000000001,11.5));
#3164=CARTESIAN_POINT('Origin',(-52.1,-7.90000000000001,11.5));
#3165=CARTESIAN_POINT('',(-50.,-7.90000000000001,15.));
#3166=CARTESIAN_POINT('',(-50.,-7.90000000000001,10.));
#3167=CARTESIAN_POINT('Origin',(-52.1,-7.90000000000001,15.));
#3168=CARTESIAN_POINT('Origin',(-2.25826297493736,24.5426406871193,10.));
#3169=CARTESIAN_POINT('Origin',(-2.25826297493736,24.5426406871193,11.5));
#3170=CARTESIAN_POINT('',(-2.25826297493736,22.2426406871193,15.));
#3171=CARTESIAN_POINT('Origin',(-2.25826297493736,24.5426406871193,15.));
#3172=CARTESIAN_POINT('',(-2.25826297493736,22.2426406871193,10.));
#3173=CARTESIAN_POINT('Origin',(-42.4643398282201,22.2426406871194,10.));
#3174=CARTESIAN_POINT('',(-42.4643398282201,22.2426406871194,15.));
#3175=CARTESIAN_POINT('',(-2.25826297493736,22.2426406871193,15.));
#3176=CARTESIAN_POINT('',(-42.4643398282201,22.2426406871194,10.));
#3177=CARTESIAN_POINT('Origin',(-50.,14.7069805153396,10.));
#3178=CARTESIAN_POINT('',(-50.,14.7069805153396,15.));
#3179=CARTESIAN_POINT('',(-42.4643398282201,22.2426406871194,15.));
#3180=CARTESIAN_POINT('',(-50.,14.7069805153396,10.));
#3181=CARTESIAN_POINT('Origin',(-31.1004518310284,12.1213203435597,15.));
#3182=CARTESIAN_POINT('',(-50.,-24.,15.));
#3183=CARTESIAN_POINT('Origin',(-5.62132034355967,4.12132034355971,11.5));
#3184=CARTESIAN_POINT('',(49.0000000000001,-15.6066017177982,11.5));
#3185=CARTESIAN_POINT('',(49.,23.9999999999998,11.5));
#3186=CARTESIAN_POINT('',(49.0000000000001,-15.6066017177982,11.5));
#3187=CARTESIAN_POINT('',(-15.,-15.,11.5));
#3188=CARTESIAN_POINT('',(-15.,-15.,11.5));
#3189=CARTESIAN_POINT('',(-30.,-15.,11.5));
#3190=CARTESIAN_POINT('',(-30.,-15.,11.5));
#3191=CARTESIAN_POINT('',(-39.9176284046407,-24.,11.5));
#3192=CARTESIAN_POINT('',(-39.9176284046407,-24.,11.5));
#3193=CARTESIAN_POINT('',(-50.,-24.,11.5));
#3194=CARTESIAN_POINT('',(-39.9176284046407,-24.,11.5));
#3195=CARTESIAN_POINT('',(-50.,-24.,11.5));
#3196=CARTESIAN_POINT('',(-56.,-26.,11.5));
#3197=CARTESIAN_POINT('',(-56.,-10.9393398282202,11.5));
#3198=CARTESIAN_POINT('',(38.,-26.,11.5));
#3199=CARTESIAN_POINT('',(16.1893398282202,-26.,11.5));
#3200=CARTESIAN_POINT('',(51.0000000000001,-12.9999999999999,11.5));
#3201=CARTESIAN_POINT('Origin',(38.,-12.9999999999999,11.5));
#3202=CARTESIAN_POINT('',(51.,25.9999999999998,11.5));
#3203=CARTESIAN_POINT('',(51.,15.0606601717798,11.5));
#3204=CARTESIAN_POINT('',(-21.8106601717799,25.9999999999999,11.5));
#3205=CARTESIAN_POINT('Origin',(-50.,-24.,10.));
#3206=CARTESIAN_POINT('',(-50.,-24.,10.));
#3207=CARTESIAN_POINT('Origin',(-39.9176284046407,-24.,10.));
#3208=CARTESIAN_POINT('',(-39.9176284046407,-24.,10.));
#3209=CARTESIAN_POINT('Origin',(-30.,-15.,10.));
#3210=CARTESIAN_POINT('',(-30.,-15.,10.));
#3211=CARTESIAN_POINT('Origin',(-15.,-15.,10.));
#3212=CARTESIAN_POINT('',(-15.,-15.,10.));
#3213=CARTESIAN_POINT('Origin',(-5.52878620363859,-23.6066017177982,10.));
#3214=CARTESIAN_POINT('Origin',(49.0000000000001,-15.6066017177982,10.));
#3215=CARTESIAN_POINT('',(49.0000000000001,-15.6066017177982,10.));
#3216=CARTESIAN_POINT('Origin',(49.,23.9999999999998,10.));
#3217=CARTESIAN_POINT('Origin',(-38.0000000000001,26.,-4.));
#3218=CARTESIAN_POINT('',(51.,25.9999999999998,13.));
#3219=CARTESIAN_POINT('',(51.,25.9999999999998,-4.));
#3220=CARTESIAN_POINT('',(-38.0000000000001,26.,13.));
#3221=CARTESIAN_POINT('Origin',(51.,25.9999999999998,-4.));
#3222=CARTESIAN_POINT('',(51.0000000000001,-12.9999999999999,13.));
#3223=CARTESIAN_POINT('',(51.0000000000001,-12.9999999999999,-4.));
#3224=CARTESIAN_POINT('',(51.,25.9999999999998,13.));
#3225=CARTESIAN_POINT('Origin',(38.,-12.9999999999999,-4.));
#3226=CARTESIAN_POINT('',(38.,-26.,13.));
#3227=CARTESIAN_POINT('',(38.,-26.,-4.));
#3228=CARTESIAN_POINT('Origin',(38.,-12.9999999999999,13.));
#3229=CARTESIAN_POINT('Origin',(38.,-26.,-4.));
#3230=CARTESIAN_POINT('',(-56.,-26.,13.));
#3231=CARTESIAN_POINT('',(-56.,-26.,-4.));
#3232=CARTESIAN_POINT('',(38.,-26.,13.));
#3233=CARTESIAN_POINT('Origin',(-56.,-26.,-4.));
#3234=CARTESIAN_POINT('',(-56.,-26.,13.));
#3235=CARTESIAN_POINT('Origin',(-2.49999999999997,0.988502331887364,13.));
#3236=CARTESIAN_POINT('',(41.0000000745058,27.9999999999999,13.));
#3237=CARTESIAN_POINT('',(41.0000000745058,27.9999999999999,13.));
#3238=CARTESIAN_POINT('',(39.0279481926722,29.9770046637747,13.));
#3239=CARTESIAN_POINT('',(41.0000000745058,27.9999999999999,13.));
#3240=CARTESIAN_POINT('',(36.9819691225066,29.9770046637747,13.));
#3241=CARTESIAN_POINT('',(0.0417370250626581,29.9770046637747,13.));
#3242=CARTESIAN_POINT('',(35.0000000745058,27.9999999999999,13.));
#3243=CARTESIAN_POINT('',(35.0000000745058,27.9999999999999,13.));
#3244=CARTESIAN_POINT('',(33.0279481926722,29.9770046637747,13.));
#3245=CARTESIAN_POINT('',(35.0000000745058,27.9999999999999,13.));
#3246=CARTESIAN_POINT('',(30.9819691225066,29.9770046637747,13.));
#3247=CARTESIAN_POINT('',(0.0417370250626581,29.9770046637747,13.));
#3248=CARTESIAN_POINT('',(29.0000000745058,27.9999999999999,13.));
#3249=CARTESIAN_POINT('',(29.0000000745058,27.9999999999999,13.));
#3250=CARTESIAN_POINT('',(27.0279481926722,29.9770046637747,13.));
#3251=CARTESIAN_POINT('',(29.0000000745058,27.9999999999999,13.));
#3252=CARTESIAN_POINT('',(24.9819691225066,29.9770046637747,13.));
#3253=CARTESIAN_POINT('',(0.0417370250626581,29.9770046637747,13.));
#3254=CARTESIAN_POINT('',(23.0000000745058,27.9999999999999,13.));
#3255=CARTESIAN_POINT('',(23.0000000745058,27.9999999999999,13.));
#3256=CARTESIAN_POINT('',(21.0279481926722,29.9770046637747,13.));
#3257=CARTESIAN_POINT('',(23.0000000745058,27.9999999999999,13.));
#3258=CARTESIAN_POINT('',(18.9819691225066,29.9770046637747,13.));
#3259=CARTESIAN_POINT('',(0.0417370250626581,29.9770046637747,13.));
#3260=CARTESIAN_POINT('',(17.0000000745058,27.9999999999999,13.));
#3261=CARTESIAN_POINT('',(17.0000000745058,27.9999999999999,13.));
#3262=CARTESIAN_POINT('',(15.0279481926722,29.9770046637747,13.));
#3263=CARTESIAN_POINT('',(17.0000000745058,27.9999999999999,13.));
#3264=CARTESIAN_POINT('',(12.9819691225066,29.9770046637747,13.));
#3265=CARTESIAN_POINT('',(0.0417370250626581,29.9770046637747,13.));
#3266=CARTESIAN_POINT('',(11.0000000745058,27.9999999999999,13.));
#3267=CARTESIAN_POINT('',(11.0000000745058,27.9999999999999,13.));
#3268=CARTESIAN_POINT('',(9.02794819267222,29.9770046637747,13.));
#3269=CARTESIAN_POINT('',(11.0000000745058,27.9999999999999,13.));
#3270=CARTESIAN_POINT('',(6.98196912250663,29.9770046637747,13.));
#3271=CARTESIAN_POINT('',(0.0417370250626581,29.9770046637747,13.));
#3272=CARTESIAN_POINT('',(5.00000007450581,27.9999999999999,13.));
#3273=CARTESIAN_POINT('Origin',(42.9819691225066,29.9770046637747,10.));
#3274=CARTESIAN_POINT('',(41.0000000745059,27.9999999999999,3.));
#3275=CARTESIAN_POINT('Origin',(6.98196912250663,29.9770046637747,10.));
#3276=CARTESIAN_POINT('',(6.98196912250663,29.9770046637747,10.));
#3277=CARTESIAN_POINT('Origin',(9.02794819267222,29.9770046637747,10.));
#3278=CARTESIAN_POINT('',(9.02794819267222,29.9770046637747,10.));
#3279=CARTESIAN_POINT('Origin',(11.0000000745058,27.9999999999999,10.));
#3280=CARTESIAN_POINT('',(11.0000000745058,27.9999999999999,3.));
#3281=CARTESIAN_POINT('Origin',(12.9819691225066,29.9770046637747,10.));
#3282=CARTESIAN_POINT('',(12.9819691225066,29.9770046637747,10.));
#3283=CARTESIAN_POINT('Origin',(15.0279481926722,29.9770046637747,10.));
#3284=CARTESIAN_POINT('',(15.0279481926722,29.9770046637747,10.));
#3285=CARTESIAN_POINT('Origin',(17.0000000745058,27.9999999999999,10.));
#3286=CARTESIAN_POINT('',(17.0000000745058,27.9999999999999,3.));
#3287=CARTESIAN_POINT('Origin',(18.9819691225066,29.9770046637747,10.));
#3288=CARTESIAN_POINT('',(18.9819691225066,29.9770046637747,10.));
#3289=CARTESIAN_POINT('Origin',(21.0279481926722,29.9770046637747,10.));
#3290=CARTESIAN_POINT('',(21.0279481926722,29.9770046637747,10.));
#3291=CARTESIAN_POINT('Origin',(23.0000000745058,27.9999999999999,10.));
#3292=CARTESIAN_POINT('',(23.0000000745058,27.9999999999999,3.));
#3293=CARTESIAN_POINT('Origin',(24.9819691225066,29.9770046637747,10.));
#3294=CARTESIAN_POINT('',(24.9819691225066,29.9770046637747,10.));
#3295=CARTESIAN_POINT('Origin',(27.0279481926722,29.9770046637747,10.));
#3296=CARTESIAN_POINT('',(27.0279481926722,29.9770046637747,10.));
#3297=CARTESIAN_POINT('Origin',(29.0000000745058,27.9999999999999,10.));
#3298=CARTESIAN_POINT('',(29.0000000745058,27.9999999999999,3.));
#3299=CARTESIAN_POINT('Origin',(30.9819691225066,29.9770046637747,10.));
#3300=CARTESIAN_POINT('',(30.9819691225066,29.9770046637747,10.));
#3301=CARTESIAN_POINT('Origin',(33.0279481926722,29.9770046637747,10.));
#3302=CARTESIAN_POINT('',(33.0279481926722,29.9770046637747,10.));
#3303=CARTESIAN_POINT('Origin',(35.0000000745058,27.9999999999999,10.));
#3304=CARTESIAN_POINT('',(35.0000000745058,27.9999999999999,3.));
#3305=CARTESIAN_POINT('Origin',(36.9819691225066,29.9770046637747,10.));
#3306=CARTESIAN_POINT('',(36.9819691225066,29.9770046637747,10.));
#3307=CARTESIAN_POINT('Origin',(39.0279481926722,29.9770046637747,10.));
#3308=CARTESIAN_POINT('',(39.0279481926722,29.9770046637747,10.));
#3309=CARTESIAN_POINT('Origin',(41.0000000745058,27.9999999999999,10.));
#3310=CARTESIAN_POINT('Origin',(51.,25.9999999999998,-4.));
#3311=UNCERTAINTY_MEASURE_WITH_UNIT(LENGTH_MEASURE(0.01),#3315,
'DISTANCE_ACCURACY_VALUE',
'Maximum model space distance between geometric entities at asserted c
onnectivities');
#3312=UNCERTAINTY_MEASURE_WITH_UNIT(LENGTH_MEASURE(0.01),#3315,
'DISTANCE_ACCURACY_VALUE',
'Maximum model space distance between geometric entities at asserted c
onnectivities');
#3313=(
GEOMETRIC_REPRESENTATION_CONTEXT(3)
GLOBAL_UNCERTAINTY_ASSIGNED_CONTEXT((#3311))
GLOBAL_UNIT_ASSIGNED_CONTEXT((#3315,#3317,#3318))
REPRESENTATION_CONTEXT('','3D')
);
#3314=(
GEOMETRIC_REPRESENTATION_CONTEXT(3)
GLOBAL_UNCERTAINTY_ASSIGNED_CONTEXT((#3312))
GLOBAL_UNIT_ASSIGNED_CONTEXT((#3315,#3317,#3318))
REPRESENTATION_CONTEXT('','3D')
);
#3315=(
LENGTH_UNIT()
NAMED_UNIT(*)
SI_UNIT(.MILLI.,.METRE.)
);
#3316=(
LENGTH_UNIT()
NAMED_UNIT(*)
SI_UNIT($,.METRE.)
);
#3317=(
NAMED_UNIT(*)
PLANE_ANGLE_UNIT()
SI_UNIT($,.RADIAN.)
);
#3318=(
NAMED_UNIT(*)
SI_UNIT($,.STERADIAN.)
SOLID_ANGLE_UNIT()
);
#3319=SHAPE_DEFINITION_REPRESENTATION(#3320,#3321);
#3320=PRODUCT_DEFINITION_SHAPE('',$,#3323);
#3321=SHAPE_REPRESENTATION('',(#2060),#3313);
#3322=PRODUCT_DEFINITION_CONTEXT('part definition',#3327,'design');
#3323=PRODUCT_DEFINITION('top','top',#3324,#3322);
#3324=PRODUCT_DEFINITION_FORMATION('',$,#3329);
#3325=PRODUCT_RELATED_PRODUCT_CATEGORY('top','top',(#3329));
#3326=APPLICATION_PROTOCOL_DEFINITION('international standard',
'automotive_design',2009,#3327);
#3327=APPLICATION_CONTEXT(
'Core Data for Automotive Mechanical Design Process');
#3328=PRODUCT_CONTEXT('part definition',#3327,'mechanical');
#3329=PRODUCT('top','top',$,(#3328));
#3330=PRESENTATION_STYLE_ASSIGNMENT((#3331));
#3331=SURFACE_STYLE_USAGE(.BOTH.,#3332);
#3332=SURFACE_SIDE_STYLE('',(#3333));
#3333=SURFACE_STYLE_FILL_AREA(#3334);
#3334=FILL_AREA_STYLE('Steel - Satin',(#3335));
#3335=FILL_AREA_STYLE_COLOUR('Steel - Satin',#3336);
#3336=COLOUR_RGB('Steel - Satin',0.627450980392157,0.627450980392157,0.627450980392157);
ENDSEC;
END-ISO-10303-21;
